sent-id,topic,phrase,phrase_number,genre,timestamp,user,phrase_tokenized,num_statements,statement_spans,has_multiple_statements,statement_class
12195,edgar-allan-poe,Edgar Allan Poe war ein Schrift-steller.,0_short,Personen,2022-01-19T07:15:51Z,e800bebc9060331edfac65e663a55570,0:=Edgar 1:=Allan 2:=Poe 3:=war 4:=ein 5:=Schrift-steller.,1,,0,0
2046,anschlag-auf-den-bus-von-borussia-dortmund,Jemand hat auf er Straße Spreng-stoff versteckt.,1_short,Aus_den_Nachrichten|Hurraki:Überarbeiten|Geschichte|Seiten_mit_defekten_Dateilinks,2017-04-15T05:42:54Z,48f66906899cc4a9477b6c9e32ff4424,0:=Jemand 1:=hat 2:=auf 3:=er 4:=Straße 5:=Spreng-stoff 6:=versteckt.,1,,0,0
12370,eierlegende-wollmilchsau,In diesem Bild kommt vor: • ein Schaf das Wolle gibt,3_long,Redewendungen,2013-10-21T08:18:22Z,eaab3232dd7a824a6a774fd2f2814e47,0:=In 1:=diesem 2:=Bild 3:=kommt 4:=vor: 5:=• 6:=ein 7:=Schaf 8:=das 9:=Wolle 10:=gibt,3,"[[0, 2, 3, 4], [7], [8, 9, 10]]",1,2
27077,krankenkasse,Die Kranken-kasse zahlt zum Beispiel für: • den Arzt,8_long,Gesundheit|Recht_und_Gesetz|Seiten_mit_defekten_Dateilinks,2020-08-04T13:39:48Z,cfbe77d115cd524def4ccbe596a54842,0:=Die 1:=Kranken-kasse 2:=zahlt 3:=zum 4:=Beispiel 5:=für: 6:=• 7:=den 8:=Arzt,1,,0,0
10035,deep-web,Die Themen auf Seiten im Darknet sind oft nicht erlaubt.,6_short,Internet|Seiten_mit_defekten_Dateilinks,2016-07-31T15:22:03Z,76bf1508c054395f67a605468d76c22f,0:=Die 1:=Themen 2:=auf 3:=Seiten 4:=im 5:=Darknet 6:=sind 7:=oft 8:=nicht 9:=erlaubt.,2,"[[1, 6, 7, 8, 9], [2, 3, 4, 5]]",1,1
42425,social-media,Zum Beispiel gemeinsam auf einer Internet-seite schreiben.,5_short,Internet|Seiten_mit_defekten_Dateilinks,2017-04-06T06:33:10Z,48f66906899cc4a9477b6c9e32ff4424,0:=Zum 1:=Beispiel 2:=gemeinsam 3:=auf 4:=einer 5:=Internet-seite 6:=schreiben.,1,,0,0
42036,singles-day,Sie feiern Partys oder Karaoke.,2_short,Gedenktage_und_Aktionstage|Seiten_mit_defekten_Dateilinks,2017-11-19T11:29:31Z,48f66906899cc4a9477b6c9e32ff4424,0:=Sie 1:=feiern 2:=Partys 3:=oder 4:=Karaoke.,2,"[[2], [4]]",1,1
42319,smartphone,Es ist ein Telefon zum Mitnehmen.,3_long,Computer|Internet,2012-08-24T08:57:32Z,72fb5f8156adf1b638fc9bd1fa6cdbcf,0:=Es 1:=ist 2:=ein 3:=Telefon 4:=zum 5:=Mitnehmen.,2,"[[0, 1], [4, 5]]",1,1
42253,slackline,Beim Slackline darf man nicht herunterfallen.,0_long,Sport,2012-10-07T13:48:29Z,d4171b2c36772be4cad75ef4078874bd,0:=Beim 1:=Slackline 2:=darf 3:=man 4:=nicht 5:=herunterfallen.,1,,0,0
1940,anonymous-gruppe,Sie möchten politisch etwas verändern.,2_long,Internet|Computer,2015-02-25T20:52:12Z,58d6d1d5aca5e9e6ed470dcf6dafeb4e,0:=Sie 1:=möchten 2:=politisch 3:=etwas 4:=verändern.,2,"[[0, 1, 3, 4], [2]]",1,1
1089,alexander-mitscherlich,"Er stirbt am 26. Juni 1982. In Frankfurt am Main, Deutschland.",2_long,Ohne_Kategorie|Seiten_mit_defekten_Dateilinks,2022-02-28T12:34:31Z,e800bebc9060331edfac65e663a55570,"0:=Er 1:=stirbt 2:=am 3:=26. 4:=Juni 5:=1982. 6:=\newline 7:=In 8:=Frankfurt 9:=am 10:=Main, 11:=Deutschland.",3,"[[2, 3, 4, 5], [7, 8, 9, 10], [7, 11]]",1,2
12465,einfache-sprache,"Das heißt, die Sätze können länger als bei Leichter Sprache sein.",7_long,Sprache|Hurraki|Leichte_Sprache,2015-01-01T19:58:21Z,be9da3e660311583f64df8d974bcb2fe,"0:=Das 1:=heißt, 2:= 3:=\newline 4:=die 5:=Sätze 6:=können 7:=länger 8:=als 9:=bei 10:=Leichter 11:=Sprache 12:=sein.",1,,0,0
1866,angriff-in-las-vegas,Er hat auf andere Menschen geschossen.,2_short,Geschichte|Aus_den_Nachrichten|Hurraki:Überarbeiten|Seiten_mit_defekten_Dateilinks,2017-10-11T05:48:19Z,48f66906899cc4a9477b6c9e32ff4424,0:=Er 1:=hat 2:=auf 3:=andere 4:=Menschen 5:=geschossen.,1,,0,0
12331,ehrenburger,Oder ein Ehren-bürger kann kostenlos Tram fahren.,3_long,Ohne_Kategorie|Seiten_mit_defekten_Dateilinks,2016-10-24T06:14:31Z,48f66906899cc4a9477b6c9e32ff4424,0:=Oder 1:=ein 2:=Ehren-bürger 3:=kann 4:=kostenlos 5:=Tram 6:=fahren.,1,,0,0
42145,sitzvolleyball,Beim Sitz-volley-ball gibt es mehrere Spiele.,18_long,Sport|Paralympics,2012-01-30T18:24:13Z,d4171b2c36772be4cad75ef4078874bd,0:=Beim 1:=Sitz-volley-ball 2:=gibt 3:=es 4:=mehrere 5:=Spiele.,1,,0,0
9719,dabbawala,Und sie haben Zahlen.,7_long,Seiten_mit_defekten_Dateilinks|Essen_und_Trinken|Beruf,2019-03-23T09:47:38Z,48f66906899cc4a9477b6c9e32ff4424,0:=Und 1:=sie 2:=haben 3:=Zahlen.,1,,0,0
9936,daumenkino,Ein Daumenkino ist ein kleines Buch mit Bildern.,0_short,Film_und_Kino|Technik,2014-03-01T15:38:30Z,eaab3232dd7a824a6a774fd2f2814e47,0:=Ein 1:=Daumenkino 2:=ist 3:=ein 4:=kleines 5:=Buch 6:=mit 7:=Bildern.,3,"[[1, 2, 5], [4], [6, 7]]",1,2
42250,skype,"Mit Skype kann man telefonieren, chatten und Videotelefonie machen.",1_long,Computer,2008-04-18T19:54:06Z,e3afed0047b08059d0fada10f400c1e5,"0:=Mit 1:=Skype 2:=kann 3:=man 4:=telefonieren, 5:=chatten 6:=und 7:=Videotelefonie 8:=machen.",3,"[[4], [5], [7]]",1,2
27161,krass,Krass ist ein ein anderes Wort für besonders.,0_short,Ohne_Kategorie,2011-12-02T12:05:23Z,a9f29492ed8786de5125371472bcc003,0:=Krass 1:=ist 2:=ein 3:=ein 4:=anderes 5:=Wort 6:=für 7:=besonders.,1,,0,0
27229,krieg,Es gibt mehrere Gründe für ein Kriegsende: • Man hat zu wenig Soldaten,18_long,Ohne_Kategorie|Seiten_mit_defekten_Dateilinks,2015-10-10T20:54:29Z,687c465aa14a2b3047e6e0c21fbc9670,0:=Es 1:=gibt 2:=mehrere 3:=Gründe 4:=für 5:=ein 6:=Kriegsende: 7:=• 8:=Man 9:=hat 10:=zu 11:=wenig 12:=Soldaten,2,"[[0, 1, 2, 3, 4, 6], [8, 9, 10, 11, 12]]",1,1
1005,alcopop,Alcopop ist ein süßes Getränk.,0_short,Ohne_Kategorie,2008-03-03T13:27:50Z,1165823e29d5567f66ef3bbbcbfabcad,0:=Alcopop 1:=ist 2:=ein 3:=süßes 4:=Getränk.,2,"[[0, 1, 4], [3]]",1,1
9667,currywurst,Dazu gibt es eine Soße mit Tomaten und Curry-Pulver.,4_long,Essen_und_Trinken,2019-05-23T21:15:19Z,cb1e31ab104c40efee60452f9427ce6d,0:=Dazu 1:=gibt 2:=es 3:=eine 4:=Soße 5:=mit 6:=Tomaten 7:=und 8:=Curry-Pulver.,3,"[[0, 1, 2, 4], [5, 6], [5, 8]]",1,2
1093,alexander-mitscherlich,Alexander Mitscherlich war ein: • Schriftsteller,3_short,Ohne_Kategorie|Seiten_mit_defekten_Dateilinks,2022-02-28T12:34:31Z,e800bebc9060331edfac65e663a55570,0:=Alexander 1:=Mitscherlich 2:=war 3:=ein: 4:=• 5:=Schriftsteller,1,,0,0
2010,anschlag-am-12-januar-2016-in-istanbul,Nach dem Anschlag hat es eine Nachrichten-sperre gegeben.,8_long,Ohne_Kategorie|Aus_den_Nachrichten|Geschichte|Seiten_mit_defekten_Dateilinks,2016-01-12T19:45:16Z,af28a20dfb151690981ee13d72ce655c,0:=Nach 1:=dem 2:=Anschlag 3:=hat 4:=es 5:=eine 6:=Nachrichten-sperre 7:=gegeben.,2,"[[0, 2], [3, 4, 6, 7]]",1,1
9861,datenschutz-grundverordnung,"Das heißt, alle Länder in der Europäischen Union müssen sich daran halten.",1_long,Recht_und_Gesetz,2018-06-04T15:22:46Z,48f66906899cc4a9477b6c9e32ff4424,"0:=Das 1:=heißt, 2:=\newline 3:=alle 4:=Länder 5:=in 6:=der 7:=Europäischen 8:=Union 9:=müssen 10:=sich 11:=daran 12:=halten.",2,"[[3, 4, 9, 10, 11, 12], [5, 7, 8]]",1,1
27178,krawatte,Eine Krawatte wird um den Hals gebunden.,1_short,Kleider,2015-04-06T18:57:54Z,4189117576b2876ec34dc7db77b24cb6,0:=Eine 1:=Krawatte 2:=wird 3:=um 4:=den 5:=Hals 6:=gebunden.,2,"[[3, 5], [6]]",1,1
1213,aller-anfang-ist-schwer,Es liegt 120 Kilometer östlich von Rom.,4_long,Ohne_Kategorie|Seiten_mit_defekten_Dateilinks,2021-12-30T16:41:24Z,e800bebc9060331edfac65e663a55570,0:=Es 1:=liegt 2:=120 3:=Kilometer 4:=östlich 5:=von 6:=Rom.,1,,0,0
1230,allerheiligen,"Auch für die Heiligen, die die Menschen noch nicht kennen.",14_long,Religion|Seiten_mit_defekten_Dateilinks,2015-11-01T12:22:09Z,7b5adf57ed2178795004f4c052333f37,"0:=Auch 1:=für 2:=die 3:=Heiligen, 4:=\newline 5:=die 6:=die 7:=Menschen 8:=noch 9:=nicht 10:=kennen.",1,,0,0
10115,demenz,• In der Schweiz haben 128 Tausend Menschen Demenz.,28_long,Gesundheit|Seiten_mit_defekten_Dateilinks,2012-10-27T17:19:13Z,a6e7bfd89d5771b450c4ab0f5c2996e5,0:= 1:=• 2:=In 3:=der 4:=Schweiz 5:=haben 6:=128 7:=Tausend 8:=Menschen 9:=Demenz.,1,,0,0
1474,altstadt,Alt-städte sind wichtig.,10_long,Stadt,2019-05-13T09:38:11Z,48f66906899cc4a9477b6c9e32ff4424,0:=Alt-städte 1:=sind 2:=wichtig.,1,,0,0
1803,angela-merkel,Im Jahr 1990 ist Angela Merkel Mitglied im Deutschen Bundestag geworden.,2_long,Personen|Politik|Hurraki:Überarbeiten,2008-02-02T10:48:33Z,e3afed0047b08059d0fada10f400c1e5,0:=Im 1:=Jahr 2:=1990 3:=ist 4:=Angela 5:=Merkel 6:=Mitglied 7:=im 8:=Deutschen 9:=Bundestag 10:=geworden.,3,"[[0, 1, 2, 3, 6, 10], [3, 4, 5, 6, 10], [6, 7, 8, 9]]",1,2
27121,krankenversicherung,Du musst für die Behandlung nichts zahlen.,2_long,Arbeit,2021-10-26T07:49:24Z,4e761a928113c1f23dda0939b1022778,0:=Du 1:=musst 2:=für 3:=die 4:=Behandlung 5:=nichts 6:=zahlen.,1,,0,0
1693,anakonda,Ihr Zuhause ist der Regenwald.,1_long,Tiere|Reptilien,2021-03-30T09:18:50Z,5fa944995d8c21065f2309550624baf9,0:=Ihr 1:=Zuhause 2:=ist 3:=der 4:=Regenwald.,1,,0,0
41994,sim-karte,Die Karten sind unterschiedlich groß.,1_long,Ohne_Kategorie,2012-11-20T07:21:45Z,28d34f2e053dee2c0e9399a7924cd978,0:=Die 1:=Karten 2:=sind 3:=unterschiedlich 4:=groß.,1,,0,0
9851,dashcam,Eine Dashcam ist digital.,3_long,Verkehr|Technik,2013-10-19T09:34:11Z,eaab3232dd7a824a6a774fd2f2814e47,0:=Eine 1:=Dashcam 2:=ist 3:=digital.,1,,0,0
27347,kultur,Kultur ist alles von Menschen gemachte.,4_short,Ohne_Kategorie|Seiten_mit_defekten_Dateilinks,2016-03-14T11:57:06Z,48f66906899cc4a9477b6c9e32ff4424,0:=Kultur 1:=ist 2:=alles 3:=von 4:=Menschen 5:=gemachte.,1,,0,0
26902,koprolalie,Die Wörter sind zum Thema: • Kot,2_short,Gesundheit,2014-04-25T20:23:18Z,af28a20dfb151690981ee13d72ce655c,0:=Die 1:=Wörter 2:=sind 3:=zum 4:=Thema: 5:=• 6:=Kot,1,,0,0
42150,sitzvolleyball,"Die Mannschaft, die zuerst 3 Gewinnsätze gewonnen hat ist Sieger.",23_long,Sport|Paralympics,2012-01-30T18:24:13Z,d4171b2c36772be4cad75ef4078874bd,"0:=Die 1:=Mannschaft, 2:=die 3:=zuerst 4:=3 5:=Gewinnsätze 6:=gewonnen 7:=hat 8:=ist 9:=Sieger.",2,"[[8, 9], [2, 3, 4, 5, 6, 7]]",1,1
1756,anarchismus,"Aber nur, wenn alle Menschen in einer Gruppe das wollen.",3_long,Politik|Seiten_mit_defekten_Dateilinks,2016-04-25T17:26:24Z,48f66906899cc4a9477b6c9e32ff4424,"0:=Aber 1:=nur, 2:=\newline 3:=wenn 4:=alle 5:=Menschen 6:=in 7:=einer 8:=Gruppe 9:=das 10:=wollen.",3,"[[0, 1], [3, 4, 5, 9, 10], [6, 8]]",1,2
2037,anschlag-auf-den-bus-von-borussia-dortmund,Die Polizei hat 3 Bekenner-schreiben gefunden.,9_long,Aus_den_Nachrichten|Hurraki:Überarbeiten|Geschichte|Seiten_mit_defekten_Dateilinks,2017-04-15T05:42:54Z,48f66906899cc4a9477b6c9e32ff4424,0:=Die 1:=Polizei 2:=hat 3:=3 4:=Bekenner-schreiben 5:=gefunden.,1,,0,0
1768,anarchismus,Die Menschen in der Gemeinschaft kümmern sich umeinander.,15_long,Politik|Seiten_mit_defekten_Dateilinks,2016-04-25T17:26:24Z,48f66906899cc4a9477b6c9e32ff4424,0:=Die 1:=Menschen 2:=in 3:=der 4:=Gemeinschaft 5:=kümmern 6:=sich 7:=umeinander.,2,"[[2, 4], [5, 6, 7]]",1,1
27013,korsett,Ein Korsett soll den Körper anders aussehen lassen.,0_long,Gesundheit,2012-04-28T11:43:57Z,eaab3232dd7a824a6a774fd2f2814e47,0:=Ein 1:=Korsett 2:=soll 3:=den 4:=Körper 5:=anders 6:=aussehen 7:=lassen.,1,,0,0
27114,krankenversicherungskarte,Die Kranken-versicherungs-karte ist eine Chip Karte.,0_short,Ohne_Kategorie,2014-06-26T07:56:07Z,cfbe77d115cd524def4ccbe596a54842,0:=Die 1:=Kranken-versicherungs-karte 2:=ist 3:=eine 4:=Chip 5:=Karte.,1,,0,0
1480,altstadt,Oder der Teil wo sehr alte Kirchen stehen.,3_short,Stadt,2019-05-13T09:38:11Z,48f66906899cc4a9477b6c9e32ff4424,0:=Oder 1:=der 2:=Teil 3:=wo 4:=sehr 5:=alte 6:=Kirchen 7:=stehen.,1,,0,0
12192,edgar-allan-poe,Poe hat auch großen Einfluss auf Charles Baudelaire.,7_long,Personen,2022-01-19T07:15:51Z,e800bebc9060331edfac65e663a55570,0:=Poe 1:=hat 2:=auch 3:=großen 4:=Einfluss 5:=auf 6:=Charles 7:=Baudelaire.,1,,0,0
1846,angriff-in-las-vegas,Und er hat über 500 Menschen verletzt.,12_long,Geschichte|Aus_den_Nachrichten|Hurraki:Überarbeiten|Seiten_mit_defekten_Dateilinks,2017-10-11T05:48:19Z,48f66906899cc4a9477b6c9e32ff4424,0:=Und 1:=er 2:=hat 3:=über 4:=500 5:=Menschen 6:=verletzt.,1,,0,0
12143,echelon,Echelon ist der Name von einem Spionagenetz.,0_short,Ohne_Kategorie,2013-06-28T07:05:37Z,6275ee07d0785a2da491fbb224064f23,0:=Echelon 1:=ist 2:=der 3:=Name 4:=von 5:=einem 6:=Spionagenetz.,1,,0,0
12073,ecall,eCall ist eine Abkürzung für emergency call.,0_long,Ohne_Kategorie,2014-12-31T12:07:06Z,28d34f2e053dee2c0e9399a7924cd978,0:=eCall 1:=ist 2:=eine 3:=Abkürzung 4:=für 5:=emergency 6:=call.,2,"[[3], [4, 5, 6]]",1,1
12534,einpersonenpackung,Ein-personen-packungen gibt es für Soldaten.,0_long,Übung|Essen_und_Trinken|Seiten_mit_defekten_Dateilinks,2023-06-18T07:20:09Z,48f66906899cc4a9477b6c9e32ff4424,0:=Ein-personen-packungen 1:=gibt 2:=es 3:=für 4:=Soldaten.,1,,0,0
42003,simpel,Beispiel: Die Hausaufgaben sind simpel.,0_long,Schimpfwort,2012-01-09T22:00:23Z,eaab3232dd7a824a6a774fd2f2814e47,0:=Beispiel: 1:=\newline 2:=Die 3:=Hausaufgaben 4:=sind 5:=simpel.,1,,0,0
1854,angriff-in-las-vegas,Er hat in seinem Hotel-zimmer Selbst-mord gemacht.,20_long,Geschichte|Aus_den_Nachrichten|Hurraki:Überarbeiten|Seiten_mit_defekten_Dateilinks,2017-10-11T05:48:19Z,48f66906899cc4a9477b6c9e32ff4424,0:=Er 1:=hat 2:=in 3:=seinem 4:=Hotel-zimmer 5:=Selbst-mord 6:=gemacht.,2,"[[1, 2, 5, 6], [2, 3, 4]]",1,1
1055,alexander-graham-bell,Der Groß-vater von Alexander Graham Bell hat sich mit Sprech-technik beschäftigt.,3_long,Personen|Seiten_mit_defekten_Dateilinks,2022-03-03T19:51:00Z,28d34f2e053dee2c0e9399a7924cd978,0:=Der 1:=Groß-vater 2:=von 3:=Alexander 4:=Graham 5:=Bell 6:=hat 7:=sich 8:=mit 9:=Sprech-technik 10:=beschäftigt.,1,,0,0
26897,koprolalie,Gegen Koprolalie kann helfen: • Autogenes Training,8_long,Gesundheit,2014-04-25T20:23:18Z,af28a20dfb151690981ee13d72ce655c,0:=Gegen 1:=Koprolalie 2:=kann 3:=helfen: 4:=• 5:=Autogenes 6:=Training,1,,0,0
1660,amtseid,"Man erklärt beim Amts-eid, dass man alle Aufgaben gut erledigt.",4_short,Recht_und_Gesetz,2022-05-29T05:19:00Z,48f66906899cc4a9477b6c9e32ff4424,"0:=Man 1:=erklärt 2:=beim 3:=Amts-eid, 4:=\newline 5:=dass 6:=man 7:=alle 8:=Aufgaben 9:=gut 10:=erledigt.",2,"[[0, 1, 2, 3], [5, 6, 7, 8, 9, 10]]",1,1
42487,soldat,Soldaten beschützen die Menschen in ihrem Land.,2_long,Hurraki:Überarbeiten|Personen|Beruf|Bundeswehr,2010-03-12T11:26:02Z,f9b0bd285ddc0c9ffae07d47947d7844,0:=Soldaten 1:=beschützen 2:=die 3:=Menschen 4:=in 5:=ihrem 6:=Land.,2,"[[0, 1, 3], [4, 5, 6]]",1,1
27234,krieg,Oder verschiedene Bevölkerungs-gruppen kämpfen gegeneinander.,2_short,Ohne_Kategorie|Seiten_mit_defekten_Dateilinks,2015-10-10T20:54:29Z,687c465aa14a2b3047e6e0c21fbc9670,0:=Oder 1:=verschiedene 2:=Bevölkerungs-gruppen 3:=kämpfen 4:=gegeneinander.,1,,0,0
1390,alternative,Beispiel: Hans und Claudia wollen etwas zusammen machen.,0_long,Ohne_Kategorie|Seiten_mit_defekten_Dateilinks,2021-08-27T05:12:11Z,0061a5419063d58697cea347295a4554,0:=Beispiel: 1:= 2:=\newline 3:=Hans 4:=und 5:=Claudia 6:=wollen 7:=etwas 8:=zusammen 9:=machen.,1,,0,0
12358,eid,Das müssen sie versprechen.,3_long,Recht_und_Gesetz|Seiten_mit_defekten_Dateilinks,2012-03-03T00:00:41Z,58d6d1d5aca5e9e6ed470dcf6dafeb4e,0:=Das 1:=müssen 2:=sie 3:=versprechen.,1,,0,0
12510,einkommen-aus-besitz,Darum können Menschen in meinem Haus wohnen.,11_long,Geld,2021-10-30T11:15:40Z,4e761a928113c1f23dda0939b1022778,0:=Darum 1:=können 2:=Menschen 3:=in 4:=meinem 5:=Haus 6:=wohnen.,1,,0,0
12183,eco-marathon,Der Eco-Marathon ist ein Auto-Rennen.,0_short,Technik,2014-05-08T08:23:37Z,af28a20dfb151690981ee13d72ce655c,0:=Der 1:=Eco-Marathon 2:=ist 3:=ein 4:=Auto-Rennen.,1,,0,0
10026,deep-learning,"Das heißt, Computer-netze lernen selbst neue Sachen.",1_short,Computer|Hurraki:Überarbeiten|Seiten_mit_defekten_Dateilinks,2016-11-27T18:31:11Z,48f66906899cc4a9477b6c9e32ff4424,"0:=Das 1:=heißt, 2:=\newline 3:=Computer-netze 4:=lernen 5:=selbst 6:=neue 7:=Sachen.",1,,0,0
2084,anschlag-in-ankara-2016,Dabei sind 26 Menschen gestorben.,1_short,Ohne_Kategorie|Aus_den_Nachrichten|Geschichte|Seiten_mit_defekten_Dateilinks,2016-02-21T09:24:48Z,af28a20dfb151690981ee13d72ce655c,0:=Dabei 1:=sind 2:=26 3:=Menschen 4:=gestorben.,2,"[[0, 1, 4], [2]]",1,1
1870,animal-liberation-front,Animal Liberation Front ist englisch.,1_long,Ohne_Kategorie,,,0:=Animal 1:=Liberation 2:=Front 3:=ist 4:=englisch.,1,,0,0
10053,definitiv,Etwas ist definitiv wenn es nicht mehr verändert werden kann.,0_short,Ohne_Kategorie,2012-11-06T20:28:14Z,72fb5f8156adf1b638fc9bd1fa6cdbcf,0:=Etwas 1:=ist 2:=definitiv 3:=wenn 4:=es 5:=nicht 6:=mehr 7:=verändert 8:=werden 9:=kann.,2,"[[0, 1, 2], [3, 4, 5, 6, 7, 8, 9]]",1,1
42306,smalltalk,Ein Gespräch über Dinge die nicht (sehr) wichtig sind.,1_short,Sprache,2014-01-23T10:58:39Z,eaab3232dd7a824a6a774fd2f2814e47,0:=Ein 1:=Gespräch 2:=über 3:=Dinge 4:=die 5:=nicht 6:=(sehr) 7:=wichtig 8:=sind.,3,"[[1, 2, 3], [4, 5, 7, 8], [6]]",1,2
1085,alexander-graham-bell,Alexander Graham Bell ist einer der Erfinder vom Telefon.,0_short,Personen|Seiten_mit_defekten_Dateilinks,2022-03-03T19:51:00Z,28d34f2e053dee2c0e9399a7924cd978,0:=Alexander 1:=Graham 2:=Bell 3:=ist 4:=einer 5:=der 6:=Erfinder 7:=vom 8:=Telefon.,1,,0,0
12543,einrad,Meistens hat ein Ein-rad: • keine Bremse,0_long,Ohne_Kategorie|Seiten_mit_defekten_Dateilinks,2019-09-15T15:33:55Z,7b5adf57ed2178795004f4c052333f37,0:=Meistens 1:=hat 2:=ein 3:=Ein-rad: 4:=• 5:=keine 6:=Bremse,1,,0,0
27174,krawatte,Hier werden Krawatten oft getragen: • Privatschulen,12_long,Kleider,2015-04-06T18:57:54Z,4189117576b2876ec34dc7db77b24cb6,0:=Hier 1:=werden 2:=Krawatten 3:=oft 4:=getragen: 5:=• 6:=Privatschulen,1,,0,0
27111,krankenversicherungskarte,Dann soll es eine andere Chip-Karte geben.,11_long,Ohne_Kategorie,2014-06-26T07:56:07Z,cfbe77d115cd524def4ccbe596a54842,0:=Dann 1:=soll 2:=es 3:=eine 4:=andere 5:=Chip-Karte 6:=geben.,1,,0,0
1852,angriff-in-las-vegas,Spezial-polizei hat das Hotel-zimmer von Stephen Paddock aufgebrochen.,18_long,Geschichte|Aus_den_Nachrichten|Hurraki:Überarbeiten|Seiten_mit_defekten_Dateilinks,2017-10-11T05:48:19Z,48f66906899cc4a9477b6c9e32ff4424,0:=Spezial-polizei 1:=hat 2:=das 3:=Hotel-zimmer 4:=von 5:=Stephen 6:=Paddock 7:=aufgebrochen.,2,"[[0, 1, 7], [4, 5, 6]]",1,1
1816,angeln,Es gibt verschiedene Arten zu angeln.,5_long,Sport|Hurraki:Überarbeiten|Seiten_mit_defekten_Dateilinks,2013-01-15T08:55:46Z,b950d35f9da29c3fdd02c8ad471d9965,0:=Es 1:=gibt 2:=verschiedene 3:=Arten 4:=zu 5:=angeln.,1,,0,0
9925,daumelinchen,Hans Christian Andersen schreibt das Märchen.,1_short,Seiten_mit_defekten_Dateilinks|Ohne_Kategorie,2022-02-06T16:32:07Z,e800bebc9060331edfac65e663a55570,0:=Hans 1:=Christian 2:=Andersen 3:=schreibt 4:=das 5:=Märchen.,1,,0,0
1186,alleinstehend,Das Wort alleinstehend ist ein Adjektiv.,0_long,Ohne_Kategorie|Seiten_mit_defekten_Dateilinks,2015-11-18T14:59:56Z,48f66906899cc4a9477b6c9e32ff4424,0:=Das 1:=Wort 2:=alleinstehend 3:=ist 4:=ein 5:=Adjektiv.,1,,0,0
27302,kugelgrill,George Stephen hat den ersten Kugel-grill gebaut.,8_long,Essen_und_Trinken|Technik,2013-12-15T10:24:22Z,eaab3232dd7a824a6a774fd2f2814e47,0:=George 1:=Stephen 2:=hat 3:=den 4:=ersten 5:=Kugel-grill 6:=gebaut.,1,,0,0
2085,anschlag-in-ankara-2016,Und viele Menschen sind verletzt worden.,2_short,Ohne_Kategorie|Aus_den_Nachrichten|Geschichte|Seiten_mit_defekten_Dateilinks,2016-02-21T09:24:48Z,af28a20dfb151690981ee13d72ce655c,0:=Und 1:=viele 2:=Menschen 3:=sind 4:=verletzt 5:=worden.,1,,0,0
12461,einfache-sprache,Mit Einfacher Sprache können viele Menschen Texte verstehen.,3_long,Sprache|Hurraki|Leichte_Sprache,2015-01-01T19:58:21Z,be9da3e660311583f64df8d974bcb2fe,0:=Mit 1:=Einfacher 2:=Sprache 3:=können 4:=viele 5:=Menschen 6:=Texte 7:=verstehen.,1,,0,0
27177,krawatte,Eine Krawatte ist ein langes Stück Stoff.,0_short,Kleider,2015-04-06T18:57:54Z,4189117576b2876ec34dc7db77b24cb6,0:=Eine 1:=Krawatte 2:=ist 3:=ein 4:=langes 5:=Stück 6:=Stoff.,2,"[[4], [5, 6]]",1,1
9740,dagger-complex,Heute ist um das Grundstück ein Zaun mit Stacheldraht.,8_long,Ohne_Kategorie,2013-09-01T17:43:42Z,6275ee07d0785a2da491fbb224064f23,0:=Heute 1:=ist 2:=um 3:=das 4:=Grundstück 5:=ein 6:=Zaun 7:=mit 8:=Stacheldraht.,3,"[[0], [2, 3, 4, 6], [6, 7, 8]]",1,2
42364,sneak-preview,Vor dem Film oder nach dem Film.,11_long,Film_und_Kino|Seiten_mit_defekten_Dateilinks,2017-10-23T06:43:33Z,48f66906899cc4a9477b6c9e32ff4424,0:=Vor 1:=dem 2:=Film 3:=oder 4:=nach 5:=dem 6:=Film.,2,"[[0, 2], [4, 6]]",1,1
10108,demenz,Es gibt verschiedene Arten von Demenz.,21_long,Gesundheit|Seiten_mit_defekten_Dateilinks,2012-10-27T17:19:13Z,a6e7bfd89d5771b450c4ab0f5c2996e5,0:=Es 1:=gibt 2:=verschiedene 3:=Arten 4:=von 5:=Demenz.,1,,0,0
27015,korsett,Oder weil es für die Gesundheit gut ist.,2_long,Gesundheit,2012-04-28T11:43:57Z,eaab3232dd7a824a6a774fd2f2814e47,0:=Oder 1:=weil 2:=es 3:=für 4:=die 5:=Gesundheit 6:=gut 7:=ist.,1,,0,0
1963,anschlag-am-1-januar-2017-istanbul,Und warum er das gemacht hat.,2_long,Aus_den_Nachrichten|Geschichte|Seiten_mit_defekten_Dateilinks,2017-01-03T08:02:25Z,48f66906899cc4a9477b6c9e32ff4424,0:=Und 1:=warum 2:=er 3:=das 4:=gemacht 5:=hat.,1,,0,0
26982,korruption-in-der-fifa,Diese Personen sind verhaftet worden: • Eduardo Li,5_long,Sport|Recht_und_Gesetz|Seiten_mit_defekten_Dateilinks,2015-05-28T14:24:34Z,af28a20dfb151690981ee13d72ce655c,0:=Diese 1:=Personen 2:=sind 3:=verhaftet 4:=worden: 5:=• 6:=Eduardo 7:=Li,1,,0,0
9970,dbt,Für die Therapie geht man zu einem Psycho-therapeuten.,3_short,,2020-07-04T07:35:34Z,4a8d7c87339c287de35ba4be954bbfbf,0:=Für 1:=die 2:=Therapie 3:=geht 4:=man 5:=zu 6:=einem 7:=Psycho-therapeuten.,2,"[[0, 2], [3, 4, 5, 7]]",1,1
10010,debut,Ein Debut ist eine erste Arbeit.,0_short,Ohne_Kategorie|Seiten_mit_defekten_Dateilinks,2020-11-24T09:29:50Z,cb58e1150e0b08f129454e5a88dec780,0:=Ein 1:=Debut 2:=ist 3:=eine 4:=erste 5:=Arbeit.,2,"[[1, 2], [4]]",1,1
2036,anschlag-auf-den-bus-von-borussia-dortmund,"Die Polizei sagt, das ist falsch.",8_long,Aus_den_Nachrichten|Hurraki:Überarbeiten|Geschichte|Seiten_mit_defekten_Dateilinks,2017-04-15T05:42:54Z,48f66906899cc4a9477b6c9e32ff4424,"0:=Die 1:=Polizei 2:=sagt, 3:= 4:=\newline 5:=das 6:=ist 7:=falsch.",2,"[[1, 2], [5, 6, 7]]",1,1
12212,edward-snowden,Er hat für die Geheimdienste CIA und NSA gearbeitet.,1_short,Personen,2013-07-05T06:23:04Z,6275ee07d0785a2da491fbb224064f23,0:=Er 1:=hat 2:=für 3:=die 4:=Geheimdienste 5:=CIA 6:=und 7:=NSA 8:=gearbeitet.,2,"[[5], [7]]",1,1
1941,anonymous-gruppe,"Wenn sie sich treffen, tragen sie manchmal Gesichts-masken.",3_long,Internet|Computer,2015-02-25T20:52:12Z,58d6d1d5aca5e9e6ed470dcf6dafeb4e,"0:=Wenn 1:=sie 2:=sich 3:=treffen, 4:=tragen 5:=sie 6:=manchmal 7:=Gesichts-masken.",2,"[[0, 1, 2, 3], [4, 5, 6, 7]]",1,1
12506,einkommen-aus-besitz,Das Geld heißt Zinsen.,7_long,Geld,2021-10-30T11:15:40Z,4e761a928113c1f23dda0939b1022778,0:=Das 1:=Geld 2:=heißt 3:=Zinsen.,1,,0,0
1828,anglizismus,Genau wie die englischen Wörter.,3_long,Sprache|Seiten_mit_defekten_Dateilinks,2018-07-04T04:58:19Z,48f66906899cc4a9477b6c9e32ff4424,0:=Genau 1:=wie 2:=die 3:=englischen 4:=Wörter.,1,,0,0
42096,sitelen-pona,Das Bild-schrift-zeichen-system Sitelen Pona ist für Toki Pona gemacht.,0_long,Sprache|Seiten_mit_defekten_Dateilinks,2022-02-08T06:59:29Z,48f66906899cc4a9477b6c9e32ff4424,0:=Das 1:=Bild-schrift-zeichen-system 2:=Sitelen 3:=Pona 4:=ist 5:=für 6:=Toki 7:=Pona 8:=gemacht.,2,"[[1], [4, 5, 6, 7, 8]]",1,1
993,alchemie,Sue haben Schwarz-pulver erfunden.,6_long,Wissenschaft|Seiten_mit_defekten_Dateilinks,2022-10-03T06:15:06Z,48f66906899cc4a9477b6c9e32ff4424,0:=Sue 1:=haben 2:=Schwarz-pulver 3:=erfunden.,1,,0,0
2009,anschlag-am-12-januar-2016-in-istanbul,Er gehört zur IS Gruppe.,7_long,Ohne_Kategorie|Aus_den_Nachrichten|Geschichte|Seiten_mit_defekten_Dateilinks,2016-01-12T19:45:16Z,af28a20dfb151690981ee13d72ce655c,0:=Er 1:=gehört 2:=zur 3:=IS 4:=Gruppe.,1,,0,0
2056,anschlag-in-ankara-2015,Manche sagen es war die IS Gruppe.,6_long,Ohne_Kategorie|Geschichte|Seiten_mit_defekten_Dateilinks,2015-10-12T15:11:33Z,af28a20dfb151690981ee13d72ce655c,0:=Manche 1:=sagen 2:=es 3:=war 4:=die 5:=IS 6:=Gruppe.,1,,0,0
42215,sklave,Auch heute gibt es noch Sklaven.,14_long,Ohne_Kategorie,2013-11-26T08:07:47Z,6275ee07d0785a2da491fbb224064f23,0:=Auch 1:=heute 2:=gibt 3:=es 4:=noch 5:=Sklaven.,1,,0,0
2061,anschlag-in-ankara-2015,Jemand hat 2 Bomben gezündet.,2_short,Ohne_Kategorie|Geschichte|Seiten_mit_defekten_Dateilinks,2015-10-12T15:11:33Z,af28a20dfb151690981ee13d72ce655c,0:=Jemand 1:=hat 2:=2 3:=Bomben 4:=gezündet.,2,"[[0, 1, 4], [2]]",1,1
12259,ehegattensplitting,Oder wer eine eingetragene Lebens-partnerschaft hat.,15_long,Seiten_mit_defekten_Dateilinks|Ohne_Kategorie,2014-07-17T09:07:41Z,cfbe77d115cd524def4ccbe596a54842,0:=Oder 1:=wer 2:=eine 3:=eingetragene 4:=Lebens-partnerschaft 5:=hat.,1,,0,0
10145,demilitarisierung,Man schaffte das Militär und die Wehrpflicht ab.,4_long,Ohne_Kategorie|Seiten_mit_defekten_Dateilinks,2016-01-20T18:01:41Z,950c751fae083d40469b6d3261a74515,0:=Man 1:=schaffte 2:=das 3:=Militär 4:=und 5:=die 6:=Wehrpflicht 7:=ab.,2,"[[3], [6]]",1,1
9933,daumenkino,Das Wort Daumen-kino hat diese 2 Wörter: • Daumen,6_long,Film_und_Kino|Technik,2014-03-01T15:38:30Z,eaab3232dd7a824a6a774fd2f2814e47,0:=Das 1:=Wort 2:=Daumen-kino 3:=hat 4:=diese 5:=2 6:=Wörter: 7:=• 8:=Daumen,1,,0,0
27049,krafttraining,Oder man kann sein eigenes Körper-gewicht benutzen.,4_long,Sport|Seiten_mit_defekten_Dateilinks,2019-10-28T08:05:49Z,eaab3232dd7a824a6a774fd2f2814e47,0:=Oder 1:=man 2:=kann 3:=sein 4:=eigenes 5:=Körper-gewicht 6:=benutzen.,1,,0,0
26956,korperbemalung,Oder wer viel Erfolg hat.,15_long,Kleider|Seiten_mit_defekten_Dateilinks,2015-06-05T15:33:34Z,eaab3232dd7a824a6a774fd2f2814e47,0:=Oder 1:=wer 2:=viel 3:=Erfolg 4:=hat.,1,,0,0
26918,korea-konflikt,Im Juni 1950 hat der Korea-krieg angefangen.,5_long,Geopolitik|Politik|Aus_den_Nachrichten,2018-02-18T07:36:44Z,48f66906899cc4a9477b6c9e32ff4424,0:=Im 1:=Juni 2:=1950 3:=hat 4:=der 5:=Korea-krieg 6:=angefangen.,1,,0,0
42393,social-bot,Den Social Bot gibt es in Sozialen Netz-werken.,3_long,Internet|Seiten_mit_defekten_Dateilinks,2017-08-13T08:57:11Z,28d34f2e053dee2c0e9399a7924cd978,0:=Den 1:=Social 2:=Bot 3:=gibt 4:=es 5:=in 6:=Sozialen 7:=Netz-werken.,1,,0,0
1041,aleviten,Die Religions-gemeinschaft der Aleviten kommt aus der Türkei.,3_short,Religion,2008-02-02T09:57:28Z,e3afed0047b08059d0fada10f400c1e5,0:=Die 1:=Religions-gemeinschaft 2:=der 3:=Aleviten 4:=kommt 5:=aus 6:=der 7:=Türkei.,1,,0,0
9682,cyanogenmod,zum Beispiel: • mit CyanogenMod kann man alles so einstellen wie man will,7_long,Computer,2013-11-27T06:06:48Z,28d34f2e053dee2c0e9399a7924cd978,0:=zum 1:=Beispiel: 2:=• 3:=mit 4:=CyanogenMod 5:=kann 6:=man 7:=alles 8:=so 9:=einstellen 10:=wie 11:=man 12:=will,2,"[[3, 4, 5, 6, 7, 8, 9], [10, 11, 12]]",1,1
42139,sitzvolleyball,Der Rumpf ist der Ober-körper.,12_long,Sport|Paralympics,2012-01-30T18:24:13Z,d4171b2c36772be4cad75ef4078874bd,0:=Der 1:=Rumpf 2:=ist 3:=der 4:=Ober-körper.,1,,0,0
12454,einen-schlussstrich-ziehen,"Weil wenn ein Buchhalter eine waagerechte Linie unter ein Konto zieht, dann schließt dieser eine Rechnung ab.",3_long,Redewendungen|Seiten_mit_defekten_Dateilinks,2021-12-30T22:23:38Z,e800bebc9060331edfac65e663a55570,"0:=Weil 1:=wenn 2:=ein 3:=Buchhalter 4:=eine 5:=waagerechte 6:=Linie 7:=unter 8:=ein 9:=Konto 10:=zieht, 11:= 12:=\newline 13:=dann 14:=schließt 15:=dieser 16:=eine 17:=Rechnung 18:=ab.",3,"[[0, 1, 3, 4, 5, 6, 10], [6, 7, 9], [13, 14, 15, 16, 17, 18]]",1,2
9683,cyanogenmod,zum Beispiel: • bei CyanogenMod gibt es eine PrivacyGuard.,8_long,Computer,2013-11-27T06:06:48Z,28d34f2e053dee2c0e9399a7924cd978,0:=zum 1:=Beispiel: 2:=• 3:=bei 4:=CyanogenMod 5:=gibt 6:=es 7:=eine 8:=PrivacyGuard.,1,,0,0
42094,sitcom,Das Wort Sitcom ist ein Substantiv.,3_long,Radio_und_Fernsehen,2011-12-15T11:32:02Z,eaab3232dd7a824a6a774fd2f2814e47,0:=Das 1:=Wort 2:=Sitcom 3:=ist 4:=ein 5:=Substantiv.,1,,0,0
42322,smartphone,Das Wort Touchscreen ist Englisch.,6_long,Computer|Internet,2012-08-24T08:57:32Z,72fb5f8156adf1b638fc9bd1fa6cdbcf,0:=Das 1:=Wort 2:=Touchscreen 3:=ist 4:=Englisch.,1,,0,0
12257,ehegattensplitting,Das Ehe-gatten-splitting ist für Menschen die zusammen leben.,13_long,Seiten_mit_defekten_Dateilinks|Ohne_Kategorie,2014-07-17T09:07:41Z,cfbe77d115cd524def4ccbe596a54842,0:=Das 1:=Ehe-gatten-splitting 2:=ist 3:=für 4:=Menschen 5:=die 6:=zusammen 7:=leben.,2,"[[1, 2, 3], [5, 6, 7]]",1,1
27102,krankenversicherungskarte,Zum Beispiel: • Von welcher Kranken-kasse die Karte ist,2_long,Ohne_Kategorie,2014-06-26T07:56:07Z,cfbe77d115cd524def4ccbe596a54842,0:=Zum 1:=Beispiel: 2:=• 3:=Von 4:=welcher 5:=Kranken-kasse 6:=die 7:=Karte 8:=ist,1,,0,0
9733,dagger-complex,Auf Deutsch heißt Dagger Complex: • Anlage Dolch,1_long,Ohne_Kategorie,2013-09-01T17:43:42Z,6275ee07d0785a2da491fbb224064f23,0:=Auf 1:=Deutsch 2:=heißt 3:=Dagger 4:=Complex: 5:=• 6:=Anlage 7:=Dolch,1,,0,0
27109,krankenversicherungskarte,Der Arzt kann dann seine Rechnung an die Kranken-kasse schicken.,9_long,Ohne_Kategorie,2014-06-26T07:56:07Z,cfbe77d115cd524def4ccbe596a54842,0:=Der 1:=Arzt 2:=kann 3:=dann 4:=seine 5:=Rechnung 6:=an 7:=die 8:=Kranken-kasse 9:=schicken.,2,"[[1, 2, 3, 4, 5, 9], [6, 8]]",1,1
12512,einkommen-aus-besitz,Dafür geben dir die Menschen Geld.,13_long,Geld,2021-10-30T11:15:40Z,4e761a928113c1f23dda0939b1022778,0:=Dafür 1:=geben 2:=dir 3:=die 4:=Menschen 5:=Geld.,1,,0,0
2006,anschlag-am-12-januar-2016-in-istanbul,Der Platz heißt Sultan-Ahmed-Platz und ist sehr bekannt.,4_long,Ohne_Kategorie|Aus_den_Nachrichten|Geschichte|Seiten_mit_defekten_Dateilinks,2016-01-12T19:45:16Z,af28a20dfb151690981ee13d72ce655c,0:=Der 1:=Platz 2:=heißt 3:=Sultan-Ahmed-Platz 4:=und 5:=ist 6:=sehr 7:=bekannt.,2,"[[2, 3], [5, 6, 7]]",1,1
1120,alice-miller,Und kritisiert die Psychoanalyse.,5_long,Ohne_Kategorie|Seiten_mit_defekten_Dateilinks,2022-03-02T14:11:08Z,e800bebc9060331edfac65e663a55570,0:=Und 1:=kritisiert 2:=die 3:=Psychoanalyse.,1,,0,0
27192,kredit,Ich zahle zum Beispiel jeden Monat einen Teil zurück.,3_long,Geld,2015-11-23T11:05:06Z,88797a15ffaeedd9a8292e0b51c85385,0:=Ich 1:=zahle 2:=zum 3:=Beispiel 4:=jeden 5:=Monat 6:=einen 7:=Teil 8:=zurück.,2,"[[4, 5], [7]]",1,1
2117,anschlag-in-berlin-2016,Im Last-wagen sind 2 Männer gesessen.,1_long,Ohne_Kategorie|Hurraki:Überarbeiten|Aus_den_Nachrichten|Geschichte|Seiten_mit_defekten_Dateilinks,2016-12-21T09:57:24Z,af28a20dfb151690981ee13d72ce655c,0:=Im 1:=Last-wagen 2:=sind 3:=2 4:=Männer 5:=gesessen.,1,,0,0
27315,kulturbeutel,Sachen für die Gesundheit und Sauberkeit gibt es viele.,4_long,Ohne_Kategorie,2014-05-22T19:23:36Z,eaab3232dd7a824a6a774fd2f2814e47,0:=Sachen 1:=für 2:=die 3:=Gesundheit 4:=und 5:=Sauberkeit 6:=gibt 7:=es 8:=viele.,2,"[[3], [5]]",1,1
12132,echelon,"Seit dem Jahr 2002 wissen alle, dass es Echelon gibt.",13_long,Ohne_Kategorie,2013-06-28T07:05:37Z,6275ee07d0785a2da491fbb224064f23,"0:=Seit 1:=dem 2:=Jahr 3:=2002 4:=wissen 5:=alle, 6:=dass 7:=es 8:=Echelon 9:=gibt.",3,"[[0, 2, 3], [4, 5], [6, 7, 8, 9]]",1,2
9713,dabbawala,Die Essens-dosen nennt man dabbas.,1_long,Seiten_mit_defekten_Dateilinks|Essen_und_Trinken|Beruf,2019-03-23T09:47:38Z,48f66906899cc4a9477b6c9e32ff4424,0:=Die 1:=Essens-dosen 2:=nennt 3:=man 4:=dabbas.,1,,0,0
2007,anschlag-am-12-januar-2016-in-istanbul,Sehr viele Touristen besuchen den Platz.,5_long,Ohne_Kategorie|Aus_den_Nachrichten|Geschichte|Seiten_mit_defekten_Dateilinks,2016-01-12T19:45:16Z,af28a20dfb151690981ee13d72ce655c,0:=Sehr 1:=viele 2:=Touristen 3:=besuchen 4:=den 5:=Platz.,1,,0,0
2052,anschlag-in-ankara-2015,Es sind viele Menschen zur Demonstration gekommen.,2_long,Ohne_Kategorie|Geschichte|Seiten_mit_defekten_Dateilinks,2015-10-12T15:11:33Z,af28a20dfb151690981ee13d72ce655c,0:=Es 1:=sind 2:=viele 3:=Menschen 4:=zur 5:=Demonstration 6:=gekommen.,2,"[[0, 1, 2, 3, 6], [4, 5]]",1,1
27194,kredit,"Ich muss der Bank auch etwas dafür bezahlen, wenn sie mir Geld borgt.",5_long,Geld,2015-11-23T11:05:06Z,88797a15ffaeedd9a8292e0b51c85385,"0:=Ich 1:=muss 2:=der 3:=Bank 4:=auch 5:=etwas 6:=dafür 7:=bezahlen, 8:=\newline 9:=wenn 10:=sie 11:=mir 12:=Geld 13:=borgt.",3,"[[0, 1, 4, 5, 6, 7], [3], [9, 10, 11, 12, 13]]",1,2
9917,datenschutz,"Jeder soll bestimmen können, was mit seinen eigenen Daten passiert.",8_short,Recht_und_Gesetz|Seiten_mit_defekten_Dateilinks,2022-10-29T04:32:19Z,48f66906899cc4a9477b6c9e32ff4424,"0:=Jeder 1:=soll 2:=bestimmen 3:=können, 4:=\newline 5:=was 6:=mit 7:=seinen 8:=eigenen 9:=Daten 10:=passiert.",2,"[[0, 1, 2, 3], [5, 6, 7, 8, 9, 10]]",1,1
42340,smartphone,Ein Smartphone ist eine bestimmte Art von Handy.,0_short,Computer|Internet,2012-08-24T08:57:32Z,72fb5f8156adf1b638fc9bd1fa6cdbcf,0:=Ein 1:=Smartphone 2:=ist 3:=eine 4:=bestimmte 5:=Art 6:=von 7:=Handy.,1,,0,0
12401,eifersucht,Oft kommt es auch zu Gewalt-taten.,5_long,Ohne_Kategorie|Seiten_mit_defekten_Dateilinks,2022-01-03T17:00:58Z,e800bebc9060331edfac65e663a55570,0:=Oft 1:=kommt 2:=es 3:=auch 4:=zu 5:=Gewalt-taten.,1,,0,0
12131,echelon,"Sie haben gesagt, Echelon gibt es nicht.",12_long,Ohne_Kategorie,2013-06-28T07:05:37Z,6275ee07d0785a2da491fbb224064f23,"0:=Sie 1:=haben 2:=gesagt, 3:=Echelon 4:=gibt 5:=es 6:=nicht.",2,"[[0, 1, 2], [3, 4, 5, 6]]",1,1
42258,slackline,"Die Tricks nennt man: ""Tricklines"".",5_long,Sport,2012-10-07T13:48:29Z,d4171b2c36772be4cad75ef4078874bd,"0:=Die 1:=Tricks 2:=nennt 3:=man: 4:=""Tricklines"".",1,,0,0
12280,ehe,Mehrere Ehen auf einmal sind in Deutschland verboten.,3_long,Recht_und_Gesetz,2019-01-14T08:43:52Z,48f66906899cc4a9477b6c9e32ff4424,0:=Mehrere 1:=Ehen 2:=auf 3:=einmal 4:=sind 5:=in 6:=Deutschland 7:=verboten.,1,,0,0
1333,alte-welt,Das Gegenteil von der Alten Welt ist die Neue Welt.,1_long,Länder|Seiten_mit_defekten_Dateilinks,2019-07-23T04:59:35Z,48f66906899cc4a9477b6c9e32ff4424,0:=Das 1:=Gegenteil 2:=von 3:=der 4:=Alten 5:=Welt 6:=ist 7:=die 8:=Neue 9:=Welt.,1,,0,0
2124,anschlag-in-berlin-2016,Der Anschlag ist in Berlin passiert.,1_short,Ohne_Kategorie|Hurraki:Überarbeiten|Aus_den_Nachrichten|Geschichte|Seiten_mit_defekten_Dateilinks,2016-12-21T09:57:24Z,af28a20dfb151690981ee13d72ce655c,0:=Der 1:=Anschlag 2:=ist 3:=in 4:=Berlin 5:=passiert.,1,,0,0
26962,korperbemalung,Der Körper wird mit Farbe an gemalt.,1_short,Kleider|Seiten_mit_defekten_Dateilinks,2015-06-05T15:33:34Z,eaab3232dd7a824a6a774fd2f2814e47,0:=Der 1:=Körper 2:=wird 3:=mit 4:=Farbe 5:=an 6:=gemalt.,1,,0,0
42437,sockenklammer,Ein Socken-paar besteht aus 2 Socken.,0_long,Kleider,2018-04-12T06:31:04Z,48f66906899cc4a9477b6c9e32ff4424,0:=Ein 1:=Socken-paar 2:=besteht 3:=aus 4:=2 5:=Socken.,1,,0,0
12325,ehe,Ein anderes Wort dafür ist Heiraten.,4_short,Recht_und_Gesetz,2019-01-14T08:43:52Z,48f66906899cc4a9477b6c9e32ff4424,0:=Ein 1:=anderes 2:=Wort 3:=dafür 4:=ist 5:=Heiraten.,1,,0,0
9971,dbt,Das ist ein Behandler für die Seele.,4_short,,2020-07-04T07:35:34Z,4a8d7c87339c287de35ba4be954bbfbf,0:=Das 1:=ist 2:=ein 3:=Behandler 4:=für 5:=die 6:=Seele.,2,"[[0, 1], [4, 6]]",1,1
9846,das-wort-zum-sonntag,Die Sendung kommt jeden Samstag-abend.,1_short,Seiten_mit_defekten_Dateilinks|Radio_und_Fernsehen|Religion,2014-07-07T12:00:05Z,eaab3232dd7a824a6a774fd2f2814e47,0:=Die 1:=Sendung 2:=kommt 3:=jeden 4:=Samstag-abend.,1,,0,0
9952,david-bowie,David Bowie hat mit vielen anderen Musikern und Gruppen zusammen gearbeitet.,5_long,Musik|Personen,2016-01-11T18:42:10Z,28d34f2e053dee2c0e9399a7924cd978,0:=David 1:=Bowie 2:=hat 3:=mit 4:=vielen 5:=anderen 6:=Musikern 7:=und 8:=Gruppen 9:=zusammen 10:=gearbeitet.,2,"[[6], [8]]",1,1
9905,datenschutz,Es gibt auch öffentliche Daten.,15_long,Recht_und_Gesetz|Seiten_mit_defekten_Dateilinks,2022-10-29T04:32:19Z,48f66906899cc4a9477b6c9e32ff4424,0:=Es 1:=gibt 2:=auch 3:=öffentliche 4:=Daten.,1,,0,0
9672,currywurst,Eine Curry-wurst ist eine Brat-wurst.,0_short,Essen_und_Trinken,2019-05-23T21:15:19Z,cb1e31ab104c40efee60452f9427ce6d,0:=Eine 1:=Curry-wurst 2:=ist 3:=eine 4:=Brat-wurst.,1,,0,0
9845,das-wort-zum-sonntag,Das Wort zum Sonntag ist eine Fernseh-sendung.,0_short,Seiten_mit_defekten_Dateilinks|Radio_und_Fernsehen|Religion,2014-07-07T12:00:05Z,eaab3232dd7a824a6a774fd2f2814e47,0:=Das 1:=Wort 2:=zum 3:=Sonntag 4:=ist 5:=eine 6:=Fernseh-sendung.,1,,0,0
9991,deadline,Das heißt: Bis dahin muss etwas erledigt sein,1_long,Ohne_Kategorie,2012-09-05T07:48:56Z,72fb5f8156adf1b638fc9bd1fa6cdbcf,0:=Das 1:=heißt: 2:=\newline 3:=Bis 4:=dahin 5:=muss 6:=etwas 7:=erledigt 8:=sein,1,,0,0
27067,krafttraining,Und man kann mehr Muskeln bekommen.,2_short,Sport|Seiten_mit_defekten_Dateilinks,2019-10-28T08:05:49Z,eaab3232dd7a824a6a774fd2f2814e47,0:=Und 1:=man 2:=kann 3:=mehr 4:=Muskeln 5:=bekommen.,1,,0,0
1328,alltagsmaske,Und man schützt die Nase.,3_short,Gesundheit|Aus_den_Nachrichten|Seiten_mit_defekten_Dateilinks,2021-07-16T07:58:18Z,48f66906899cc4a9477b6c9e32ff4424,0:=Und 1:=man 2:=schützt 3:=die 4:=Nase.,1,,0,0
27149,krankheit,Im Körper vom Mensch passiert etwas Schlimmes.,1_short,Gesundheit|Hurraki:Überarbeiten|Seiten_mit_defekten_Dateilinks,2020-05-07T06:15:23Z,48f66906899cc4a9477b6c9e32ff4424,0:=Im 1:=Körper 2:=vom 3:=Mensch 4:=passiert 5:=etwas 6:=Schlimmes.,1,,0,0
26900,koprolalie,Bei der Koprolalie spricht jemand Wörter aus.,0_short,Gesundheit,2014-04-25T20:23:18Z,af28a20dfb151690981ee13d72ce655c,0:=Bei 1:=der 2:=Koprolalie 3:=spricht 4:=jemand 5:=Wörter 6:=aus.,1,,0,0
2128,anschlag-in-berlin-2016,Dabei sind 12 Menschen gestorben.,5_short,Ohne_Kategorie|Hurraki:Überarbeiten|Aus_den_Nachrichten|Geschichte|Seiten_mit_defekten_Dateilinks,2016-12-21T09:57:24Z,af28a20dfb151690981ee13d72ce655c,0:=Dabei 1:=sind 2:=12 3:=Menschen 4:=gestorben.,1,,0,0
27217,krieg,Man versucht sie deshalb zu töten.,6_long,Ohne_Kategorie|Seiten_mit_defekten_Dateilinks,2015-10-10T20:54:29Z,687c465aa14a2b3047e6e0c21fbc9670,0:=Man 1:=versucht 2:=sie 3:=deshalb 4:=zu 5:=töten.,1,,0,0
42342,smartphone,Zum Beispiel: Es hat es einen großen Bildschirm.,2_short,Computer|Internet,2012-08-24T08:57:32Z,72fb5f8156adf1b638fc9bd1fa6cdbcf,0:=Zum 1:=Beispiel: 2:= 3:=\newline 4:=Es 5:=hat 6:=es 7:=einen 8:=großen 9:=Bildschirm.,1,,0,0
1869,animal-liberation-front,Im Jahr 1976 hat Ronnie Lee die Animal Liberation Front gegründet.,0_long,Ohne_Kategorie,,,0:=Im 1:=Jahr 2:=1976 3:=hat 4:=Ronnie 5:=Lee 6:=die 7:=Animal 8:=Liberation 9:=Front 10:=gegründet.,2,"[[0, 1, 2], [3, 4, 5, 7, 8, 9, 10]]",1,1
1735,analphabet,Er kann keine langen Texte lesen.,16_long,Ohne_Kategorie|Seiten_mit_defekten_Dateilinks,2015-09-08T10:46:12Z,cfbe77d115cd524def4ccbe596a54842,0:=Er 1:=kann 2:=keine 3:=langen 4:=Texte 5:=lesen.,1,,0,0
12533,einladung,Oder man kann sie schreiben.,3_short,Ohne_Kategorie|Seiten_mit_defekten_Dateilinks,2019-02-15T07:34:41Z,d49497e3abada5f79c3745c314471167,0:=Oder 1:=man 2:=kann 3:=sie 4:=schreiben.,1,,0,0
42321,smartphone,Ein Smartphone hat meistens einen Touchscreen.,5_long,Computer|Internet,2012-08-24T08:57:32Z,72fb5f8156adf1b638fc9bd1fa6cdbcf,0:=Ein 1:=Smartphone 2:=hat 3:=meistens 4:=einen 5:=Touchscreen.,1,,0,0
1103,alexander-sutherland-neill,"Er stirbt am 23. September 1973. In Aldeburgh, Suffolk, England.",2_long,Personen|Seiten_mit_defekten_Dateilinks,2022-02-28T11:47:20Z,e800bebc9060331edfac65e663a55570,"0:=Er 1:=stirbt 2:=am 3:=23. 4:=September 5:=1973. 6:=\newline 7:=In 8:=Aldeburgh, 9:=Suffolk, 10:=England.",3,"[[2, 3, 4, 5], [7, 8, 9], [7, 10]]",1,2
12292,ehe,Ehe zwischen Mann und Frau ist Monogamie.,15_long,Recht_und_Gesetz,2019-01-14T08:43:52Z,48f66906899cc4a9477b6c9e32ff4424,0:=Ehe 1:=zwischen 2:=Mann 3:=und 4:=Frau 5:=ist 6:=Monogamie.,1,,0,0
42128,sitzvolleyball,Es gibt 2 Mannschaften.,1_long,Sport|Paralympics,2012-01-30T18:24:13Z,d4171b2c36772be4cad75ef4078874bd,0:=Es 1:=gibt 2:=2 3:=Mannschaften.,1,,0,0
12273,ehegattensplitting,Das Wort splitting ist ein englisches Wort.,29_long,Seiten_mit_defekten_Dateilinks|Ohne_Kategorie,2014-07-17T09:07:41Z,cfbe77d115cd524def4ccbe596a54842,0:=Das 1:=Wort 2:=splitting 3:=ist 4:=ein 5:=englisches 6:=Wort.,1,,0,0
1879,animal-liberation-front,Die Gruppe macht auch Dinge kaputt.,10_long,Ohne_Kategorie,,,0:=Die 1:=Gruppe 2:=macht 3:=auch 4:=Dinge 5:=kaputt.,1,,0,0
12216,egalitarismus,Es ist auch eine politische Idee.,2_long,Haltung|Politische_Idee|Seiten_mit_defekten_Dateilinks,2022-09-22T12:10:23Z,48f66906899cc4a9477b6c9e32ff4424,0:=Es 1:=ist 2:=auch 3:=eine 4:=politische 5:=Idee.,1,,0,0
9992,deadline,Eine Deadline ist ein Termin.,0_short,Ohne_Kategorie,2012-09-05T07:48:56Z,72fb5f8156adf1b638fc9bd1fa6cdbcf,0:=Eine 1:=Deadline 2:=ist 3:=ein 4:=Termin.,1,,0,0
1203,allen-menschen-recht-getan-ist-eine-kunst-die-niemand-kann,Das ist eine Sprich-wort.,1_short,Sprichwörter|Seiten_mit_defekten_Dateilinks,2021-12-30T16:22:14Z,e800bebc9060331edfac65e663a55570,0:=Das 1:=ist 2:=eine 3:=Sprich-wort.,1,,0,0
10120,demeter,Die Zeit vom 8. Jahrhundert vor Christus bis 146 vor Christus war eine besondere Zeit in Griechenland.,0_long,Seiten_mit_defekten_Dateilinks|Ohne_Kategorie,2022-01-29T14:24:42Z,e800bebc9060331edfac65e663a55570,0:=Die 1:=Zeit 2:=vom 3:=8. 4:=Jahrhundert 5:=vor 6:=Christus 7:=bis 8:=146 9:=vor 10:=Christus 11:=war 12:=eine 13:=besondere 14:=Zeit 15:=in 16:=Griechenland.,4,"[[1, 2, 3, 4, 5, 6], [1, 7, 8, 9, 10], [1, 11, 13, 14], [15, 16]]",1,3
1423,alter,Das Alter einer Person wird in Jahren angegeben.,2_short,Seiten_mit_defekten_Dateilinks|Biologie,2012-11-03T22:15:00Z,a6e7bfd89d5771b450c4ab0f5c2996e5,0:=Das 1:=Alter 2:=einer 3:=Person 4:=wird 5:=in 6:=Jahren 7:=angegeben.,1,,0,0
27232,krieg,Krieg ist ein Kampf.,0_short,Ohne_Kategorie|Seiten_mit_defekten_Dateilinks,2015-10-10T20:54:29Z,687c465aa14a2b3047e6e0c21fbc9670,0:=Krieg 1:=ist 2:=ein 3:=Kampf.,1,,0,0
12102,ecall,Zum Beispiel: • Autofahrer sollen selbst entscheiden ob sie eCall im Auto haben wollen,29_long,Ohne_Kategorie,2014-12-31T12:07:06Z,28d34f2e053dee2c0e9399a7924cd978,0:=Zum 1:=Beispiel: 2:=• 3:=Autofahrer 4:=sollen 5:=selbst 6:=entscheiden 7:=ob 8:=sie 9:=eCall 10:=im 11:=Auto 12:=haben 13:=wollen,3,"[[3, 4, 5, 6], [7, 8, 9, 12, 13], [10, 11]]",1,2
1274,allerheiligen,Es ist ein Erinnerungs-tag.,2_short,Religion|Seiten_mit_defekten_Dateilinks,2015-11-01T12:22:09Z,7b5adf57ed2178795004f4c052333f37,0:=Es 1:=ist 2:=ein 3:=Erinnerungs-tag.,1,,0,0
12281,ehe,Manche machen auch eigene Regeln.,4_long,Recht_und_Gesetz,2019-01-14T08:43:52Z,48f66906899cc4a9477b6c9e32ff4424,0:=Manche 1:=machen 2:=auch 3:=eigene 4:=Regeln.,1,,0,0
12419,eiffelturm,Im Jahr 1789 war die Französische Revolution.,0_long,Ort,2015-03-31T17:25:55Z,45975183761f50ed006efcbab4df0803,0:=Im 1:=Jahr 2:=1789 3:=war 4:=die 5:=Französische 6:=Revolution.,1,,0,0
1896,anlauttabelle,Der Buchstabe oder das Wort wird von einer Computer-stimme gesprochen.,7_long,Schule_und_Lernen,2014-08-26T17:59:17Z,af28a20dfb151690981ee13d72ce655c,0:=Der 1:=Buchstabe 2:=oder 3:=das 4:=Wort 5:=wird 6:=von 7:=einer 8:=Computer-stimme 9:=gesprochen.,3,"[[1], [4], [6, 7, 8]]",1,2
1340,alte-welt,"Es sind Europa, Afrika und Asien gemeint.",1_short,Länder|Seiten_mit_defekten_Dateilinks,2019-07-23T04:59:35Z,48f66906899cc4a9477b6c9e32ff4424,"0:=Es 1:=sind 2:=Europa, 3:=Afrika 4:=und 5:=Asien 6:=gemeint.",3,"[[2], [4], [5]]",1,2
27066,krafttraining,Man kann damit stärker werden.,1_short,Sport|Seiten_mit_defekten_Dateilinks,2019-10-28T08:05:49Z,eaab3232dd7a824a6a774fd2f2814e47,0:=Man 1:=kann 2:=damit 3:=stärker 4:=werden.,1,,0,0
27143,krankheit,"Jemand der eine Krankheit behandelt, nennt man Arzt.",12_long,Gesundheit|Hurraki:Überarbeiten|Seiten_mit_defekten_Dateilinks,2020-05-07T06:15:23Z,48f66906899cc4a9477b6c9e32ff4424,"0:=Jemand 1:=der 2:=eine 3:=Krankheit 4:=behandelt, 5:=nennt 6:=man 7:=Arzt.",2,"[[0, 1, 3, 4], [5, 6, 7]]",1,1
2050,anschlag-in-ankara-2015,In Ankara gab es eine Demonstration.,0_long,Ohne_Kategorie|Geschichte|Seiten_mit_defekten_Dateilinks,2015-10-12T15:11:33Z,af28a20dfb151690981ee13d72ce655c,0:=In 1:=Ankara 2:=gab 3:=es 4:=eine 5:=Demonstration.,2,"[[0, 1], [2, 3, 5]]",1,1
27259,kriterien,"Kriterien sind Punkte, die erfüllt sein müssen.",1_short,Ohne_Kategorie|Seiten_mit_defekten_Dateilinks,2017-08-29T13:52:21Z,8e384e35a2bd67eaeb964edc16d2f92c,"0:=Kriterien 1:=sind 2:=Punkte, 3:=die 4:=erfüllt 5:=sein 6:=müssen.",2,"[[0, 1, 2], [3, 4, 5, 6]]",1,1
27108,krankenversicherungskarte,Der Arzt kann die Daten auf der Karte lesen.,8_long,Ohne_Kategorie,2014-06-26T07:56:07Z,cfbe77d115cd524def4ccbe596a54842,0:=Der 1:=Arzt 2:=kann 3:=die 4:=Daten 5:=auf 6:=der 7:=Karte 8:=lesen.,2,"[[1, 2, 8], [5, 7]]",1,1
12436,eiffelturm,Der Eiffel-turm ist ein Fach-werk-turm aus Eisen.,0_short,Ort,2015-03-31T17:25:55Z,45975183761f50ed006efcbab4df0803,0:=Der 1:=Eiffel-turm 2:=ist 3:=ein 4:=Fach-werk-turm 5:=aus 6:=Eisen.,2,"[[4], [5, 6]]",1,1
1153,alkohol,Ethanol ist eine Flüssigkeit.,5_long,Essen_und_Trinken|Seiten_mit_defekten_Dateilinks|Wörter_mit_verschiedenen_Bedeutungen,2023-05-18T06:47:13Z,48f66906899cc4a9477b6c9e32ff4424,0:=Ethanol 1:=ist 2:=eine 3:=Flüssigkeit.,1,,0,0
12516,einkommen-aus-besitz,Ein-kommen aus Besitz bedeutet: Du hast schon etwas.,1_short,Geld,2021-10-30T11:15:40Z,4e761a928113c1f23dda0939b1022778,0:=Ein-kommen 1:=aus 2:=Besitz 3:=bedeutet: 4:= 5:=\newline 6:=Du 7:=hast 8:=schon 9:=etwas.,2,"[[0, 1, 2, 3], [6, 7, 8, 9]]",1,1
1181,alkohol,Man kann auch ein alkohol-haltiges Getränk meinen.,2_short,Essen_und_Trinken|Seiten_mit_defekten_Dateilinks|Wörter_mit_verschiedenen_Bedeutungen,2023-05-18T06:47:13Z,48f66906899cc4a9477b6c9e32ff4424,0:=Man 1:=kann 2:=auch 3:=ein 4:=alkohol-haltiges 5:=Getränk 6:=meinen.,2,"[[0, 1, 2, 3, 5, 6], [4]]",1,1
42000,sim-karte,Dieser Chip kommt in das Handy.,1_short,Ohne_Kategorie,2012-11-20T07:21:45Z,28d34f2e053dee2c0e9399a7924cd978,0:=Dieser 1:=Chip 2:=kommt 3:=in 4:=das 5:=Handy.,1,,0,0
9943,dau,"DAUs sind Personen, die keine Ahnung von Computern haben.",0_long,Computer|Internet,2012-12-10T18:08:06Z,28d34f2e053dee2c0e9399a7924cd978,"0:=DAUs 1:=sind 2:=Personen, 3:=\newline 4:=die 5:=keine 6:=Ahnung 7:=von 8:=Computern 9:=haben.",3,"[[0, 1, 2], [4, 5, 6, 9], [6, 7, 8]]",1,2
12199,edward-snowden,Edward Snowden hat eine ältere Schwester.,1_long,Personen,2013-07-05T06:23:04Z,6275ee07d0785a2da491fbb224064f23,0:=Edward 1:=Snowden 2:=hat 3:=eine 4:=ältere 5:=Schwester.,2,"[[0, 1, 2], [4]]",1,1
12205,edward-snowden,Edward Snowden ist der Meinung dass PRISM und Tempora nicht rechtmäßig sind.,7_long,Personen,2013-07-05T06:23:04Z,6275ee07d0785a2da491fbb224064f23,0:=Edward 1:=Snowden 2:=ist 3:=der 4:=Meinung 5:=dass 6:=PRISM 7:=und 8:=Tempora 9:=nicht 10:=rechtmäßig 11:=sind.,3,"[[0, 1, 2, 4], [5, 6, 9, 10, 11], [5, 8, 9, 10, 11]]",1,2
12156,echter-clownfisch,Die Anemone hat nesselnde Tentakel.,10_long,Tiere|Seiten_mit_defekten_Dateilinks,2021-05-15T15:50:47Z,7b5adf57ed2178795004f4c052333f37,0:=Die 1:=Anemone 2:=hat 3:=nesselnde 4:=Tentakel.,2,"[[1, 2], [3]]",1,1
1904,anna-faris,Anna Faris ist eine amerikanische Schauspielerin.,0_short,Personen|Seiten_mit_defekten_Dateilinks,2022-01-13T04:58:27Z,e800bebc9060331edfac65e663a55570,0:=Anna 1:=Faris 2:=ist 3:=eine 4:=amerikanische 5:=Schauspielerin.,2,"[[4], [5]]",1,1
12300,ehe,Beide zusammen heißen Ehe-leute.,23_long,Recht_und_Gesetz,2019-01-14T08:43:52Z,48f66906899cc4a9477b6c9e32ff4424,0:=Beide 1:=zusammen 2:=heißen 3:=Ehe-leute.,1,,0,0
9761,dalmatiner,Ein Dalmatiner ist ein Hund.,0_short,Tiere,2008-05-26T18:54:01Z,1165823e29d5567f66ef3bbbcbfabcad,0:=Ein 1:=Dalmatiner 2:=ist 3:=ein 4:=Hund.,1,,0,0
9946,dau,Die Abkürzung steht für: Dümmster anzunehmender User,1_short,Computer|Internet,2012-12-10T18:08:06Z,28d34f2e053dee2c0e9399a7924cd978,0:=Die 1:=Abkürzung 2:=steht 3:=für: 4:=\newline 5:=Dümmster 6:=anzunehmender 7:=User,1,,0,0
42369,sneak-preview,Ein Sneak Preview ist ein Überraschungs-film.,0_short,Film_und_Kino|Seiten_mit_defekten_Dateilinks,2017-10-23T06:43:33Z,48f66906899cc4a9477b6c9e32ff4424,0:=Ein 1:=Sneak 2:=Preview 3:=ist 4:=ein 5:=Überraschungs-film.,1,,0,0
27354,kultusminister,Der Kultusminister ist ein Teil der Landesregierung.,1_short,Politik,2009-11-27T17:58:10Z,1165823e29d5567f66ef3bbbcbfabcad,0:=Der 1:=Kultusminister 2:=ist 3:=ein 4:=Teil 5:=der 6:=Landesregierung.,1,,0,0
9815,das-bildnis-des-dorian-gray,Seiner-zeit gilt der Roman als: Roman mit schlechtem Ruf.,5_short,Lesen_und_Bücher,2022-01-22T14:04:56Z,e800bebc9060331edfac65e663a55570,0:=Seiner-zeit 1:=gilt 2:=der 3:=Roman 4:=als: 5:=\newline 6:=Roman 7:=mit 8:=schlechtem 9:=Ruf.,2,"[[0], [1, 3, 4, 6, 7, 8, 9]]",1,1
12354,eichsfeld,Die größten Orte im Eichsfeld sind: Heilbad Heiligenstadt Duderstadt Leinefelde-Worbis,1_short,Ohne_Kategorie|Seiten_mit_defekten_Dateilinks,2019-03-20T10:40:00Z,ffaa744a207eb843b7f383adcf5da422,0:=Die 1:=größten 2:=Orte 3:=im 4:=Eichsfeld 5:=sind: 6:=\newline 7:= 8:=Heilbad 9:=Heiligenstadt 10:=\newline 11:= 12:=Duderstadt 13:=\newline 14:= 15:=Leinefelde-Worbis,3,"[[8, 9], [12], [15]]",1,2
42489,soldat,Deutsche Soldaten müssen auch im Ausland kämpfen.,4_long,Hurraki:Überarbeiten|Personen|Beruf|Bundeswehr,2010-03-12T11:26:02Z,f9b0bd285ddc0c9ffae07d47947d7844,0:=Deutsche 1:=Soldaten 2:=müssen 3:=auch 4:=im 5:=Ausland 6:=kämpfen.,1,,0,0
12138,echelon,Zum Beispiel darf der Geheimdienst in den USA die Bürger nicht ausspionieren.,19_long,Ohne_Kategorie,2013-06-28T07:05:37Z,6275ee07d0785a2da491fbb224064f23,0:=Zum 1:=Beispiel 2:=darf 3:=der 4:=Geheimdienst 5:=in 6:=den 7:=USA 8:=die 9:=Bürger 10:=nicht 11:=ausspionieren.,1,,0,0
10090,demenz,Manchmal bekommen auch jüngere Menschen Demenz.,3_long,Gesundheit|Seiten_mit_defekten_Dateilinks,2012-10-27T17:19:13Z,a6e7bfd89d5771b450c4ab0f5c2996e5,0:=Manchmal 1:=bekommen 2:=auch 3:=jüngere 4:=Menschen 5:=Demenz.,1,,0,0
1240,allerheiligen,Sie legen Blumen auf das Grab.,24_long,Religion|Seiten_mit_defekten_Dateilinks,2015-11-01T12:22:09Z,7b5adf57ed2178795004f4c052333f37,0:=Sie 1:=legen 2:=Blumen 3:=auf 4:=das 5:=Grab.,1,,0,0
1807,angela-merkel,Ihre Haar-farbe ist braun.,6_long,Personen|Politik|Hurraki:Überarbeiten,2008-02-02T10:48:33Z,e3afed0047b08059d0fada10f400c1e5,0:=Ihre 1:=Haar-farbe 2:=ist 3:=braun.,1,,0,0
1888,ankerland,"Wegen einer Enstcheidung von einem Anker-land, passiert auch immer im Nachbar-land etwas.",2_short,Länder|Seiten_mit_defekten_Dateilinks,2015-12-14T14:52:58Z,208c142d9a40526b9e4a73aa2f6b0b97,"0:=Wegen 1:=einer 2:=Enstcheidung 3:=von 4:=einem 5:=Anker-land, 6:=\newline 7:=passiert 8:=auch 9:=immer 10:=im 11:=Nachbar-land 12:=etwas.",3,"[[0, 2], [2, 3, 5], [7, 8, 9, 10, 11, 12]]",1,2
12130,echelon,Oder sie haben gelogen.,11_long,Ohne_Kategorie,2013-06-28T07:05:37Z,6275ee07d0785a2da491fbb224064f23,0:=Oder 1:=sie 2:=haben 3:=gelogen.,1,,0,0
10113,demenz,"Zum Beispiel: • In Deutschland haben 1,7 Millionen Menschen Demenz.",26_long,Gesundheit|Seiten_mit_defekten_Dateilinks,2012-10-27T17:19:13Z,a6e7bfd89d5771b450c4ab0f5c2996e5,"0:=Zum 1:=Beispiel: 2:=• 3:=In 4:=Deutschland 5:=haben 6:=1,7 7:=Millionen 8:=Menschen 9:=Demenz.",1,,0,0
27188,kredenzen,Oder bietet jemandem etwas zu trinken an.,1_short,Essen_und_Trinken,2012-10-04T09:39:58Z,a9f29492ed8786de5125371472bcc003,0:=Oder 1:=bietet 2:=jemandem 3:=etwas 4:=zu 5:=trinken 6:=an.,1,,0,0
2027,anschlag-auf-charlie-hebdo,Das ist in Paris in den Räumen von Charlie Hebdo passiert.,2_short,Politik|Attentat,2015-01-08T12:46:55Z,af28a20dfb151690981ee13d72ce655c,0:=Das 1:=ist 2:=in 3:=Paris 4:=in 5:=den 6:=Räumen 7:=von 8:=Charlie 9:=Hebdo 10:=passiert.,2,"[[2, 3], [4, 6, 7, 8, 9]]",1,1
1246,allerheiligen,In Deutschland ist Allerheiligen in manchen Bundes-ländern ein Feier-tag.,30_long,Religion|Seiten_mit_defekten_Dateilinks,2015-11-01T12:22:09Z,7b5adf57ed2178795004f4c052333f37,0:=In 1:=Deutschland 2:=ist 3:=Allerheiligen 4:=in 5:=manchen 6:=Bundes-ländern 7:=ein 8:=Feier-tag.,2,"[[0, 1], [4, 5, 6]]",1,1
27036,kosmopolitismus,Wenn sich mehrere Menschen als Welt-bürger zusammen-schließen sind sie eine Welt-bürger-bewegung.,9_long,Ohne_Kategorie|Seiten_mit_defekten_Dateilinks,2019-06-16T07:49:02Z,48f66906899cc4a9477b6c9e32ff4424,0:=Wenn 1:=sich 2:=mehrere 3:=Menschen 4:=als 5:=Welt-bürger 6:=zusammen-schließen 7:=sind 8:=sie 9:=eine 10:=Welt-bürger-bewegung.,3,"[[0, 1, 2, 3, 6], [4, 5, 6], [7, 8, 10]]",1,2
1125,alice-miller,Alice Miller ist eine Psychologin.,0_short,Ohne_Kategorie|Seiten_mit_defekten_Dateilinks,2022-03-02T14:11:08Z,e800bebc9060331edfac65e663a55570,0:=Alice 1:=Miller 2:=ist 3:=eine 4:=Psychologin.,1,,0,0
42100,sitelen-pona,Diese kann man leicht erlernen.,4_long,Sprache|Seiten_mit_defekten_Dateilinks,2022-02-08T06:59:29Z,48f66906899cc4a9477b6c9e32ff4424,0:=Diese 1:=kann 2:=man 3:=leicht 4:=erlernen.,1,,0,0
27291,kryptowahrung,Etwas kaufen oder verkaufen machen 2 Personen alleine.,3_short,Geld,2018-12-19T14:08:31Z,48f66906899cc4a9477b6c9e32ff4424,0:=Etwas 1:=kaufen 2:=oder 3:=verkaufen 4:=machen 5:=2 6:=Personen 7:=alleine.,2,"[[1], [3]]",1,1
1675,amtszeit,Die Zeit in der jemand ein Amt hat.,1_short,Politik|Seiten_mit_defekten_Dateilinks,2021-08-04T05:14:14Z,0061a5419063d58697cea347295a4554,0:=Die 1:=Zeit 2:=in 3:=der 4:=jemand 5:=ein 6:=Amt 7:=hat.,1,,0,0
12241,egypt-air-flug-181,Ein Mann hat das Flugzeug entführt.,4_short,Verkehr|Aus_den_Nachrichten|Seiten_mit_defekten_Dateilinks,2016-03-30T16:42:16Z,48f66906899cc4a9477b6c9e32ff4424,0:=Ein 1:=Mann 2:=hat 3:=das 4:=Flugzeug 5:=entführt.,1,,0,0
1918,annalena-baerbock,Gemeinsam mit Robert Habeck.,11_long,Aus_den_Nachrichten|Personen|Politik,2021-11-29T06:50:49Z,48f66906899cc4a9477b6c9e32ff4424,0:=Gemeinsam 1:=mit 2:=Robert 3:=Habeck.,1,,0,0
42454,sodbrennen,Ösophagus ist die Speise-Röhre im Hals.,3_long,Gesundheit,2009-07-13T17:40:11Z,4a7c0bf975893985e2e36604fef9654f,0:=Ösophagus 1:=ist 2:=die 3:=Speise-Röhre 4:=im 5:=Hals.,2,"[[3], [4, 5]]",1,1
9948,david-bowie,"Das war in London, Großbritannien.",1_long,Musik|Personen,2016-01-11T18:42:10Z,28d34f2e053dee2c0e9399a7924cd978,"0:=Das 1:=war 2:=in 3:=London, 4:=Großbritannien.",2,"[[3], [4]]",1,1
10023,deckname,Ein Deck-name benutzt man um seinen echten Namen nicht zu sagen.,1_short,Ohne_Kategorie|Seiten_mit_defekten_Dateilinks,2016-01-19T20:23:11Z,48f66906899cc4a9477b6c9e32ff4424,0:=Ein 1:=Deck-name 2:=benutzt 3:=man 4:=um 5:=seinen 6:=echten 7:=Namen 8:=nicht 9:=zu 10:=sagen.,2,"[[1, 2, 3], [4, 5, 6, 7, 8, 9, 10]]",1,1
1292,alles,Das Universum beinhaltet Alles.,3_short,Ohne_Kategorie|Seiten_mit_defekten_Dateilinks,2019-06-26T11:09:50Z,0cb9cde516c38ed84dc1f3f2b5556ed3,0:=Das 1:=Universum 2:=beinhaltet 3:=Alles.,1,,0,0
9790,danemark,"Im Sommer kann es sehr angenehm sein, mit Temperaturen zwischen 20 und 25 Grad Celsius.",10_long,Ohne_Kategorie|Seiten_mit_defekten_Dateilinks,2023-04-04T08:35:33Z,f3d525674a904e48b4a41a13ef2a54a5,"0:=Im 1:=Sommer 2:=kann 3:=es 4:=sehr 5:=angenehm 6:=sein, 7:=mit 8:=Temperaturen 9:=zwischen 10:=20 11:=und 12:=25 13:=Grad 14:=Celsius.",4,"[[0, 1], [2, 3, 4, 5, 6], [7, 8, 9, 10, 13, 14], [7, 8, 9, 12, 13, 14]]",1,3
10052,definitiv,Das Wort definitiv ist ein Adjektiv.,0_long,Ohne_Kategorie,2012-11-06T20:28:14Z,72fb5f8156adf1b638fc9bd1fa6cdbcf,0:=Das 1:=Wort 2:=definitiv 3:=ist 4:=ein 5:=Adjektiv.,1,,0,0
42330,smartphone,Für Smartphones gibt es verschiedene Betriebs-systeme.,14_long,Computer|Internet,2012-08-24T08:57:32Z,72fb5f8156adf1b638fc9bd1fa6cdbcf,0:=Für 1:=Smartphones 2:=gibt 3:=es 4:=verschiedene 5:=Betriebs-systeme.,1,,0,0
1708,anakonda,Dann kann das Opfer nicht mehr atmen.,16_long,Tiere|Reptilien,2021-03-30T09:18:50Z,5fa944995d8c21065f2309550624baf9,0:=Dann 1:=kann 2:=das 3:=Opfer 4:=nicht 5:=mehr 6:=atmen.,1,,0,0
27092,krankenkasse,Eine Kranken-kasse ist eine Firma.,0_short,Gesundheit|Recht_und_Gesetz|Seiten_mit_defekten_Dateilinks,2020-08-04T13:39:48Z,cfbe77d115cd524def4ccbe596a54842,0:=Eine 1:=Kranken-kasse 2:=ist 3:=eine 4:=Firma.,1,,0,0
12355,eid,Mit einem Eid verspricht man etwas.,0_long,Recht_und_Gesetz|Seiten_mit_defekten_Dateilinks,2012-03-03T00:00:41Z,58d6d1d5aca5e9e6ed470dcf6dafeb4e,0:=Mit 1:=einem 2:=Eid 3:=verspricht 4:=man 5:=etwas.,1,,0,0
12145,echelon,"Das heißt: Alles was über Satellit gemacht wird, wird von den Nachrichtendiensten abgehört.",2_short,Ohne_Kategorie,2013-06-28T07:05:37Z,6275ee07d0785a2da491fbb224064f23,"0:=Das 1:=heißt: 2:=Alles 3:=was 4:=über 5:=Satellit 6:=gemacht 7:=wird, 8:=\newline 9:=wird 10:=von 11:=den 12:=Nachrichtendiensten 13:=abgehört.",3,"[[2, 3, 4, 5, 6, 7], [2, 9, 13], [10, 12]]",1,2
1652,amtseid,"Darin steht, was man beim Amts-eid sagen muss.",3_long,Recht_und_Gesetz,2022-05-29T05:19:00Z,48f66906899cc4a9477b6c9e32ff4424,"0:=Darin 1:=steht, 2:=\newline 3:=was 4:=man 5:=beim 6:=Amts-eid 7:=sagen 8:=muss.",2,"[[1], [3, 4, 5, 6, 7, 8]]",1,1
1489,altweibersommer,In dieser Zeit geht der Sommer zu Ende.,1_short,Natur,2013-09-28T11:41:10Z,eaab3232dd7a824a6a774fd2f2814e47,0:=In 1:=dieser 2:=Zeit 3:=geht 4:=der 5:=Sommer 6:=zu 7:=Ende.,1,,0,0
1837,angriff-in-las-vegas,Der Angriff ist auf einem Country-Fest passiert.,3_long,Geschichte|Aus_den_Nachrichten|Hurraki:Überarbeiten|Seiten_mit_defekten_Dateilinks,2017-10-11T05:48:19Z,48f66906899cc4a9477b6c9e32ff4424,0:=Der 1:=Angriff 2:=ist 3:=auf 4:=einem 5:=Country-Fest 6:=passiert.,1,,0,0
12562,eins,Eins ist eine Uhr-zeit.,6_long,Seiten_mit_defekten_Dateilinks|Ohne_Kategorie,2018-11-19T09:26:30Z,48f66906899cc4a9477b6c9e32ff4424,0:=Eins 1:=ist 2:=eine 3:=Uhr-zeit.,1,,0,0
9827,das-gespenst-von-canterville,Das Gespenst von Canterville ist eine Geschichte.,0_short,Ohne_Kategorie|Seiten_mit_defekten_Dateilinks,2022-01-21T16:42:12Z,e800bebc9060331edfac65e663a55570,0:=Das 1:=Gespenst 2:=von 3:=Canterville 4:=ist 5:=eine 6:=Geschichte.,1,,0,0
2134,anschlag-in-charlottesville,Und sind mit Fackeln durch die Stadt gelaufen.,3_long,Aus_den_Nachrichten|Hurraki:Überarbeiten|Seiten_mit_defekten_Dateilinks,2017-08-20T04:11:19Z,48f66906899cc4a9477b6c9e32ff4424,0:=Und 1:=sind 2:=mit 3:=Fackeln 4:=durch 5:=die 6:=Stadt 7:=gelaufen.,2,"[[2, 3], [4, 6]]",1,1
1996,anschlag-am-10-dezember-2016-in-istanbul,Und ein Mann hat sich in die Luft gesprengt.,4_short,Aus_den_Nachrichten|Geschichte|Seiten_mit_defekten_Dateilinks,2016-12-15T07:06:25Z,af28a20dfb151690981ee13d72ce655c,0:=Und 1:=ein 2:=Mann 3:=hat 4:=sich 5:=in 6:=die 7:=Luft 8:=gesprengt.,1,,0,0
2118,anschlag-in-berlin-2016,Der Last-wagen-fahrer ist von der Polizei festgenommen.,2_long,Ohne_Kategorie|Hurraki:Überarbeiten|Aus_den_Nachrichten|Geschichte|Seiten_mit_defekten_Dateilinks,2016-12-21T09:57:24Z,af28a20dfb151690981ee13d72ce655c,0:=Der 1:=Last-wagen-fahrer 2:=ist 3:=von 4:=der 5:=Polizei 6:=festgenommen.,2,"[[1, 2, 6], [3, 5]]",1,1
27079,krankenkasse,Die Kranken-kasse zahlt zum Beispiel für: • für das Kranken-haus,10_long,Gesundheit|Recht_und_Gesetz|Seiten_mit_defekten_Dateilinks,2020-08-04T13:39:48Z,cfbe77d115cd524def4ccbe596a54842,0:=Die 1:=Kranken-kasse 2:=zahlt 3:=zum 4:=Beispiel 5:=für: 6:=• 7:=für 8:=das 9:=Kranken-haus,1,,0,0
42107,sitelen-pona,Sitelen Pona sind Bild-schrift-zeichen vom Toki Pona.,0_short,Sprache|Seiten_mit_defekten_Dateilinks,2022-02-08T06:59:29Z,48f66906899cc4a9477b6c9e32ff4424,0:=Sitelen 1:=Pona 2:=sind 3:=Bild-schrift-zeichen 4:=vom 5:=Toki 6:=Pona.,2,"[[3], [4, 5, 6]]",1,1
1006,alcopop,In diesem Getränk ist Alkohol.,1_short,Ohne_Kategorie,2008-03-03T13:27:50Z,1165823e29d5567f66ef3bbbcbfabcad,0:=In 1:=diesem 2:=Getränk 3:=ist 4:=Alkohol.,1,,0,0
12463,einfache-sprache,Texte in Einfacher Sprache helfen beim Lesen.,5_long,Sprache|Hurraki|Leichte_Sprache,2015-01-01T19:58:21Z,be9da3e660311583f64df8d974bcb2fe,0:=Texte 1:=in 2:=Einfacher 3:=Sprache 4:=helfen 5:=beim 6:=Lesen.,1,,0,0
27256,kriterien,Kriterium 2: Es soll schnell sein.,3_long,Ohne_Kategorie|Seiten_mit_defekten_Dateilinks,2017-08-29T13:52:21Z,8e384e35a2bd67eaeb964edc16d2f92c,0:=Kriterium 1:=2: 2:=Es 3:=soll 4:=schnell 5:=sein.,2,"[[0, 1], [2, 3, 4, 5]]",1,1
42359,sneak-preview,Manche Sneak Preview Filme sind kostenlos.,6_long,Film_und_Kino|Seiten_mit_defekten_Dateilinks,2017-10-23T06:43:33Z,48f66906899cc4a9477b6c9e32ff4424,0:=Manche 1:=Sneak 2:=Preview 3:=Filme 4:=sind 5:=kostenlos.,1,,0,0
10043,defenestration,Sehr bekannt ist die 1. Prager Fenstersturz gewesen.,3_long,Recht_und_Gesetz|Seiten_mit_defekten_Dateilinks,2016-11-09T16:25:59Z,ac95c75a4819ddeb76a125281a8c84d9,0:=Sehr 1:=bekannt 2:=ist 3:=die 4:=1. 5:=Prager 6:=Fenstersturz 7:=gewesen.,1,,0,0
1062,alexander-graham-bell,Bell hat mit ihr mit einer tiefen Stimme gesprochen.,10_long,Personen|Seiten_mit_defekten_Dateilinks,2022-03-03T19:51:00Z,28d34f2e053dee2c0e9399a7924cd978,0:=Bell 1:=hat 2:=mit 3:=ihr 4:=mit 5:=einer 6:=tiefen 7:=Stimme 8:=gesprochen.,1,,0,0
1325,alltagsmaske,Eine Alltags-maske ist eine Maske für das Gesicht.,0_short,Gesundheit|Aus_den_Nachrichten|Seiten_mit_defekten_Dateilinks,2021-07-16T07:58:18Z,48f66906899cc4a9477b6c9e32ff4424,0:=Eine 1:=Alltags-maske 2:=ist 3:=eine 4:=Maske 5:=für 6:=das 7:=Gesicht.,2,"[[1, 2], [5, 6, 7]]",1,1
1215,aller-anfang-ist-schwer,"Wenn man eine neue Arbeit beginnt, dann tut man sich immer schwer.",1_short,Ohne_Kategorie|Seiten_mit_defekten_Dateilinks,2021-12-30T16:41:24Z,e800bebc9060331edfac65e663a55570,"0:=Wenn 1:=man 2:=eine 3:=neue 4:=Arbeit 5:=beginnt, 6:=\newline 7:=dann 8:=tut 9:=man 10:=sich 11:=immer 12:=schwer.",2,"[[0, 1, 3, 4, 5], [7, 8, 9, 10, 11, 12]]",1,1
42091,sitcom,Sitcom ist eine englische Abkürzung.,0_long,Radio_und_Fernsehen,2011-12-15T11:32:02Z,eaab3232dd7a824a6a774fd2f2814e47,0:=Sitcom 1:=ist 2:=eine 3:=englische 4:=Abkürzung.,2,"[[3], [4]]",1,1
10105,demenz,Die Demenz wird meistens schlimmer.,18_long,Gesundheit|Seiten_mit_defekten_Dateilinks,2012-10-27T17:19:13Z,a6e7bfd89d5771b450c4ab0f5c2996e5,0:=Die 1:=Demenz 2:=wird 3:=meistens 4:=schlimmer.,1,,0,0
10119,demenz,Menschen mit Demenz können sich immer weniger merken.,3_short,Gesundheit|Seiten_mit_defekten_Dateilinks,2012-10-27T17:19:13Z,a6e7bfd89d5771b450c4ab0f5c2996e5,0:=Menschen 1:=mit 2:=Demenz 3:=können 4:=sich 5:=immer 6:=weniger 7:=merken.,1,,0,0
12377,eierlegende-wollmilchsau,Zum Beispiel wenn: • etwas nur gut ist,3_short,Redewendungen,2013-10-21T08:18:22Z,eaab3232dd7a824a6a774fd2f2814e47,0:=Zum 1:=Beispiel 2:=wenn: 3:=• 4:=etwas 5:=nur 6:=gut 7:=ist,1,,0,0
27344,kultur,Und alles was von Menschen erfunden worden ist.,1_short,Ohne_Kategorie|Seiten_mit_defekten_Dateilinks,2016-03-14T11:57:06Z,48f66906899cc4a9477b6c9e32ff4424,0:=Und 1:=alles 2:=was 3:=von 4:=Menschen 5:=erfunden 6:=worden 7:=ist.,1,,0,0
9910,datenschutz,Beim Daten-schutz werden diese Informationen geschützt.,1_short,Recht_und_Gesetz|Seiten_mit_defekten_Dateilinks,2022-10-29T04:32:19Z,48f66906899cc4a9477b6c9e32ff4424,0:=Beim 1:=Daten-schutz 2:=werden 3:=diese 4:=Informationen 5:=geschützt.,1,,0,0
9746,dagger-complex,"Er hat gesagt, dass der amerikanische Geheimdienst Daten in Deutschland sammelt.",14_long,Ohne_Kategorie,2013-09-01T17:43:42Z,6275ee07d0785a2da491fbb224064f23,"0:=Er 1:=hat 2:=gesagt, 3:= 4:=\newline 5:=dass 6:=der 7:=amerikanische 8:=Geheimdienst 9:=Daten 10:=in 11:=Deutschland 12:=sammelt.",3,"[[0, 1, 2], [5, 7, 8, 9, 12], [10, 11]]",1,2
26942,korperbemalung,Er wird mit Farbe angemalt.,1_long,Kleider|Seiten_mit_defekten_Dateilinks,2015-06-05T15:33:34Z,eaab3232dd7a824a6a774fd2f2814e47,0:=Er 1:=wird 2:=mit 3:=Farbe 4:=angemalt.,1,,0,0
9696,cyber-monday,Cyber Monday ist ein Internet-einkaufs-tag.,0_short,Gedenktage_und_Aktionstage|Seiten_mit_defekten_Dateilinks,2019-12-05T21:56:26Z,48f66906899cc4a9477b6c9e32ff4424,0:=Cyber 1:=Monday 2:=ist 3:=ein 4:=Internet-einkaufs-tag.,1,,0,0
42110,sitelen-sitelen,"Wenn dich die Maya-schrift neugierig macht, dann kannst du mit-hilfe von Sitelen Sitelen lernen.",0_long,Seiten_mit_defekten_Dateilinks|Ohne_Kategorie,2022-02-09T12:13:55Z,e800bebc9060331edfac65e663a55570,"0:=Wenn 1:=dich 2:=die 3:=Maya-schrift 4:=neugierig 5:=macht, 6:=\newline 7:=dann 8:=kannst 9:=du 10:=mit-hilfe 11:=von 12:=Sitelen 13:=Sitelen 14:=lernen.",3,"[[0, 1, 3, 4, 5], [7, 8, 9, 13, 14], [10, 11, 12]]",1,2
42459,sodbrennen,"Damit macht der Magen das Essen klein, damit der Darm es besser verdauen kann.",8_long,Gesundheit,2009-07-13T17:40:11Z,4a7c0bf975893985e2e36604fef9654f,"0:=Damit 1:=macht 2:=der 3:=Magen 4:=das 5:=Essen 6:=klein, 7:=\newline 8:=damit 9:=der 10:=Darm 11:=es 12:=besser 13:=verdauen 14:=kann.",2,"[[0, 1, 3, 5, 6], [8, 10, 11, 12, 13, 14]]",1,1
10067,dekret,In Deutschland ist ein Dekret meistens ein Erlass.,0_long,Politik|Recht_und_Gesetz|Seiten_mit_defekten_Dateilinks,2017-01-29T15:15:58Z,48f66906899cc4a9477b6c9e32ff4424,0:=In 1:=Deutschland 2:=ist 3:=ein 4:=Dekret 5:=meistens 6:=ein 7:=Erlass.,2,"[[0, 1], [2, 4, 5, 7]]",1,1
42179,skateboard,Unter dem Brett sind 4 Rollen.,2_long,Fortbewegung|Sport,2008-09-23T17:46:59Z,be4178123f065f8d36c5093129c005dc,0:=Unter 1:=dem 2:=Brett 3:=sind 4:=4 5:=Rollen.,1,,0,0
12363,eid,Man verpflichtet sich die Wahrheit zu sagen.,1_short,Recht_und_Gesetz|Seiten_mit_defekten_Dateilinks,2012-03-03T00:00:41Z,58d6d1d5aca5e9e6ed470dcf6dafeb4e,0:=Man 1:=verpflichtet 2:=sich 3:=die 4:=Wahrheit 5:=zu 6:=sagen.,2,"[[0, 1, 2], [4, 5, 6]]",1,1
42486,soldat,Frauen werden Soldatin genannt.,1_long,Hurraki:Überarbeiten|Personen|Beruf|Bundeswehr,2010-03-12T11:26:02Z,f9b0bd285ddc0c9ffae07d47947d7844,0:=Frauen 1:=werden 2:=Soldatin 3:=genannt.,1,,0,0
1283,alles-in-butter,"""Alles in Butter"" bedeutet ""alles in Ordnung"".",1_short,Redewendungen,2012-01-24T17:11:50Z,a9f29492ed8786de5125371472bcc003,"0:=""Alles 1:=in 2:=Butter"" 3:=bedeutet 4:=""alles 5:=in 6:=Ordnung"".",1,,0,0
27165,krawatte,Es gibt Krawatten aus verschiedenem Material.,3_long,Kleider,2015-04-06T18:57:54Z,4189117576b2876ec34dc7db77b24cb6,0:=Es 1:=gibt 2:=Krawatten 3:=aus 4:=verschiedenem 5:=Material.,1,,0,0
1472,altstadt,Sie ist ein Teil vom Stadt-kern.,8_long,Stadt,2019-05-13T09:38:11Z,48f66906899cc4a9477b6c9e32ff4424,0:=Sie 1:=ist 2:=ein 3:=Teil 4:=vom 5:=Stadt-kern.,1,,0,0
1219,allerheiligen,Zum Beispiel: • Menschen die besonders viel für ihre Mitmenschen gemacht haben,3_long,Religion|Seiten_mit_defekten_Dateilinks,2015-11-01T12:22:09Z,7b5adf57ed2178795004f4c052333f37,0:=Zum 1:=Beispiel: 2:=• 3:=Menschen 4:=die 5:=besonders 6:=viel 7:=für 8:=ihre 9:=Mitmenschen 10:=gemacht 11:=haben,2,"[[2, 3, 5, 6, 10, 11], [7, 8, 9]]",1,1
1109,alexander-tatarnikov,Er ist ein Künstler aus Russland.,0_short,Personen|Hurraki:Überarbeiten,2014-08-18T13:39:55Z,cfb32d04a840c823f9a0d97071f81293,0:=Er 1:=ist 2:=ein 3:=Künstler 4:=aus 5:=Russland.,2,"[[3], [4, 5]]",1,1
42071,sit-in,Ein Sit-in ist eine Demonstrations-art.,0_long,Politik,2018-05-01T06:26:34Z,48f66906899cc4a9477b6c9e32ff4424,0:=Ein 1:=Sit-in 2:=ist 3:=eine 4:=Demonstrations-art.,1,,0,0
12431,eiffelturm,Der Turm ist auch ein Radio-sende-turm.,12_long,Ort,2015-03-31T17:25:55Z,45975183761f50ed006efcbab4df0803,0:=Der 1:=Turm 2:=ist 3:=auch 4:=ein 5:=Radio-sende-turm.,1,,0,0
42254,slackline,"Eine Person die Slagline macht nennt man: ""Slackliner"".",1_long,Sport,2012-10-07T13:48:29Z,d4171b2c36772be4cad75ef4078874bd,"0:=Eine 1:=Person 2:=die 3:=Slagline 4:=macht 5:=nennt 6:=man: 7:=""Slackliner"".",1,,0,0
1045,alex-honnold,Der Berg heißt: El Capitan.,1_long,Sport|Personen|Seiten_mit_defekten_Dateilinks,2021-07-16T21:06:31Z,e54ca469914bc262b958dc327fbe1253,0:=Der 1:=Berg 2:=heißt: 3:=El 4:=Capitan.,1,,0,0
42291,sledge-eishockey,Sledge-Eishockey ist eine Sportart.,0_short,Sport|Paralympics,2012-01-07T18:34:17Z,d4171b2c36772be4cad75ef4078874bd,0:=Sledge-Eishockey 1:=ist 2:=eine 3:=Sportart.,1,,0,0
27283,kryptowahrung,Das heißt man bekommt viele dafür.,14_long,Geld,2018-12-19T14:08:31Z,48f66906899cc4a9477b6c9e32ff4424,0:=Das 1:=heißt 2:=man 3:=bekommt 4:=viele 5:=dafür.,1,,0,0
1162,alkohol,Oft wird die Leber sehr krank.,14_long,Essen_und_Trinken|Seiten_mit_defekten_Dateilinks|Wörter_mit_verschiedenen_Bedeutungen,2023-05-18T06:47:13Z,48f66906899cc4a9477b6c9e32ff4424,0:=Oft 1:=wird 2:=die 3:=Leber 4:=sehr 5:=krank.,1,,0,0
12345,ehrgeiz,Seine Mitmenschen sollen ihn bewundern.,4_short,Ohne_Kategorie|Seiten_mit_defekten_Dateilinks,2022-01-02T12:29:11Z,e800bebc9060331edfac65e663a55570,0:=Seine 1:=Mitmenschen 2:=sollen 3:=ihn 4:=bewundern.,1,,0,0
1490,altweibersommer,In dieser Zeit ist es aber noch sehr warm und die Sonne scheint oft.,2_short,Natur,2013-09-28T11:41:10Z,eaab3232dd7a824a6a774fd2f2814e47,0:=In 1:=dieser 2:=Zeit 3:=ist 4:=es 5:=aber 6:=noch 7:=sehr 8:=warm 9:= 10:=\newline 11:=und 12:=die 13:=Sonne 14:=scheint 15:=oft.,3,"[[0, 1, 2], [3, 4, 5, 6, 7, 8], [13, 14, 15]]",1,2
27041,kraftknoten,Ein Kraftknoten ist ein Hilfsmittel.,0_long,Hilfsmittel,2008-02-12T19:08:32Z,e3afed0047b08059d0fada10f400c1e5,0:=Ein 1:=Kraftknoten 2:=ist 3:=ein 4:=Hilfsmittel.,1,,0,0
42407,social-media,Damit kann man etwas alleine machen.,1_long,Internet|Seiten_mit_defekten_Dateilinks,2017-04-06T06:33:10Z,48f66906899cc4a9477b6c9e32ff4424,0:=Damit 1:=kann 2:=man 3:=etwas 4:=alleine 5:=machen.,1,,0,0
12415,eifersucht,"Wenn man eifersüchtig ist, dann ist man unsicher.",1_short,Ohne_Kategorie|Seiten_mit_defekten_Dateilinks,2022-01-03T17:00:58Z,e800bebc9060331edfac65e663a55570,"0:=Wenn 1:=man 2:=eifersüchtig 3:=ist, 4:=\newline 5:=dann 6:=ist 7:=man 8:=unsicher.",2,"[[0, 1, 2, 3], [5, 6, 7, 8]]",1,1
1988,anschlag-am-1-januar-2017-istanbul,Im Nacht-club haben über 700 Menschen gefeiert.,6_short,Aus_den_Nachrichten|Geschichte|Seiten_mit_defekten_Dateilinks,2017-01-03T08:02:25Z,48f66906899cc4a9477b6c9e32ff4424,0:=Im 1:=Nacht-club 2:=haben 3:=über 4:=700 5:=Menschen 6:=gefeiert.,2,"[[0, 1], [3, 4, 5]]",1,1
1787,anarchismus,Im Anarchismus sind diese Sachen für die Menschen besonders wichtig: • Selbstverwirklichung,34_long,Politik|Seiten_mit_defekten_Dateilinks,2016-04-25T17:26:24Z,48f66906899cc4a9477b6c9e32ff4424,0:=Im 1:=Anarchismus 2:=sind 3:=diese 4:=Sachen 5:=für 6:=die 7:=Menschen 8:=besonders 9:=wichtig: 10:=• 11:=Selbstverwirklichung,4,"[[0, 1, 2, 3, 4, 9], [5, 6, 7, 9], [8, 9], [11]]",1,3
12285,ehe,Alle Regeln stehen im Ehe-recht.,8_long,Recht_und_Gesetz,2019-01-14T08:43:52Z,48f66906899cc4a9477b6c9e32ff4424,0:=Alle 1:=Regeln 2:=stehen 3:=im 4:=Ehe-recht.,1,,0,0
12559,eins,Schul-note sind Zahlen.,3_long,Seiten_mit_defekten_Dateilinks|Ohne_Kategorie,2018-11-19T09:26:30Z,48f66906899cc4a9477b6c9e32ff4424,0:=Schul-note 1:=sind 2:=Zahlen.,1,,0,0
1003,alcopop,Den Alkohol schmeckt man fast nicht.,1_long,Ohne_Kategorie,2008-03-03T13:27:50Z,1165823e29d5567f66ef3bbbcbfabcad,0:=Den 1:=Alkohol 2:=schmeckt 3:=man 4:=fast 5:=nicht.,1,,0,0
12476,einfaches-leben,Und stellen sich Fragen dazu.,6_long,Ohne_Kategorie,2015-04-06T13:18:53Z,af28a20dfb151690981ee13d72ce655c,0:=Und 1:=stellen 2:=sich 3:=Fragen 4:=dazu.,1,,0,0
10157,demografie,• Wie viele Menschen sind geboren worden,3_long,Wissenschaft|Gesellschaft|Seiten_mit_defekten_Dateilinks,2021-02-01T07:51:47Z,10d328ecc07ab3b6c356d5ccb8a5c8d3,0:= 1:=• 2:=Wie 3:=viele 4:=Menschen 5:=sind 6:=geboren 7:=worden,1,,0,0
42256,slackline,Auf Deutsch heißt Slag-line : schlaffe Leine.,3_long,Sport,2012-10-07T13:48:29Z,d4171b2c36772be4cad75ef4078874bd,0:=Auf 1:=Deutsch 2:=heißt 3:=Slag-line : 4:=schlaffe 5:=Leine.,1,,0,0
42494,soldner,Sie kämpfen für Geld.,2_long,Beruf|Seiten_mit_defekten_Dateilinks,2023-07-13T06:01:47Z,48f66906899cc4a9477b6c9e32ff4424,0:=Sie 1:=kämpfen 2:=für 3:=Geld.,1,,0,0
12387,eierwarmer,Damit das Ei länger warm bleibt.,5_long,Essen_und_Trinken,2019-04-04T09:58:35Z,48f66906899cc4a9477b6c9e32ff4424,0:=Damit 1:=das 2:=Ei 3:=länger 4:=warm 5:=bleibt.,1,,0,0
10156,demografie,Alles was in einem Jahr passiert ist.,2_long,Wissenschaft|Gesellschaft|Seiten_mit_defekten_Dateilinks,2021-02-01T07:51:47Z,10d328ecc07ab3b6c356d5ccb8a5c8d3,0:=Alles 1:=was 2:=in 3:=einem 4:=Jahr 5:=passiert 6:=ist.,2,"[[0, 1, 5, 6], [2, 4]]",1,1
9945,dau,DAU ist eine Abkürzung.,0_short,Computer|Internet,2012-12-10T18:08:06Z,28d34f2e053dee2c0e9399a7924cd978,0:=DAU 1:=ist 2:=eine 3:=Abkürzung.,1,,0,0
10128,demeter,Demeter ist der Schwester von: • Hestia,8_long,Seiten_mit_defekten_Dateilinks|Ohne_Kategorie,2022-01-29T14:24:42Z,e800bebc9060331edfac65e663a55570,0:=Demeter 1:=ist 2:=der 3:=Schwester 4:=von: 5:=• 6:=Hestia,1,,0,0
12101,ecall,Manche sagen eCall ist eine schlechte Technik.,28_long,Ohne_Kategorie,2014-12-31T12:07:06Z,28d34f2e053dee2c0e9399a7924cd978,0:=Manche 1:=sagen 2:=eCall 3:=ist 4:=eine 5:=schlechte 6:=Technik.,1,,0,0
27082,krankenkasse,Die Kranken-kasse zahlt zum Beispiel für: • die Reha,13_long,Gesundheit|Recht_und_Gesetz|Seiten_mit_defekten_Dateilinks,2020-08-04T13:39:48Z,cfbe77d115cd524def4ccbe596a54842,0:=Die 1:=Kranken-kasse 2:=zahlt 3:=zum 4:=Beispiel 5:=für: 6:=• 7:=die 8:=Reha,1,,0,0
42137,sitzvolleyball,Die Spieler versuchen den Ball auf den Boden der anderen Mannschaft zu schießen.,10_long,Sport|Paralympics,2012-01-30T18:24:13Z,d4171b2c36772be4cad75ef4078874bd,0:=Die 1:=Spieler 2:=versuchen 3:=den 4:=Ball 5:=auf 6:=den 7:=Boden 8:=der 9:=anderen 10:=Mannschaft 11:=zu 12:=schießen.,3,"[[1, 2, 4, 11, 12], [5, 7], [7, 9, 10]]",1,2
42079,sit-in,Ein Sit-in ist eine Aktion.,0_short,Politik,2018-05-01T06:26:34Z,48f66906899cc4a9477b6c9e32ff4424,0:=Ein 1:=Sit-in 2:=ist 3:=eine 4:=Aktion.,1,,0,0
27154,krankheit,Dann kann es eine Psychische Störung geben.,6_short,Gesundheit|Hurraki:Überarbeiten|Seiten_mit_defekten_Dateilinks,2020-05-07T06:15:23Z,48f66906899cc4a9477b6c9e32ff4424,0:=Dann 1:=kann 2:=es 3:=eine 4:=Psychische 5:=Störung 6:=geben.,1,,0,0
1796,anarchismus,"Das heißt, es gibt keine Chefs die etwas bestimmen.",3_short,Politik|Seiten_mit_defekten_Dateilinks,2016-04-25T17:26:24Z,48f66906899cc4a9477b6c9e32ff4424,"0:=Das 1:=heißt, 2:=\newline 3:=es 4:=gibt 5:=keine 6:=Chefs 7:=die 8:=etwas 9:=bestimmen.",2,"[[3, 4, 5], [7, 8, 9]]",1,1
12374,eierlegende-wollmilchsau,Eine Eier-legende Woll-milch-sau ist kein Tier.,0_short,Redewendungen,2013-10-21T08:18:22Z,eaab3232dd7a824a6a774fd2f2814e47,0:=Eine 1:=Eier-legende 2:=Woll-milch-sau 3:=ist 4:=kein 5:=Tier.,1,,0,0
12262,ehegattensplitting,Ein Mann und eine Frau haben geheiratet.,18_long,Seiten_mit_defekten_Dateilinks|Ohne_Kategorie,2014-07-17T09:07:41Z,cfbe77d115cd524def4ccbe596a54842,0:=Ein 1:=Mann 2:=und 3:=eine 4:=Frau 5:=haben 6:=geheiratet.,1,,0,0
1140,alkoholkrankheit,Dazu muss man einen Alkohol-entzug machen.,11_long,Ohne_Kategorie|Seiten_mit_defekten_Dateilinks,2023-03-06T15:49:02Z,017ecada082ed42bbfc77d89d4b14406,0:=Dazu 1:=muss 2:=man 3:=einen 4:=Alkohol-entzug 5:=machen.,1,,0,0
26986,korruption-in-der-fifa,Diese Personen sind verhaftet worden: • Rafael Esquivel,9_long,Sport|Recht_und_Gesetz|Seiten_mit_defekten_Dateilinks,2015-05-28T14:24:34Z,af28a20dfb151690981ee13d72ce655c,0:=Diese 1:=Personen 2:=sind 3:=verhaftet 4:=worden: 5:=• 6:=Rafael 7:=Esquivel,1,,0,0
27197,kredit,Meistens muss man für dieses Geld Zinsen bezahlen.,1_short,Geld,2015-11-23T11:05:06Z,88797a15ffaeedd9a8292e0b51c85385,0:=Meistens 1:=muss 2:=man 3:=für 4:=dieses 5:=Geld 6:=Zinsen 7:=bezahlen.,1,,0,0
10148,demilitarisierung,Er führte die Wehrmacht wieder ein.,7_long,Ohne_Kategorie|Seiten_mit_defekten_Dateilinks,2016-01-20T18:01:41Z,950c751fae083d40469b6d3261a74515,0:=Er 1:=führte 2:=die 3:=Wehrmacht 4:=wieder 5:=ein.,1,,0,0
1135,alkoholkrankheit,Menschen mit der Alkohol-krankheit nennt man: Alkoholiker.,6_long,Ohne_Kategorie|Seiten_mit_defekten_Dateilinks,2023-03-06T15:49:02Z,017ecada082ed42bbfc77d89d4b14406,0:=Menschen 1:=mit 2:=der 3:=Alkohol-krankheit 4:=nennt 5:=man: 6:=\newline 7:=Alkoholiker.,1,,0,0
12378,eierlegende-wollmilchsau,Zum Beispiel wenn: • es nur Vorteile hat,4_short,Redewendungen,2013-10-21T08:18:22Z,eaab3232dd7a824a6a774fd2f2814e47,0:=Zum 1:=Beispiel 2:=wenn: 3:=• 4:=es 5:=nur 6:=Vorteile 7:=hat,1,,0,0
12412,eifersucht,Tom fühlt sich schlecht.,16_long,Ohne_Kategorie|Seiten_mit_defekten_Dateilinks,2022-01-03T17:00:58Z,e800bebc9060331edfac65e663a55570,0:=Tom 1:=fühlt 2:=sich 3:=schlecht.,1,,0,0
12090,ecall,Zum Beispiel: • sind die Leute angeschnallt,17_long,Ohne_Kategorie,2014-12-31T12:07:06Z,28d34f2e053dee2c0e9399a7924cd978,0:=Zum 1:=Beispiel: 2:=• 3:=sind 4:=die 5:=Leute 6:=angeschnallt,1,,0,0
26998,korruption,Der Richter ist korrupt.,3_long,Politik|Recht_und_Gesetz,2008-10-10T21:54:55Z,e3afed0047b08059d0fada10f400c1e5,0:=Der 1:=Richter 2:=ist 3:=korrupt.,1,,0,0
1485,altweibersommer,Man erkennt den Altweibersommer daran: • Am Tag ist es warm und die Sonne scheint.,3_long,Natur,2013-09-28T11:41:10Z,eaab3232dd7a824a6a774fd2f2814e47,0:=Man 1:=erkennt 2:=den 3:=Altweibersommer 4:=daran: 5:=• 6:=Am 7:=Tag 8:=ist 9:=es 10:=warm 11:=und 12:=die 13:=Sonne 14:=scheint.,3,"[[0, 1, 3, 4], [6, 7, 9, 10], [13, 14]]",1,2
42009,simsen,Beispiel: Petra simst ihrem Freund Richard.,0_long,Ohne_Kategorie,2011-11-12T21:14:47Z,eaab3232dd7a824a6a774fd2f2814e47,0:=Beispiel: 1:=\newline 2:=Petra 3:=simst 4:=ihrem 5:=Freund 6:=Richard.,2,"[[2, 3], [4, 5]]",1,1
1961,anschlag-am-1-januar-2017-istanbul,Der Mann hat absichtlich auf die Menschen geschossen.,0_long,Aus_den_Nachrichten|Geschichte|Seiten_mit_defekten_Dateilinks,2017-01-03T08:02:25Z,48f66906899cc4a9477b6c9e32ff4424,0:=Der 1:=Mann 2:=hat 3:=absichtlich 4:=auf 5:=die 6:=Menschen 7:=geschossen.,2,"[[1, 2, 4, 6, 7], [3]]",1,1
1178,alkohol,Kinder sollen keinen Alkohol trinken.,30_long,Essen_und_Trinken|Seiten_mit_defekten_Dateilinks|Wörter_mit_verschiedenen_Bedeutungen,2023-05-18T06:47:13Z,48f66906899cc4a9477b6c9e32ff4424,0:=Kinder 1:=sollen 2:=keinen 3:=Alkohol 4:=trinken.,1,,0,0
42244,skriptkiddie,Diese Benutzer wissen nicht genau wie diese Programme funktionieren.,3_short,Ohne_Kategorie,2013-02-25T08:09:05Z,28d34f2e053dee2c0e9399a7924cd978,0:=Diese 1:=Benutzer 2:=wissen 3:=nicht 4:=genau 5:=wie 6:=diese 7:=Programme 8:=funktionieren.,2,"[[1, 2, 3, 4], [5, 7, 8]]",1,1
12357,eid,"Zum Beispiel, dass sie kranken Menschen helfen.",2_long,Recht_und_Gesetz|Seiten_mit_defekten_Dateilinks,2012-03-03T00:00:41Z,58d6d1d5aca5e9e6ed470dcf6dafeb4e,"0:=Zum 1:=Beispiel, 2:=dass 3:=sie 4:=kranken 5:=Menschen 6:=helfen.",1,,0,0
27148,krankheit,Krankheit ist etwas un-gesundes.,0_short,Gesundheit|Hurraki:Überarbeiten|Seiten_mit_defekten_Dateilinks,2020-05-07T06:15:23Z,48f66906899cc4a9477b6c9e32ff4424,0:=Krankheit 1:=ist 2:=etwas 3:=un-gesundes.,1,,0,0
27016,korsett,Zum Beispiel: wenn man einen krummen Rücken hat.,3_long,Gesundheit,2012-04-28T11:43:57Z,eaab3232dd7a824a6a774fd2f2814e47,0:=Zum 1:=Beispiel: 2:=\newline 3:=wenn 4:=man 5:=einen 6:=krummen 7:=Rücken 8:=hat.,1,,0,0
27064,krafttraining,Damit man sich weniger verletzt.,19_long,Sport|Seiten_mit_defekten_Dateilinks,2019-10-28T08:05:49Z,eaab3232dd7a824a6a774fd2f2814e47,0:=Damit 1:=man 2:=sich 3:=weniger 4:=verletzt.,1,,0,0
42349,sms,Mit dem Handy kann man eine SMS schreiben.,0_long,Computer,2008-04-16T18:56:55Z,1165823e29d5567f66ef3bbbcbfabcad,0:=Mit 1:=dem 2:=Handy 3:=kann 4:=man 5:=eine 6:=SMS 7:=schreiben.,1,,0,0
27254,kriterien,Beispiel: Ich will ein Auto.,1_long,Ohne_Kategorie|Seiten_mit_defekten_Dateilinks,2017-08-29T13:52:21Z,8e384e35a2bd67eaeb964edc16d2f92c,0:=Beispiel: 1:=Ich 2:=will 3:=ein 4:=Auto.,1,,0,0
1389,alternative-fur-deutschland,Und sie haben wenige Ideen für Ver-besserungen.,9_short,Politik|Aus_den_Nachrichten|Partei_in_Deutschland,2016-10-08T08:01:49Z,6275ee07d0785a2da491fbb224064f23,0:=Und 1:=sie 2:=haben 3:=wenige 4:=Ideen 5:=für 6:=Ver-besserungen.,2,"[[1, 2, 3], [5, 6]]",1,1
1229,allerheiligen,Dieser Tag ist ein Feier-tag für alle Heiligen.,13_long,Religion|Seiten_mit_defekten_Dateilinks,2015-11-01T12:22:09Z,7b5adf57ed2178795004f4c052333f37,0:=Dieser 1:=Tag 2:=ist 3:=ein 4:=Feier-tag 5:=für 6:=alle 7:=Heiligen.,2,"[[0, 1, 2], [5, 6, 7]]",1,1
26954,korperbemalung,Bei den Indianern war Körper-bemalung sehr wichtig.,13_long,Kleider|Seiten_mit_defekten_Dateilinks,2015-06-05T15:33:34Z,eaab3232dd7a824a6a774fd2f2814e47,0:=Bei 1:=den 2:=Indianern 3:=war 4:=Körper-bemalung 5:=sehr 6:=wichtig.,1,,0,0
1656,amtseid,Ein Amtseid ist eine Erklärung.,0_short,Recht_und_Gesetz,2022-05-29T05:19:00Z,48f66906899cc4a9477b6c9e32ff4424,0:=Ein 1:=Amtseid 2:=ist 3:=eine 4:=Erklärung.,1,,0,0
1713,anakonda,Die Anakonda schluckt das Opfer ganz runter.,21_long,Tiere|Reptilien,2021-03-30T09:18:50Z,5fa944995d8c21065f2309550624baf9,0:=Die 1:=Anakonda 2:=schluckt 3:=das 4:=Opfer 5:=ganz 6:=runter.,2,"[[1, 2, 4], [5]]",1,1
10016,deckname,Ein Deck-name können einzelne Personen benutzten.,2_long,Ohne_Kategorie|Seiten_mit_defekten_Dateilinks,2016-01-19T20:23:11Z,48f66906899cc4a9477b6c9e32ff4424,0:=Ein 1:=Deck-name 2:=können 3:=einzelne 4:=Personen 5:=benutzten.,1,,0,0
12079,ecall,• GSM: GSM ist Handy-technik.,6_long,Ohne_Kategorie,2014-12-31T12:07:06Z,28d34f2e053dee2c0e9399a7924cd978,0:= 1:=• 2:=GSM: 3:=GSM 4:=ist 5:=Handy-technik.,1,,0,0
1358,altenburg,Das Altenburger Spiel-karten-museum ist sehr bekannt.,14_long,Städte,2019-03-20T11:00:48Z,ffaa744a207eb843b7f383adcf5da422,0:=Das 1:=Altenburger 2:=Spiel-karten-museum 3:=ist 4:=sehr 5:=bekannt.,1,,0,0
12287,ehe,Zum Beispiel das die Ehe das ganze Leben lang gültig ist.,10_long,Recht_und_Gesetz,2019-01-14T08:43:52Z,48f66906899cc4a9477b6c9e32ff4424,0:=Zum 1:=Beispiel 2:=das 3:=die 4:=Ehe 5:=das 6:=ganze 7:=Leben 8:=lang 9:=gültig 10:=ist.,1,,0,0
2064,anschlag-in-ankara-2015,Der Anschlag war in der Stadt Ankara.,5_short,Ohne_Kategorie|Geschichte|Seiten_mit_defekten_Dateilinks,2015-10-12T15:11:33Z,af28a20dfb151690981ee13d72ce655c,0:=Der 1:=Anschlag 2:=war 3:=in 4:=der 5:=Stadt 6:=Ankara.,2,"[[5], [6]]",1,1
1736,analphabet,Er kann keine langen Texte verstehen.,17_long,Ohne_Kategorie|Seiten_mit_defekten_Dateilinks,2015-09-08T10:46:12Z,cfbe77d115cd524def4ccbe596a54842,0:=Er 1:=kann 2:=keine 3:=langen 4:=Texte 5:=verstehen.,1,,0,0
1813,angeln,Man braucht auch einen Köder.,2_long,Sport|Hurraki:Überarbeiten|Seiten_mit_defekten_Dateilinks,2013-01-15T08:55:46Z,b950d35f9da29c3fdd02c8ad471d9965,0:=Man 1:=braucht 2:=auch 3:=einen 4:=Köder.,1,,0,0
10051,defenestration,"Zum Beispiel, wenn jemand eine andere Person aus dem Fenster wirft.",3_short,Recht_und_Gesetz|Seiten_mit_defekten_Dateilinks,2016-11-09T16:25:59Z,ac95c75a4819ddeb76a125281a8c84d9,"0:=Zum 1:=Beispiel, 2:= 3:=\newline 4:=wenn 5:=jemand 6:=eine 7:=andere 8:=Person 9:=aus 10:=dem 11:=Fenster 12:=wirft.",1,,0,0
1134,alkoholkrankheit,Die Alkohol-krankheit ist eine Krankheit.,5_long,Ohne_Kategorie|Seiten_mit_defekten_Dateilinks,2023-03-06T15:49:02Z,017ecada082ed42bbfc77d89d4b14406,0:=Die 1:=Alkohol-krankheit 2:=ist 3:=eine 4:=Krankheit.,1,,0,0
42501,soldner,Weil sie dafür be-zahlt werden.,2_short,Beruf|Seiten_mit_defekten_Dateilinks,2023-07-13T06:01:47Z,48f66906899cc4a9477b6c9e32ff4424,0:=Weil 1:=sie 2:=dafür 3:=be-zahlt 4:=werden.,1,,0,0
42234,skriptkiddie,Mit Skript ist eine Textdatei gemeint.,2_long,Ohne_Kategorie,2013-02-25T08:09:05Z,28d34f2e053dee2c0e9399a7924cd978,0:=Mit 1:=Skript 2:=ist 3:=eine 4:=Textdatei 5:=gemeint.,1,,0,0
27265,kryptomnesie,Das Wort Kryptomnesie wird in der Psychologie oft benutzt.,0_long,Gesundheit,2013-01-26T10:24:13Z,a9f29492ed8786de5125371472bcc003,0:=Das 1:=Wort 2:=Kryptomnesie 3:=wird 4:=in 5:=der 6:=Psychologie 7:=oft 8:=benutzt.,1,,0,0
26960,korperbemalung,Die Menschen früher haben Körper-be-malung auch als Kriegsbemalung benutzt.,19_long,Kleider|Seiten_mit_defekten_Dateilinks,2015-06-05T15:33:34Z,eaab3232dd7a824a6a774fd2f2814e47,0:=Die 1:=Menschen 2:=früher 3:=haben 4:=Körper-be-malung 5:=auch 6:=als 7:=Kriegsbemalung 8:=benutzt.,3,"[[1, 3, 4, 8], [6, 7], [2]]",1,2
27179,kreativitat,"Menschen mit viel Kreativität haben Spaß daran, Lösungen für Probleme zu finden.",0_long,Ohne_Kategorie|Seiten_mit_defekten_Dateilinks,2022-11-02T17:15:23Z,800aa39bfea9a2755c054805b2a7d478,"0:=Menschen 1:=mit 2:=viel 3:=Kreativität 4:=haben 5:=Spaß 6:=daran, 7:= 8:=\newline 9:=Lösungen 10:=für 11:=Probleme 12:=zu 13:=finden.",3,"[[0, 1, 2, 3], [0, 4, 5, 6], [9, 10, 11, 12, 13]]",1,2
1166,alkohol,Man sagt dazu auch Alkoholkrankheit.,18_long,Essen_und_Trinken|Seiten_mit_defekten_Dateilinks|Wörter_mit_verschiedenen_Bedeutungen,2023-05-18T06:47:13Z,48f66906899cc4a9477b6c9e32ff4424,0:=Man 1:=sagt 2:=dazu 3:=auch 4:=Alkoholkrankheit.,1,,0,0
10127,demeter,Demeter ist der Schwester von: • Hades,7_long,Seiten_mit_defekten_Dateilinks|Ohne_Kategorie,2022-01-29T14:24:42Z,e800bebc9060331edfac65e663a55570,0:=Demeter 1:=ist 2:=der 3:=Schwester 4:=von: 5:=• 6:=Hades,1,,0,0
42245,skullet,Bei den Crusties ist die Skullet-Frisur sehr beliebt.,0_long,Frisur,2014-05-15T10:15:37Z,eaab3232dd7a824a6a774fd2f2814e47,0:=Bei 1:=den 2:=Crusties 3:=ist 4:=die 5:=Skullet-Frisur 6:=sehr 7:=beliebt.,2,"[[0, 2], [3, 5, 6, 7]]",1,1
1133,alkoholkrankheit,Man sagt dazu auch Sucht.,4_long,Ohne_Kategorie|Seiten_mit_defekten_Dateilinks,2023-03-06T15:49:02Z,017ecada082ed42bbfc77d89d4b14406,0:=Man 1:=sagt 2:=dazu 3:=auch 4:=Sucht.,1,,0,0
12078,ecall,Genauso wie das GPS im Modul im Navi.,5_long,Ohne_Kategorie,2014-12-31T12:07:06Z,28d34f2e053dee2c0e9399a7924cd978,0:=Genauso 1:=wie 2:=das 3:=GPS 4:=im 5:=Modul 6:=im 7:=Navi.,1,,0,0
42392,social-bot,Jemand hat ihn so programmiert.,2_long,Internet|Seiten_mit_defekten_Dateilinks,2017-08-13T08:57:11Z,28d34f2e053dee2c0e9399a7924cd978,0:=Jemand 1:=hat 2:=ihn 3:=so 4:=programmiert.,1,,0,0
12271,ehegattensplitting,Verheiratete Leute können mit der Regel Steuern sparen.,27_long,Seiten_mit_defekten_Dateilinks|Ohne_Kategorie,2014-07-17T09:07:41Z,cfbe77d115cd524def4ccbe596a54842,0:=Verheiratete 1:=Leute 2:=können 3:=mit 4:=der 5:=Regel 6:=Steuern 7:=sparen.,3,"[[0, 1], [1, 2, 6, 7], [3, 5, 7]]",1,2
9775,dandy-wortklarung,Zum Beispiel: • Ein Dandy ist ein Mann der sehr auffallende Kleider anzieht.,1_short,Wörter_mit_verschiedenen_Bedeutungen,2018-10-26T12:54:51Z,28d34f2e053dee2c0e9399a7924cd978,0:=Zum 1:=Beispiel: 2:=• 3:=Ein 4:=Dandy 5:=ist 6:=ein 7:=Mann 8:=der 9:=sehr 10:=auffallende 11:=Kleider 12:=anzieht.,2,"[[4, 5, 7], [8, 9, 10, 11, 12]]",1,1
9921,dauerwelle,Dann werden die Lockenwickler in die Haare gemacht.,2_long,Frisur,2013-02-20T18:45:14Z,eaab3232dd7a824a6a774fd2f2814e47,0:=Dann 1:=werden 2:=die 3:=Lockenwickler 4:=in 5:=die 6:=Haare 7:=gemacht.,1,,0,0
9941,daumenregister,Ein Daumenregister ist eine Hilfe an einem Buch.,0_short,Sprache,2014-03-10T10:47:38Z,eaab3232dd7a824a6a774fd2f2814e47,0:=Ein 1:=Daumenregister 2:=ist 3:=eine 4:=Hilfe 5:=an 6:=einem 7:=Buch.,2,"[[4], [5, 7]]",1,1
27198,kredit,Ich kann mir bei der Bank Geld ausborgen.,2_short,Geld,2015-11-23T11:05:06Z,88797a15ffaeedd9a8292e0b51c85385,0:=Ich 1:=kann 2:=mir 3:=bei 4:=der 5:=Bank 6:=Geld 7:=ausborgen.,2,"[[0, 1, 2, 6, 7], [3, 5]]",1,1
42068,siri,Siri ist ein Computer-Programm.,0_short,Computer,2012-09-13T08:37:54Z,72fb5f8156adf1b638fc9bd1fa6cdbcf,0:=Siri 1:=ist 2:=ein 3:=Computer-Programm.,1,,0,0
42044,sinnfrei,"Das Gegenteil von sinnfrei ist ""sinnvoll"".",0_long,Ohne_Kategorie,2012-04-16T13:00:48Z,eaab3232dd7a824a6a774fd2f2814e47,"0:=Das 1:=Gegenteil 2:=von 3:=sinnfrei 4:=ist 5:=""sinnvoll"".",1,,0,0
26999,korruption,Beispiel 2: Ein Politiker sammelt Geld für eine gute Sache.,4_long,Politik|Recht_und_Gesetz,2008-10-10T21:54:55Z,e3afed0047b08059d0fada10f400c1e5,0:=Beispiel 1:=2: 2:=\newline 3:=Ein 4:=Politiker 5:=sammelt 6:=Geld 7:=für 8:=eine 9:=gute 10:=Sache.,2,"[[4, 5, 6], [7, 9, 10]]",1,1
12571,eins,Oder sie bedeutet Richtig.,7_short,Seiten_mit_defekten_Dateilinks|Ohne_Kategorie,2018-11-19T09:26:30Z,48f66906899cc4a9477b6c9e32ff4424,0:=Oder 1:=sie 2:=bedeutet 3:=Richtig.,1,,0,0
12258,ehegattensplitting,Zum Beispiel eine Frau und ein Mann die geheiratet haben.,14_long,Seiten_mit_defekten_Dateilinks|Ohne_Kategorie,2014-07-17T09:07:41Z,cfbe77d115cd524def4ccbe596a54842,0:=Zum 1:=Beispiel 2:=eine 3:=Frau 4:=und 5:=ein 6:=Mann 7:=die 8:=geheiratet 9:=haben.,2,"[[4, 6], [7, 8, 9]]",1,1
12297,ehe,Und die Frau heißt Ehe-frau.,20_long,Recht_und_Gesetz,2019-01-14T08:43:52Z,48f66906899cc4a9477b6c9e32ff4424,0:=Und 1:=die 2:=Frau 3:=heißt 4:=Ehe-frau.,1,,0,0
2131,anschlag-in-charlottesville,Bei der Demonstration sind mehrere Rechte Gruppen dabei gewesen.,0_long,Aus_den_Nachrichten|Hurraki:Überarbeiten|Seiten_mit_defekten_Dateilinks,2017-08-20T04:11:19Z,48f66906899cc4a9477b6c9e32ff4424,0:=Bei 1:=der 2:=Demonstration 3:=sind 4:=mehrere 5:=Rechte 6:=Gruppen 7:=dabei 8:=gewesen.,2,"[[0, 2], [3, 4, 5, 6, 7, 8]]",1,1
1436,altestenrat,Beispiel Deutscher Bundestag: Der Ältestenrat sagt im Bundestag was auf der Tages-ordnung steht.,5_long,Recht_und_Gesetz|Politik|Seiten_mit_defekten_Dateilinks,2015-05-17T14:32:45Z,af28a20dfb151690981ee13d72ce655c,0:=Beispiel 1:=Deutscher 2:=Bundestag: 3:=\newline 4:=Der 5:=Ältestenrat 6:=sagt 7:=im 8:=Bundestag 9:=was 10:=auf 11:=der 12:=Tages-ordnung 13:=steht.,4,"[[0, 1, 2], [5, 6], [7, 8], [9, 10, 12, 13]]",1,3
9928,daumenkino,Oder selber basteln.,1_long,Film_und_Kino|Technik,2014-03-01T15:38:30Z,eaab3232dd7a824a6a774fd2f2814e47,0:=Oder 1:=selber 2:=basteln.,1,,0,0
9985,de-cix,DE-CIX ist der Name von einem Internet-knoten.,0_short,Seiten_mit_defekten_Dateilinks|Ohne_Kategorie,2015-02-01T21:54:47Z,28d34f2e053dee2c0e9399a7924cd978,0:=DE-CIX 1:=ist 2:=der 3:=Name 4:=von 5:=einem 6:=Internet-knoten.,2,"[[0, 1], [4, 6]]",1,1
12097,ecall,• oder jemand ist schwer verletzt und kann nicht mehr selbst telefonieren,24_long,Ohne_Kategorie,2014-12-31T12:07:06Z,28d34f2e053dee2c0e9399a7924cd978,0:= 1:=• 2:=oder 3:=jemand 4:=ist 5:=schwer 6:=verletzt 7:=und 8:=kann 9:=nicht 10:=mehr 11:=selbst 12:=telefonieren,2,"[[4, 5, 6], [8, 9, 10, 11, 12]]",1,1
27098,krankenkasse,Es ist ein Schutz wenn man krank ist.,6_short,Gesundheit|Recht_und_Gesetz|Seiten_mit_defekten_Dateilinks,2020-08-04T13:39:48Z,cfbe77d115cd524def4ccbe596a54842,0:=Es 1:=ist 2:=ein 3:=Schutz 4:=wenn 5:=man 6:=krank 7:=ist.,2,"[[0, 1, 3], [4, 5, 6, 7]]",1,1
27132,krankheit,Oder der Geist funktioniert schlecht.,1_long,Gesundheit|Hurraki:Überarbeiten|Seiten_mit_defekten_Dateilinks,2020-05-07T06:15:23Z,48f66906899cc4a9477b6c9e32ff4424,0:=Oder 1:=der 2:=Geist 3:=funktioniert 4:=schlecht.,1,,0,0
1772,anarchismus,"Jemand der an den Anarchismus glaubt, ist Anarchistisch.",19_long,Politik|Seiten_mit_defekten_Dateilinks,2016-04-25T17:26:24Z,48f66906899cc4a9477b6c9e32ff4424,"0:=Jemand 1:=der 2:=an 3:=den 4:=Anarchismus 5:=glaubt, 6:=\newline 7:=ist 8:=Anarchistisch.",2,"[[1, 2, 4, 5], [7, 8]]",1,1
9783,danemark,Die Amts-sprache in Dänemark ist Dänisch.,3_long,Ohne_Kategorie|Seiten_mit_defekten_Dateilinks,2023-04-04T08:35:33Z,f3d525674a904e48b4a41a13ef2a54a5,0:=Die 1:=Amts-sprache 2:=in 3:=Dänemark 4:=ist 5:=Dänisch.,1,,0,0
9773,dampflokomotive,"Er hat genug Kraft, um damit einen Zug zu ziehen.",6_short,Verkehr|Seiten_mit_defekten_Dateilinks,2023-01-30T15:21:08Z,99280970af8d54864c10b22240ecda16,"0:=Er 1:=hat 2:=genug 3:=Kraft, 4:=um 5:=damit 6:=einen 7:=Zug 8:=zu 9:=ziehen.",2,"[[0, 1, 2, 3], [4, 5, 7, 8, 9]]",1,1
27110,krankenversicherungskarte,Die KVK soll abgeschafft werden.,10_long,Ohne_Kategorie,2014-06-26T07:56:07Z,cfbe77d115cd524def4ccbe596a54842,0:=Die 1:=KVK 2:=soll 3:=abgeschafft 4:=werden.,1,,0,0
27349,kultusminister,Der Kultusminister ist der Chef von allen Lehrerinnen und Lehrern.,0_long,Politik,2009-11-27T17:58:10Z,1165823e29d5567f66ef3bbbcbfabcad,0:=Der 1:=Kultusminister 2:=ist 3:=der 4:=Chef 5:=von 6:=allen 7:=Lehrerinnen 8:=und 9:=Lehrern.,2,"[[7], [9]]",1,1
42012,simultanschach,Simultan-schach ist ein Schach-spiel.,0_long,Sport,2019-01-22T10:34:08Z,48f66906899cc4a9477b6c9e32ff4424,0:=Simultan-schach 1:=ist 2:=ein 3:=Schach-spiel.,1,,0,0
27024,kosewort,Beim Kosewort kommen Buchstaben zu einem Namen dazu.,0_long,Sprache,2014-02-25T10:11:04Z,eaab3232dd7a824a6a774fd2f2814e47,0:=Beim 1:=Kosewort 2:=kommen 3:=Buchstaben 4:=zu 5:=einem 6:=Namen 7:=dazu.,1,,0,0
9785,danemark,Dänemark hat eine viel-fältige Geschichte und Kultur.,5_long,Ohne_Kategorie|Seiten_mit_defekten_Dateilinks,2023-04-04T08:35:33Z,f3d525674a904e48b4a41a13ef2a54a5,0:=Dänemark 1:=hat 2:=eine 3:=viel-fältige 4:=Geschichte 5:=und 6:=Kultur.,2,"[[4], [6]]",1,1
1657,amtseid,Man verspricht etwas.,1_short,Recht_und_Gesetz,2022-05-29T05:19:00Z,48f66906899cc4a9477b6c9e32ff4424,0:=Man 1:=verspricht 2:=etwas.,1,,0,0
1875,animal-liberation-front,Die Gruppe macht verschiedene Aktionen.,6_long,Ohne_Kategorie,,,0:=Die 1:=Gruppe 2:=macht 3:=verschiedene 4:=Aktionen.,1,,0,0
27332,kultur,Kultur hat eine Wirkung wie Menschen denken oder was Menschen machen.,8_long,Ohne_Kategorie|Seiten_mit_defekten_Dateilinks,2016-03-14T11:57:06Z,48f66906899cc4a9477b6c9e32ff4424,0:=Kultur 1:=hat 2:=eine 3:=Wirkung 4:=wie 5:=Menschen 6:=denken 7:=oder 8:=was 9:=Menschen 10:=machen.,3,"[[0, 1, 3], [4, 5, 6], [8, 9, 10]]",1,2
9836,das-kleine-madchen-mit-den-schwefelholzern,Hans Christian Andersen schreibt es im Jahr 1845.,1_short,Seiten_mit_defekten_Dateilinks|Ohne_Kategorie,2022-02-16T11:52:05Z,e800bebc9060331edfac65e663a55570,0:=Hans 1:=Christian 2:=Andersen 3:=schreibt 4:=es 5:=im 6:=Jahr 7:=1845.,2,"[[0, 1, 2, 3, 4], [5, 6, 7]]",1,1
1034,aleviten,Dieser Mann ist der Schwieger-sohn von Mohammed.,1_long,Religion,2008-02-02T09:57:28Z,e3afed0047b08059d0fada10f400c1e5,0:=Dieser 1:=Mann 2:=ist 3:=der 4:=Schwieger-sohn 5:=von 6:=Mohammed.,1,,0,0
27310,kulanz,"Kulanz bedeutet, etwas freiwillig machen.",0_short,Ohne_Kategorie,2012-03-14T09:06:01Z,eaab3232dd7a824a6a774fd2f2814e47,"0:=Kulanz 1:=bedeutet, 2:= 3:=\newline 4:=etwas 5:=freiwillig 6:=machen.",2,"[[0, 1], [4, 5, 6]]",1,1
9891,datenschutz,Informationen über Menschen dürfen nicht weiter-gegeben werden.,1_long,Recht_und_Gesetz|Seiten_mit_defekten_Dateilinks,2022-10-29T04:32:19Z,48f66906899cc4a9477b6c9e32ff4424,0:=Informationen 1:=über 2:=Menschen 3:=dürfen 4:=nicht 5:=weiter-gegeben 6:=werden.,2,"[[0, 3, 4, 5, 6], [1, 2]]",1,1
42449,sockenklammer,Eine Socken-klammer hält 2 Socken zusammen.,3_short,Kleider,2018-04-12T06:31:04Z,48f66906899cc4a9477b6c9e32ff4424,0:=Eine 1:=Socken-klammer 2:=hält 3:=2 4:=Socken 5:=zusammen.,1,,0,0
1386,alternative-fur-deutschland,Und sie finden Ehe für alle schlecht.,6_short,Politik|Aus_den_Nachrichten|Partei_in_Deutschland,2016-10-08T08:01:49Z,6275ee07d0785a2da491fbb224064f23,0:=Und 1:=sie 2:=finden 3:=Ehe 4:=für 5:=alle 6:=schlecht.,1,,0,0
42318,smartphone,"Smartphone wird so gesprochen: ""Smart-fon"".",2_long,Computer|Internet,2012-08-24T08:57:32Z,72fb5f8156adf1b638fc9bd1fa6cdbcf,"0:=Smartphone 1:=wird 2:=so 3:=gesprochen: 4:=""Smart-fon"".",1,,0,0
12411,eifersucht,Er überlegt: Wie er Susi und Peter eins auswischen kann.,15_long,Ohne_Kategorie|Seiten_mit_defekten_Dateilinks,2022-01-03T17:00:58Z,e800bebc9060331edfac65e663a55570,0:=Er 1:=überlegt: 2:=\newline 3:=Wie 4:=er 5:=Susi 6:=und 7:=Peter 8:=eins 9:=auswischen 10:=kann.,3,"[[0, 1], [3, 4, 5, 8, 9, 10], [3, 4, 7, 8, 9, 10]]",1,2
1334,alte-welt,Die Neue Welt ist Amerika.,2_long,Länder|Seiten_mit_defekten_Dateilinks,2019-07-23T04:59:35Z,48f66906899cc4a9477b6c9e32ff4424,0:=Die 1:=Neue 2:=Welt 3:=ist 4:=Amerika.,1,,0,0
2135,anschlag-in-charlottesville,Sie wollen das eine Reiter-figur in der Stadt bleibt.,4_long,Aus_den_Nachrichten|Hurraki:Überarbeiten|Seiten_mit_defekten_Dateilinks,2017-08-20T04:11:19Z,48f66906899cc4a9477b6c9e32ff4424,0:=Sie 1:=wollen 2:=das 3:=eine 4:=Reiter-figur 5:=in 6:=der 7:=Stadt 8:=bleibt.,2,"[[0, 1, 2, 4], [5, 6, 7]]",1,1
1976,anschlag-am-1-januar-2017-istanbul,Sie denkt an die gestorbenen Menschen.,15_long,Aus_den_Nachrichten|Geschichte|Seiten_mit_defekten_Dateilinks,2017-01-03T08:02:25Z,48f66906899cc4a9477b6c9e32ff4424,0:=Sie 1:=denkt 2:=an 3:=die 4:=gestorbenen 5:=Menschen.,1,,0,0
27303,kugelgrill,Ein Kugel-grill ist eine bestimmte Art von Grill.,0_short,Essen_und_Trinken|Technik,2013-12-15T10:24:22Z,eaab3232dd7a824a6a774fd2f2814e47,0:=Ein 1:=Kugel-grill 2:=ist 3:=eine 4:=bestimmte 5:=Art 6:=von 7:=Grill.,2,"[[1, 2], [4, 5, 6]]",1,1
1832,anglizismus,Man bringt die Wörter dann in eine andere Sprache.,1_short,Sprache|Seiten_mit_defekten_Dateilinks,2018-07-04T04:58:19Z,48f66906899cc4a9477b6c9e32ff4424,0:=Man 1:=bringt 2:=die 3:=Wörter 4:=dann 5:=in 6:=eine 7:=andere 8:=Sprache.,1,,0,0
42065,siri,Auch für andere Betriebs-systemen gibt es Sprach-steuerung.,10_long,Computer,2012-09-13T08:37:54Z,72fb5f8156adf1b638fc9bd1fa6cdbcf,0:=Auch 1:=für 2:=andere 3:=Betriebs-systemen 4:=gibt 5:=es 6:=Sprach-steuerung.,1,,0,0
12526,einkommen,Ein-kommens-arten sind zum Beispiel: • Mini-Job,8_long,Geld,2021-10-27T16:11:52Z,4e761a928113c1f23dda0939b1022778,0:=Ein-kommens-arten 1:=sind 2:=zum 3:=Beispiel: 4:=• 5:=Mini-Job,1,,0,0
1671,amtssprache,Und sie wird von Politiker gesprochen.,3_short,Sprache|Öffentliche_Verwaltung|Seiten_mit_defekten_Dateilinks,2015-07-21T11:36:14Z,eaab3232dd7a824a6a774fd2f2814e47,0:=Und 1:=sie 2:=wird 3:=von 4:=Politiker 5:=gesprochen.,1,,0,0
1397,alternative,Das Gegenteil von Alternative ist Alternativ-losig-keit.,7_long,Ohne_Kategorie|Seiten_mit_defekten_Dateilinks,2021-08-27T05:12:11Z,0061a5419063d58697cea347295a4554,0:=Das 1:=Gegenteil 2:=von 3:=Alternative 4:=ist 5:=Alternativ-losig-keit.,1,,0,0
42265,slamball,Und damit es interessant und spannend aussieht.,1_long,Sport,2014-08-26T12:02:12Z,eaab3232dd7a824a6a774fd2f2814e47,0:=Und 1:=damit 2:=es 3:=interessant 4:=und 5:=spannend 6:=aussieht.,2,"[[3], [5]]",1,1
1052,alexander-graham-bell,Alexander Graham Bell kommt am 3. März 1847 auf die Welt.,0_long,Personen|Seiten_mit_defekten_Dateilinks,2022-03-03T19:51:00Z,28d34f2e053dee2c0e9399a7924cd978,0:=Alexander 1:=Graham 2:=Bell 3:=kommt 4:=am 5:=3. 6:=März 7:=1847 8:=auf 9:=die 10:=Welt.,1,,0,0
2086,anschlag-in-ankara-2016,Jemand hat ein Auto in die Luft gesprengt.,3_short,Ohne_Kategorie|Aus_den_Nachrichten|Geschichte|Seiten_mit_defekten_Dateilinks,2016-02-21T09:24:48Z,af28a20dfb151690981ee13d72ce655c,0:=Jemand 1:=hat 2:=ein 3:=Auto 4:=in 5:=die 6:=Luft 7:=gesprengt.,1,,0,0
26961,korperbemalung,Körperbemalung ist Fabe auf der Haut.,0_short,Kleider|Seiten_mit_defekten_Dateilinks,2015-06-05T15:33:34Z,eaab3232dd7a824a6a774fd2f2814e47,0:=Körperbemalung 1:=ist 2:=Fabe 3:=auf 4:=der 5:=Haut.,2,"[[2], [3, 5]]",1,1
1196,alleinunterhalter,Er macht alleine Unterhaltung.,2_short,Beruf|Seiten_mit_defekten_Dateilinks,2019-11-11T08:02:41Z,eaab3232dd7a824a6a774fd2f2814e47,0:=Er 1:=macht 2:=alleine 3:=Unterhaltung.,2,"[[0, 1, 3], [2]]",1,1
42235,skriptkiddie,In dieser Datei stehen Computerbefehle.,3_long,Ohne_Kategorie,2013-02-25T08:09:05Z,28d34f2e053dee2c0e9399a7924cd978,0:=In 1:=dieser 2:=Datei 3:=stehen 4:=Computerbefehle.,1,,0,0
27151,krankheit,Oder Körper-teile funktionieren schlecht.,3_short,Gesundheit|Hurraki:Überarbeiten|Seiten_mit_defekten_Dateilinks,2020-05-07T06:15:23Z,48f66906899cc4a9477b6c9e32ff4424,0:=Oder 1:=Körper-teile 2:=funktionieren 3:=schlecht.,1,,0,0
12343,ehrgeiz,Ein Ehrgeiziger sucht den Beifall.,2_short,Ohne_Kategorie|Seiten_mit_defekten_Dateilinks,2022-01-02T12:29:11Z,e800bebc9060331edfac65e663a55570,0:=Ein 1:=Ehrgeiziger 2:=sucht 3:=den 4:=Beifall.,1,,0,0
10162,demografie,Die Demografie ist eine Wissenschaft.,0_short,Wissenschaft|Gesellschaft|Seiten_mit_defekten_Dateilinks,2021-02-01T07:51:47Z,10d328ecc07ab3b6c356d5ccb8a5c8d3,0:=Die 1:=Demografie 2:=ist 3:=eine 4:=Wissenschaft.,1,,0,0
26907,koran,Der Koran hat 114 Kapitel.,4_long,Religion|Seiten_mit_defekten_Dateilinks,2023-03-06T12:37:08Z,022a27447b80860fa0ec84e918eedf36,0:=Der 1:=Koran 2:=hat 3:=114 4:=Kapitel.,1,,0,0
42492,soldner,Der Chef von einer Söldner-gruppe ist der Söldner-führer.,0_long,Beruf|Seiten_mit_defekten_Dateilinks,2023-07-13T06:01:47Z,48f66906899cc4a9477b6c9e32ff4424,0:=Der 1:=Chef 2:=von 3:=einer 4:=Söldner-gruppe 5:=ist 6:=der 7:=Söldner-führer.,1,,0,0
1391,alternative,"Hans macht den Vorschlag, ins Kino gehen.",1_long,Ohne_Kategorie|Seiten_mit_defekten_Dateilinks,2021-08-27T05:12:11Z,0061a5419063d58697cea347295a4554,"0:=Hans 1:=macht 2:=den 3:=Vorschlag, 4:=ins 5:=Kino 6:=gehen.",2,"[[0, 1, 3], [4, 5, 6]]",1,1
1663,amtssprache,Die Amts-sprache wird benutzt: • wichtige Regeln auf-zu-schreiben,2_long,Sprache|Öffentliche_Verwaltung|Seiten_mit_defekten_Dateilinks,2015-07-21T11:36:14Z,eaab3232dd7a824a6a774fd2f2814e47,0:=Die 1:=Amts-sprache 2:=wird 3:=benutzt: 4:=• 5:=wichtige 6:=Regeln 7:=auf-zu-schreiben,1,,0,0
9770,dampflokomotive,Für den Dampf braucht man Kohle und Wasser.,3_short,Verkehr|Seiten_mit_defekten_Dateilinks,2023-01-30T15:21:08Z,99280970af8d54864c10b22240ecda16,0:=Für 1:=den 2:=Dampf 3:=braucht 4:=man 5:=Kohle 6:=und 7:=Wasser.,2,"[[5], [7]]",1,1
1342,alte-welt,Sie wissen das überall dort Menschen leben.,3_short,Länder|Seiten_mit_defekten_Dateilinks,2019-07-23T04:59:35Z,48f66906899cc4a9477b6c9e32ff4424,0:=Sie 1:=wissen 2:=das 3:=überall 4:=dort 5:=Menschen 6:=leben.,2,"[[0, 1], [2, 3, 4, 5, 6]]",1,1
1092,alexander-mitscherlich,Alexander Mitscherlich war ein: • Hochschul-lehrer,2_short,Ohne_Kategorie|Seiten_mit_defekten_Dateilinks,2022-02-28T12:34:31Z,e800bebc9060331edfac65e663a55570,0:=Alexander 1:=Mitscherlich 2:=war 3:=ein: 4:=• 5:=Hochschul-lehrer,1,,0,0
1360,altenburg,Der Skat-brunnen ist das einzige Denkmal auf der Welt für ein Karten-spiel.,16_long,Städte,2019-03-20T11:00:48Z,ffaa744a207eb843b7f383adcf5da422,0:=Der 1:=Skat-brunnen 2:=ist 3:=das 4:=einzige 5:=Denkmal 6:=auf 7:=der 8:=Welt 9:=für 10:=ein 11:=Karten-spiel.,3,"[[1, 2, 4, 5], [5, 6, 8], [9, 11]]",1,2
1418,alter,Das ist das biographische Alter.,5_long,Seiten_mit_defekten_Dateilinks|Biologie,2012-11-03T22:15:00Z,a6e7bfd89d5771b450c4ab0f5c2996e5,0:=Das 1:=ist 2:=das 3:=biographische 4:=Alter.,1,,0,0
1758,anarchismus,Zum Beispiel bis eine Aufgabe zu Ende ist.,5_long,Politik|Seiten_mit_defekten_Dateilinks,2016-04-25T17:26:24Z,48f66906899cc4a9477b6c9e32ff4424,0:=Zum 1:=Beispiel 2:=bis 3:=eine 4:=Aufgabe 5:=zu 6:=Ende 7:=ist.,1,,0,0
42388,snooker,Snooker ist eine Sport-Art.,0_short,Sport,2012-04-22T08:50:38Z,e3afed0047b08059d0fada10f400c1e5,0:=Snooker 1:=ist 2:=eine 3:=Sport-Art.,1,,0,0
27043,kraftknoten,An manchen Rollstühlen sind Kraftknoten.,0_short,Hilfsmittel,2008-02-12T19:08:32Z,e3afed0047b08059d0fada10f400c1e5,0:=An 1:=manchen 2:=Rollstühlen 3:=sind 4:=Kraftknoten.,1,,0,0
9798,danemark,Zum Königreich Dänemark gehören 3 Länder.,5_short,Ohne_Kategorie|Seiten_mit_defekten_Dateilinks,2023-04-04T08:35:33Z,f3d525674a904e48b4a41a13ef2a54a5,0:=Zum 1:=Königreich 2:=Dänemark 3:=gehören 4:=3 5:=Länder.,1,,0,0
26966,korpergewicht,Und ein Erwachsener hat mehr Körper-gewicht.,1_long,Gesundheit|Seiten_mit_defekten_Dateilinks,2019-12-27T09:05:27Z,eaab3232dd7a824a6a774fd2f2814e47,0:=Und 1:=ein 2:=Erwachsener 3:=hat 4:=mehr 5:=Körper-gewicht.,1,,0,0
9934,daumenkino,Das Wort Daumen-kino hat diese 2 Wörter: • Kino,7_long,Film_und_Kino|Technik,2014-03-01T15:38:30Z,eaab3232dd7a824a6a774fd2f2814e47,0:=Das 1:=Wort 2:=Daumen-kino 3:=hat 4:=diese 5:=2 6:=Wörter: 7:=• 8:=Kino,1,,0,0
26885,kopfsalat,Im Kopf-salat sind viele Mineralien und Vitamine.,12_long,Essen_und_Trinken|Natur,2022-01-12T15:29:05Z,e800bebc9060331edfac65e663a55570,0:=Im 1:=Kopf-salat 2:=sind 3:=viele 4:=Mineralien 5:=und 6:=Vitamine.,2,"[[4], [6]]",1,1
12253,ehegattensplitting,In Deutschland gibt es verschiedene Regeln für die Steuer.,9_long,Seiten_mit_defekten_Dateilinks|Ohne_Kategorie,2014-07-17T09:07:41Z,cfbe77d115cd524def4ccbe596a54842,0:=In 1:=Deutschland 2:=gibt 3:=es 4:=verschiedene 5:=Regeln 6:=für 7:=die 8:=Steuer.,1,,0,0
12189,edgar-allan-poe,Edgar Allan Poe schreibt vor allem: • Horror und Schauer-geschichten,4_long,Personen,2022-01-19T07:15:51Z,e800bebc9060331edfac65e663a55570,0:=Edgar 1:=Allan 2:=Poe 3:=schreibt 4:=vor 5:=allem: 6:=• 7:=Horror 8:=und 9:=Schauer-geschichten,2,"[[7], [9]]",1,1
12442,eigentum,Das steht im Grund-gesetz.,2_long,Ohne_Kategorie|Seiten_mit_defekten_Dateilinks,2021-03-30T07:09:32Z,bd2d2b337209f330d5f813c36f304815,0:=Das 1:=steht 2:=im 3:=Grund-gesetz.,1,,0,0
42146,sitzvolleyball,"Das sind die ""Gewinn-sätze"".",19_long,Sport|Paralympics,2012-01-30T18:24:13Z,d4171b2c36772be4cad75ef4078874bd,"0:=Das 1:=sind 2:=die 3:=""Gewinn-sätze"".",1,,0,0
42366,sneak-preview,Weil es meistens keine Hollywood-Filme sind.,13_long,Film_und_Kino|Seiten_mit_defekten_Dateilinks,2017-10-23T06:43:33Z,48f66906899cc4a9477b6c9e32ff4424,0:=Weil 1:=es 2:=meistens 3:=keine 4:=Hollywood-Filme 5:=sind.,1,,0,0
12349,eichsfeld,"Es gibt viele Kirchen, Burgen und Schlösser.",3_long,Ohne_Kategorie|Seiten_mit_defekten_Dateilinks,2019-03-20T10:40:00Z,ffaa744a207eb843b7f383adcf5da422,"0:=Es 1:=gibt 2:=viele 3:=Kirchen, 4:=Burgen 5:=und 6:=Schlösser.",3,"[[3], [4], [6]]",1,2
27189,kredit,Ich leihe mir Geld von der Bank.,0_long,Geld,2015-11-23T11:05:06Z,88797a15ffaeedd9a8292e0b51c85385,0:=Ich 1:=leihe 2:=mir 3:=Geld 4:=von 5:=der 6:=Bank.,2,"[[0, 1, 2, 3], [4, 6]]",1,1
27206,krempe,Beispiel: Richard möchte auf der Straße nicht erkannt werden.,2_long,Kleider,2011-11-10T10:47:27Z,eaab3232dd7a824a6a774fd2f2814e47,0:=Beispiel: 1:=\newline 2:=Richard 3:=möchte 4:=auf 5:=der 6:=Straße 7:=nicht 8:=erkannt 9:=werden.,2,"[[2, 3, 7, 8, 9], [4, 6]]",1,1
12323,ehe,"2 Menschen versprechen sich, dass sie für immer zusammen bleiben.",2_short,Recht_und_Gesetz,2019-01-14T08:43:52Z,48f66906899cc4a9477b6c9e32ff4424,"0:=2 1:=Menschen 2:=versprechen 3:=sich, 4:=\newline 5:=dass 6:=sie 7:=für 8:=immer 9:=zusammen 10:=bleiben.",3,"[[0, 1, 2, 3], [5, 6, 9, 10], [7, 8]]",1,2
1101,alexander-sutherland-neill,Alexander Sutherland Neill kommt am 17. Oktober 1883 auf die Welt.,0_long,Personen|Seiten_mit_defekten_Dateilinks,2022-02-28T11:47:20Z,e800bebc9060331edfac65e663a55570,0:=Alexander 1:=Sutherland 2:=Neill 3:= 4:=kommt 5:=am 6:=17. 7:=Oktober 8:=1883 9:=auf 10:=die 11:=Welt.,1,,0,0
1017,aleppo,Das heißt: Die meisten Menschen in Aleppo sind Muslime.,4_long,Städte|Seiten_mit_defekten_Dateilinks,2016-09-26T14:57:00Z,7b5adf57ed2178795004f4c052333f37,0:=Das 1:=heißt: 2:=\newline 3:=Die 4:=meisten 5:=Menschen 6:=in 7:=Aleppo 8:=sind 9:=Muslime.,1,,0,0
1189,alleinstehend,Wenn die Person alleine lebt.,2_short,Ohne_Kategorie|Seiten_mit_defekten_Dateilinks,2015-11-18T14:59:56Z,48f66906899cc4a9477b6c9e32ff4424,0:=Wenn 1:=die 2:=Person 3:=alleine 4:=lebt.,1,,0,0
10106,demenz,Manche Medikamente helfen bei Demenz.,19_long,Gesundheit|Seiten_mit_defekten_Dateilinks,2012-10-27T17:19:13Z,a6e7bfd89d5771b450c4ab0f5c2996e5,0:=Manche 1:=Medikamente 2:=helfen 3:=bei 4:=Demenz.,1,,0,0
12466,einfache-sprache,"Einfache Sprache heißt, so reden und schreiben, dass es viele verstehen.",0_short,Sprache|Hurraki|Leichte_Sprache,2015-01-01T19:58:21Z,be9da3e660311583f64df8d974bcb2fe,"0:=Einfache 1:=Sprache 2:=heißt, 3:=\newline 4:=so 5:=reden 6:=und 7:=schreiben, 8:=dass 9:=es 10:=viele 11:=verstehen.",4,"[[0, 1, 2], [4, 5], [4, 7], [8, 9, 10, 11]]",1,3
42075,sit-in,Sie haben sie zum Streiken benutzt.,4_long,Politik,2018-05-01T06:26:34Z,48f66906899cc4a9477b6c9e32ff4424,0:=Sie 1:=haben 2:=sie 3:=zum 4:=Streiken 5:=benutzt.,1,,0,0
27215,krieg,"Das Ziel ist es, andere Länder zu erobern oder Macht zu gewinnen.",4_long,Ohne_Kategorie|Seiten_mit_defekten_Dateilinks,2015-10-10T20:54:29Z,687c465aa14a2b3047e6e0c21fbc9670,"0:=Das 1:=Ziel 2:=ist 3:=es, 4:=andere 5:=Länder 6:=zu 7:=erobern 8:=\newline 9:=oder 10:=Macht 11:=zu 12:=gewinnen.",2,"[[1, 2, 3, 4, 5, 6, 7], [10, 11, 12]]",1,1
2102,anschlag-in-bangkok-im-august-2015,In Thailand gab es schon viele Anschläge.,10_long,Ohne_Kategorie|Geschichte|Seiten_mit_defekten_Dateilinks,2015-08-17T20:33:11Z,af28a20dfb151690981ee13d72ce655c,0:=In 1:=Thailand 2:=gab 3:=es 4:=schon 5:=viele 6:=Anschläge.,1,,0,0
42283,sledge-eishockey,Auf jeder Seite des Spielfeldes steht ein Tor.,7_long,Sport|Paralympics,2012-01-07T18:34:17Z,d4171b2c36772be4cad75ef4078874bd,0:=Auf 1:=jeder 2:=Seite 3:=des 4:=Spielfeldes 5:=steht 6:=ein 7:=Tor.,1,,0,0
9668,currywurst,Oder die Wurst wird mit Curry-Ketchup übergossen.,5_long,Essen_und_Trinken,2019-05-23T21:15:19Z,cb1e31ab104c40efee60452f9427ce6d,0:=Oder 1:=die 2:=Wurst 3:=wird 4:=mit 5:=Curry-Ketchup 6:=übergossen.,1,,0,0
12301,ehe,Zwei (2) Männer können auch eine Ehe machen.,24_long,Recht_und_Gesetz,2019-01-14T08:43:52Z,48f66906899cc4a9477b6c9e32ff4424,0:=Zwei 1:=(2) 2:=Männer 3:=können 4:=auch 5:=eine 6:=Ehe 7:=machen.,1,,0,0
1338,alte-welt,Und fangen an Sachen mit-einander zu handeln.,6_long,Länder|Seiten_mit_defekten_Dateilinks,2019-07-23T04:59:35Z,48f66906899cc4a9477b6c9e32ff4424,0:=Und 1:=fangen 2:=an 3:=Sachen 4:=mit-einander 5:=zu 6:=handeln.,2,"[[1, 2], [3, 4, 5, 6]]",1,1
1094,alexander-mitscherlich,Sein bekanntestes Buch heißt:,4_short,Ohne_Kategorie|Seiten_mit_defekten_Dateilinks,2022-02-28T12:34:31Z,e800bebc9060331edfac65e663a55570,0:=Sein 1:=bekanntestes 2:=Buch 3:=heißt:,1,,0,0
1823,angemessen,Oder: Der Preis für die Schuhe ist angemessen.,1_long,Ohne_Kategorie|Seiten_mit_defekten_Dateilinks,2022-11-03T09:54:28Z,201e0effb656cbd3bfbc17b944eb536e,0:=Oder: 1:=\newline 2:=Der 3:=Preis 4:=für 5:=die 6:=Schuhe 7:=ist 8:=angemessen.,2,"[[4, 6], [7, 8]]",1,1
42273,slam,Slam gibt es: • beim Basketball beim Slam-Dunking,1_short,Wörter_mit_verschiedenen_Bedeutungen,2014-08-05T19:10:37Z,eaab3232dd7a824a6a774fd2f2814e47,0:=Slam 1:=gibt 2:=es: 3:=• 4:=beim 5:=Basketball 6:= 7:=beim 8:=Slam-Dunking,2,"[[4, 5], [7, 8]]",1,1
27245,krimkrise,Weil sie verschiedene Meinungen haben.,7_short,Politik|Geopolitik|Seiten_mit_defekten_Dateilinks,2015-08-02T10:35:14Z,af28a20dfb151690981ee13d72ce655c,0:=Weil 1:=sie 2:=verschiedene 3:=Meinungen 4:=haben.,1,,0,0
42480,solander-box,Eine Solander-Box ist eine Schachtel.,0_short,Ohne_Kategorie,2014-05-06T15:05:38Z,af28a20dfb151690981ee13d72ce655c,0:=Eine 1:=Solander-Box 2:=ist 3:=eine 4:=Schachtel.,1,,0,0
42132,sitzvolleyball,Jede Mannschaft bekommt eine Hälfte.,5_long,Sport|Paralympics,2012-01-30T18:24:13Z,d4171b2c36772be4cad75ef4078874bd,0:=Jede 1:=Mannschaft 2:=bekommt 3:=eine 4:=Hälfte.,1,,0,0
12344,ehrgeiz,Der Beifall ist seine Belohnung.,3_short,Ohne_Kategorie|Seiten_mit_defekten_Dateilinks,2022-01-02T12:29:11Z,e800bebc9060331edfac65e663a55570,0:=Der 1:=Beifall 2:=ist 3:=seine 4:=Belohnung.,1,,0,0
9811,das-bildnis-des-dorian-gray,Oscar Wilde hat den Roman geschrieben.,1_short,Lesen_und_Bücher,2022-01-22T14:04:56Z,e800bebc9060331edfac65e663a55570,0:=Oscar 1:=Wilde 2:=hat 3:=den 4:=Roman 5:=geschrieben.,1,,0,0
26920,korea-konflikt,Sie streiten sich um eine Insel in Korea.,7_long,Geopolitik|Politik|Aus_den_Nachrichten,2018-02-18T07:36:44Z,48f66906899cc4a9477b6c9e32ff4424,0:=Sie 1:=streiten 2:=sich 3:=um 4:=eine 5:=Insel 6:=in 7:=Korea.,2,"[[0, 1, 2], [3, 5, 6, 7]]",1,1
42213,sklave,Die Vereinte Nationen haben im Jahr 1948 einen Vertrag gemacht.,12_long,Ohne_Kategorie,2013-11-26T08:07:47Z,6275ee07d0785a2da491fbb224064f23,0:=Die 1:=Vereinte 2:=Nationen 3:=haben 4:=im 5:=Jahr 6:=1948 7:=einen 8:=Vertrag 9:=gemacht.,2,"[[1, 2, 3, 8, 9], [4, 5, 6]]",1,1
42182,skateboard,Ein Skate-board ist ein Brett mit Rollen.,0_short,Fortbewegung|Sport,2008-09-23T17:46:59Z,be4178123f065f8d36c5093129c005dc,0:=Ein 1:=Skate-board 2:=ist 3:=ein 4:=Brett 5:=mit 6:=Rollen.,2,"[[1, 2, 4], [5, 6]]",1,1
9769,dampflokomotive,Die Dampf-lokomotive fährt mit Wasser-dampt.,2_short,Verkehr|Seiten_mit_defekten_Dateilinks,2023-01-30T15:21:08Z,99280970af8d54864c10b22240ecda16,0:=Die 1:=Dampf-lokomotive 2:=fährt 3:=mit 4:=Wasser-dampt.,1,,0,0
1460,altonaer-fischmarkt,Der Markt ist bekannt für seine Markt-schreier.,4_short,Essen_und_Trinken|Seiten_mit_defekten_Dateilinks,2023-02-08T08:19:21Z,58d6d1d5aca5e9e6ed470dcf6dafeb4e,0:=Der 1:=Markt 2:=ist 3:=bekannt 4:=für 5:=seine 6:=Markt-schreier.,1,,0,0
1171,alkohol,Und man soll auch nicht allein Alkohol trinken.,23_long,Essen_und_Trinken|Seiten_mit_defekten_Dateilinks|Wörter_mit_verschiedenen_Bedeutungen,2023-05-18T06:47:13Z,48f66906899cc4a9477b6c9e32ff4424,0:=Und 1:=man 2:=soll 3:=auch 4:=nicht 5:=allein 6:=Alkohol 7:=trinken.,2,"[[1, 2, 3, 4, 6, 7], [5]]",1,1
42271,slamball,Damit die Spieler höher springen können.,4_short,Sport,2014-08-26T12:02:12Z,eaab3232dd7a824a6a774fd2f2814e47,0:=Damit 1:=die 2:=Spieler 3:=höher 4:=springen 5:=können.,1,,0,0
1872,animal-liberation-front,"Mitmachen darf, wer: • Vegetarier oder Veganer ist.",3_long,Ohne_Kategorie,,,"0:=Mitmachen 1:=darf, 2:=wer: 3:=• 4:=Vegetarier 5:=oder 6:=Veganer 7:=ist.",2,"[[4], [6]]",1,1
42249,skype,Skype ist ein Internet-Telefonie-Programm.,0_long,Computer,2008-04-18T19:54:06Z,e3afed0047b08059d0fada10f400c1e5,0:=Skype 1:=ist 2:=ein 3:=Internet-Telefonie-Programm.,1,,0,0
1105,alexander-sutherland-neill,Er hat die Summerhill Schule geründet.,1_short,Personen|Seiten_mit_defekten_Dateilinks,2022-02-28T11:47:20Z,e800bebc9060331edfac65e663a55570,0:=Er 1:=hat 2:=die 3:=Summerhill 4:=Schule 5:=geründet.,1,,0,0
1026,aleppo,In Syrien ist Bürger-krieg.,13_long,Städte|Seiten_mit_defekten_Dateilinks,2016-09-26T14:57:00Z,7b5adf57ed2178795004f4c052333f37,0:=In 1:=Syrien 2:=ist 3:=Bürger-krieg.,1,,0,0
12371,eierlegende-wollmilchsau,In diesem Bild kommt vor: • eine Kuh die Milch gibt,4_long,Redewendungen,2013-10-21T08:18:22Z,eaab3232dd7a824a6a774fd2f2814e47,0:=In 1:=diesem 2:=Bild 3:=kommt 4:=vor: 5:=• 6:=eine 7:=Kuh 8:=die 9:=Milch 10:=gibt,3,"[[0, 2, 3, 4], [7], [8, 9, 10]]",1,2
1707,anakonda,Die Umarmung ist sehr fest.,15_long,Tiere|Reptilien,2021-03-30T09:18:50Z,5fa944995d8c21065f2309550624baf9,0:=Die 1:=Umarmung 2:=ist 3:=sehr 4:=fest.,1,,0,0
12307,ehe,Man hat in der Ehe viele Rechte.,30_long,Recht_und_Gesetz,2019-01-14T08:43:52Z,48f66906899cc4a9477b6c9e32ff4424,0:=Man 1:=hat 2:=in 3:=der 4:=Ehe 5:=viele 6:=Rechte.,1,,0,0
42111,sitelen-sitelen,Dieses ist ein Weg-bereiter zum Erlernen von Maya-schrift.,1_long,Seiten_mit_defekten_Dateilinks|Ohne_Kategorie,2022-02-09T12:13:55Z,e800bebc9060331edfac65e663a55570,0:=Dieses 1:=ist 2:=ein 3:=Weg-bereiter 4:=zum 5:=Erlernen 6:=von 7:=Maya-schrift.,1,,0,0
9742,dagger-complex,Manche sagen: • es gibt viele unterirdische Räume auf dem Dagger Complex,10_long,Ohne_Kategorie,2013-09-01T17:43:42Z,6275ee07d0785a2da491fbb224064f23,0:=Manche 1:=sagen: 2:=• 3:=es 4:=gibt 5:=viele 6:=unterirdische 7:=Räume 8:=auf 9:=dem 10:=Dagger 11:=Complex,3,"[[3, 4, 5, 7], [6, 7], [8, 10, 11]]",1,2
12467,einfache-sprache,Einfache Sprache ist ähnlich wie Leichte Sprache.,1_short,Sprache|Hurraki|Leichte_Sprache,2015-01-01T19:58:21Z,be9da3e660311583f64df8d974bcb2fe,0:=Einfache 1:=Sprache 2:=ist 3:=ähnlich 4:=wie 5:=Leichte 6:=Sprache.,1,,0,0
9903,datenschutz,Datenschutz meint die Daten von Menschen.,13_long,Recht_und_Gesetz|Seiten_mit_defekten_Dateilinks,2022-10-29T04:32:19Z,48f66906899cc4a9477b6c9e32ff4424,0:=Datenschutz 1:=meint 2:=die 3:=Daten 4:=von 5:=Menschen.,2,"[[0, 1], [4, 5]]",1,1
1043,aleviten,Andere Aleviten sehen sich nicht als Muslime.,5_short,Religion,2008-02-02T09:57:28Z,e3afed0047b08059d0fada10f400c1e5,0:=Andere 1:=Aleviten 2:=sehen 3:=sich 4:=nicht 5:=als 6:=Muslime.,1,,0,0
12278,ehe,Es gibt Regeln vom Staat.,1_long,Recht_und_Gesetz,2019-01-14T08:43:52Z,48f66906899cc4a9477b6c9e32ff4424,0:=Es 1:=gibt 2:=Regeln 3:=vom 4:=Staat.,1,,0,0
27088,krankenkasse,Die Mitglieder bekommen eine Kranken-versicherungs-karte.,19_long,Gesundheit|Recht_und_Gesetz|Seiten_mit_defekten_Dateilinks,2020-08-04T13:39:48Z,cfbe77d115cd524def4ccbe596a54842,0:=Die 1:=Mitglieder 2:=bekommen 3:=eine 4:=Kranken-versicherungs-karte.,1,,0,0
10003,debatte,Dann reden die Politiker im Parlament.,8_long,Seiten_mit_defekten_Dateilinks|Ohne_Kategorie,2015-01-30T06:01:49Z,6275ee07d0785a2da491fbb224064f23,0:=Dann 1:=reden 2:=die 3:=Politiker 4:=im 5:=Parlament.,2,"[[0, 1, 3], [4, 5]]",1,1
42177,skateboard,Ein Skateüboard ist ungefähr • ein Meter lang und,0_long,Fortbewegung|Sport,2008-09-23T17:46:59Z,be4178123f065f8d36c5093129c005dc,0:=Ein 1:=Skateüboard 2:=ist 3:=ungefähr 4:=• 5:=ein 6:=Meter 7:=lang 8:=und,1,,0,0
1316,allgemeines-gleichbehandlungsgesetz,Es hatte früher den Namen Anti-diskriminierungs-gesetz.,12_long,Politik|Recht_und_Gesetz|Seiten_mit_defekten_Dateilinks,2008-02-02T09:59:38Z,e3afed0047b08059d0fada10f400c1e5,0:=Es 1:=hatte 2:=früher 3:=den 4:=Namen 5:=Anti-diskriminierungs-gesetz.,1,,0,0
12219,egalitarismus,Da sollen alle gleich behandelt werden.,5_long,Haltung|Politische_Idee|Seiten_mit_defekten_Dateilinks,2022-09-22T12:10:23Z,48f66906899cc4a9477b6c9e32ff4424,0:=Da 1:=sollen 2:=alle 3:=gleich 4:=behandelt 5:=werden.,1,,0,0
1666,amtssprache,Länder mit mehreren Amts-sprachen benutzten auch noch eine Arbeits-sprache.,5_long,Sprache|Öffentliche_Verwaltung|Seiten_mit_defekten_Dateilinks,2015-07-21T11:36:14Z,eaab3232dd7a824a6a774fd2f2814e47,0:=Länder 1:=mit 2:=mehreren 3:=Amts-sprachen 4:=benutzten 5:=auch 6:=noch 7:=eine 8:=Arbeits-sprache.,2,"[[1, 2, 3], [4, 5, 6, 7, 8]]",1,1
9884,datenschutz-grundverordnung,Oder welche Daten man löschen muss.,5_short,Recht_und_Gesetz,2018-06-04T15:22:46Z,48f66906899cc4a9477b6c9e32ff4424,0:=Oder 1:=welche 2:=Daten 3:=man 4:=löschen 5:=muss.,1,,0,0
9705,da-steppt-der-bar,Beispiel: Auf der Geburtstagsfeier steppt der Bär.,0_long,Redewendungen,2012-02-28T08:59:39Z,a9f29492ed8786de5125371472bcc003,0:=Beispiel: 1:=\newline 2:=Auf 3:=der 4:=Geburtstagsfeier 5:=steppt 6:=der 7:=Bär.,2,"[[2, 4], [5, 7]]",1,1
26856,kopfballtischtennis,"Bei jedem Spiel muss man 11 Punkte machen, damit man gewinnt.",5_long,Sport,2013-10-04T08:34:55Z,d4171b2c36772be4cad75ef4078874bd,"0:=Bei 1:=jedem 2:=Spiel 3:=muss 4:=man 5:=11 6:=Punkte 7:=machen, 8:=\newline 9:=damit 10:=man 11:=gewinnt.",2,"[[0, 1, 2, 3, 4, 5, 6, 7], [9, 10, 11]]",1,1
9889,datenschutz-grundverordnung,Jeder soll die Kontrolle über seine eigenen Daten haben.,10_short,Recht_und_Gesetz,2018-06-04T15:22:46Z,48f66906899cc4a9477b6c9e32ff4424,0:=Jeder 1:=soll 2:=die 3:=Kontrolle 4:=über 5:=seine 6:=eigenen 7:=Daten 8:=haben.,2,"[[0, 1, 3, 8], [4, 5, 6, 7]]",1,1
12255,ehegattensplitting,"Wer mehr Geld verdient, soll mehr Steuern zahlen.",11_long,Seiten_mit_defekten_Dateilinks|Ohne_Kategorie,2014-07-17T09:07:41Z,cfbe77d115cd524def4ccbe596a54842,"0:=Wer 1:=mehr 2:=Geld 3:=verdient, 4:=soll 5:=mehr 6:=Steuern 7:=zahlen.",2,"[[0, 1, 2, 3], [4, 5, 6, 7]]",1,1
1388,alternative-fur-deutschland,Sie haben sehr viele verschiedene Meinungen.,8_short,Politik|Aus_den_Nachrichten|Partei_in_Deutschland,2016-10-08T08:01:49Z,6275ee07d0785a2da491fbb224064f23,0:=Sie 1:=haben 2:=sehr 3:=viele 4:=verschiedene 5:=Meinungen.,1,,0,0
12494,eingliederungshilfe,"Das kann Geld sein. • Eingliederungshilfe gibt es, wenn man krank ist",1_long,Recht_und_Gesetz,2009-12-26T16:15:41Z,d8779288de353a0da9951dfcae710103,"0:=Das 1:=kann 2:=Geld 3:=sein. 4:=• 5:=Eingliederungshilfe 6:=gibt 7:=es, 8:=wenn 9:=man 10:=krank 11:=ist",3,"[[0, 1, 2, 3], [5, 6, 7], [8, 9, 10, 11]]",1,2
9678,cyanogenmod,"Das heißt: Je nach dem von welcher Firma man ein Handy kauft, hat man ein verändertes Android Betriebssystem auf dem Handy.",3_long,Computer,2013-11-27T06:06:48Z,28d34f2e053dee2c0e9399a7924cd978,"0:=Das 1:=heißt: 2:= 3:=\newline 4:=Je 5:=nach 6:=dem 7:=von 8:=welcher 9:=Firma 10:=man 11:=ein 12:=Handy 13:=kauft, 14:=\newline 15:=hat 16:=man 17:=ein 18:=verändertes 19:=Android 20:=Betriebssystem 21:=auf 22:=dem 23:=Handy.",4,"[[4, 5, 7, 8, 9, 10, 12, 13], [15, 16, 18, 19], [15, 16, 18, 20], [21, 23]]",1,3
27116,krankenversicherungskarte,Die Menschen in Deutschland bekommen die Karte von ihrer Kranken-versicherung.,2_short,Ohne_Kategorie,2014-06-26T07:56:07Z,cfbe77d115cd524def4ccbe596a54842,0:=Die 1:=Menschen 2:=in 3:=Deutschland 4:=bekommen 5:=die 6:=Karte 7:=von 8:=ihrer 9:=Kranken-versicherung.,3,"[[1, 2, 3], [1, 4, 6], [4, 7, 8, 9]]",1,2
9965,david-bowie,Er hat einen Stern auf dem Hollywood Walk of Fame.,18_long,Musik|Personen,2016-01-11T18:42:10Z,28d34f2e053dee2c0e9399a7924cd978,0:=Er 1:=hat 2:=einen 3:=Stern 4:=auf 5:=dem 6:=Hollywood 7:=Walk 8:=of 9:=Fame.,3,"[[0, 1, 3], [4, 7, 8, 9], [6]]",1,2
42033,singles-day,Die Zahl 1 ist ein Symbol für Menschen die alleine leben.,4_long,Gedenktage_und_Aktionstage|Seiten_mit_defekten_Dateilinks,2017-11-19T11:29:31Z,48f66906899cc4a9477b6c9e32ff4424,0:=Die 1:=Zahl 2:=1 3:=ist 4:=ein 5:=Symbol 6:=für 7:=Menschen 8:=die 9:=alleine 10:=leben.,3,"[[1, 2, 3, 5], [5, 6, 7], [7, 8, 9, 10]]",1,2
42197,skirtini,Für den Unterkörper gibt es einen sehr kurzen Rock.,2_long,Kleider,2014-08-03T09:42:21Z,28d34f2e053dee2c0e9399a7924cd978,0:=Für 1:=den 2:=Unterkörper 3:=gibt 4:=es 5:=einen 6:=sehr 7:=kurzen 8:=Rock.,3,"[[0, 2], [3, 4, 8], [6, 7, 8]]",1,2
12171,echter-clownfisch,Aus den Eiern schlüpfen dann Jung-fische.,25_long,Tiere|Seiten_mit_defekten_Dateilinks,2021-05-15T15:50:47Z,7b5adf57ed2178795004f4c052333f37,0:=Aus 1:=den 2:=Eiern 3:=schlüpfen 4:=dann 5:=Jung-fische.,1,,0,0
12479,einfaltig,Das Wort einfältig ist ein Adjektiv.,0_long,Ohne_Kategorie,2012-12-17T19:44:12Z,eaab3232dd7a824a6a774fd2f2814e47,0:=Das 1:=Wort 2:=einfältig 3:=ist 4:=ein 5:=Adjektiv.,1,,0,0
2083,anschlag-in-ankara-2016,Der Anschlag in Ankara 2016 ist am 17. Februar 2016 gewesen.,0_short,Ohne_Kategorie|Aus_den_Nachrichten|Geschichte|Seiten_mit_defekten_Dateilinks,2016-02-21T09:24:48Z,af28a20dfb151690981ee13d72ce655c,0:=Der 1:=Anschlag 2:=in 3:=Ankara 4:=2016 5:=ist 6:=am 7:=17. 8:=Februar 9:=2016 10:=gewesen.,2,"[[2, 3, 4], [6, 7, 8, 9]]",1,1
26869,kopfgeld,"Man bekommt es, wenn man eine Person findet.",1_short,Recht_und_Gesetz|Seiten_mit_defekten_Dateilinks,2021-09-09T06:31:21Z,48f66906899cc4a9477b6c9e32ff4424,"0:=Man 1:=bekommt 2:=es, 3:=wenn 4:=man 5:=eine 6:=Person 7:=findet.",2,"[[0, 1, 2], [3, 4, 6, 7]]",1,1
42199,skirtini,Aus den Wörtern Skirt und Bikini wird: Skirtini.,4_long,Kleider,2014-08-03T09:42:21Z,28d34f2e053dee2c0e9399a7924cd978,0:=Aus 1:=den 2:=Wörtern 3:=Skirt 4:=und 5:=Bikini 6:=wird: 7:=Skirtini.,1,,0,0
1926,anonymitat,Er sagt seinen Namen nicht.,1_long,Ohne_Kategorie,2015-01-03T20:19:29Z,5ddcf7455ff456f1eb3baf0107f54e42,0:=Er 1:=sagt 2:=seinen 3:=Namen 4:=nicht.,1,,0,0
1375,alternative-fur-deutschland,"Viele Menschen die AfD wählen, sind Protest-wähler.",12_long,Politik|Aus_den_Nachrichten|Partei_in_Deutschland,2016-10-08T08:01:49Z,6275ee07d0785a2da491fbb224064f23,"0:=Viele 1:=Menschen 2:=die 3:=AfD 4:=wählen, 5:=\newline 6:=sind 7:=Protest-wähler.",2,"[[2, 3, 4], [6, 7]]",1,1
2040,anschlag-auf-den-bus-von-borussia-dortmund,Er hat die Bomben gemacht.,12_long,Aus_den_Nachrichten|Hurraki:Überarbeiten|Geschichte|Seiten_mit_defekten_Dateilinks,2017-04-15T05:42:54Z,48f66906899cc4a9477b6c9e32ff4424,0:=Er 1:=hat 2:=die 3:=Bomben 4:=gemacht.,1,,0,0
42343,smartphone,Man kann Software darauf installieren.,3_short,Computer|Internet,2012-08-24T08:57:32Z,72fb5f8156adf1b638fc9bd1fa6cdbcf,0:=Man 1:=kann 2:=Software 3:=darauf 4:=installieren.,1,,0,0
1955,anorexie,Bei einer Anorexie hat man keine Lust etwas zu essen.,0_short,Gesundheit,2013-11-19T10:00:18Z,4fb76af6644df80663ac679b7fa308cd,0:=Bei 1:=einer 2:=Anorexie 3:=hat 4:=man 5:=keine 6:=Lust 7:=etwas 8:=zu 9:=essen.,2,"[[0, 2, 3, 4, 5, 6], [7, 8, 9]]",1,1
9978,de-cix,Alle Leitungen zusammen heißen Netz.,1_long,Seiten_mit_defekten_Dateilinks|Ohne_Kategorie,2015-02-01T21:54:47Z,28d34f2e053dee2c0e9399a7924cd978,0:=Alle 1:=Leitungen 2:=zusammen 3:=heißen 4:=Netz.,1,,0,0
42166,sixtinische-kapelle,Sie ist in der Vatikanstadt.,1_short,Ort|Seiten_mit_defekten_Dateilinks,2013-03-12T07:06:15Z,7b5adf57ed2178795004f4c052333f37,0:=Sie 1:=ist 2:=in 3:=der 4:=Vatikanstadt.,1,,0,0
1964,anschlag-am-1-januar-2017-istanbul,Und keiner weiß wo der Mann ist.,3_long,Aus_den_Nachrichten|Geschichte|Seiten_mit_defekten_Dateilinks,2017-01-03T08:02:25Z,48f66906899cc4a9477b6c9e32ff4424,0:=Und 1:=keiner 2:=weiß 3:=wo 4:=der 5:=Mann 6:=ist.,2,"[[1, 2], [3, 5, 6]]",1,1
27190,kredit,Das nennt man: Kredit bekommen.,1_long,Geld,2015-11-23T11:05:06Z,88797a15ffaeedd9a8292e0b51c85385,0:=Das 1:=nennt 2:=man: 3:=Kredit 4:=bekommen.,1,,0,0
10001,debatte,In der Politik gibt es Debatten.,6_long,Seiten_mit_defekten_Dateilinks|Ohne_Kategorie,2015-01-30T06:01:49Z,6275ee07d0785a2da491fbb224064f23,0:=In 1:=der 2:=Politik 3:=gibt 4:=es 5:=Debatten.,2,"[[0, 2], [3, 4, 5]]",1,1
9919,dauerwelle,Um eine Dauerwelle zu machen braucht man ein Mittel und Lockenwickler.,0_long,Frisur,2013-02-20T18:45:14Z,eaab3232dd7a824a6a774fd2f2814e47,0:=Um 1:=eine 2:=Dauerwelle 3:=zu 4:=machen 5:=braucht 6:=man 7:=ein 8:=Mittel 9:=und 10:=Lockenwickler.,3,"[[0, 2, 3, 4], [5, 6, 8], [5, 6, 10]]",1,2
9863,datenschutz-grundverordnung,Wenn die Daten von Menschen aus der Europäischen Union kommen.,3_long,Recht_und_Gesetz,2018-06-04T15:22:46Z,48f66906899cc4a9477b6c9e32ff4424,0:=Wenn 1:=die 2:=Daten 3:=von 4:=Menschen 5:=aus 6:=der 7:=Europäischen 8:=Union 9:=kommen.,2,"[[3, 4], [5, 7, 8]]",1,1
9899,datenschutz,Zum Beispiel: • welche Daten jemand von mir haben kann,9_long,Recht_und_Gesetz|Seiten_mit_defekten_Dateilinks,2022-10-29T04:32:19Z,48f66906899cc4a9477b6c9e32ff4424,0:=Zum 1:=Beispiel: 2:=• 3:=welche 4:=Daten 5:=jemand 6:=von 7:=mir 8:=haben 9:=kann,1,,0,0
1920,annalena-baerbock,Sie ist in der Partei die Grünen.,1_short,Aus_den_Nachrichten|Personen|Politik,2021-11-29T06:50:49Z,48f66906899cc4a9477b6c9e32ff4424,0:=Sie 1:=ist 2:=in 3:=der 4:=Partei 5:=die 6:=Grünen.,2,"[[2, 4], [5, 6]]",1,1
1900,anlauttabelle,Darauf sind Buchstaben und Bilder.,1_short,Schule_und_Lernen,2014-08-26T17:59:17Z,af28a20dfb151690981ee13d72ce655c,0:=Darauf 1:=sind 2:=Buchstaben 3:=und 4:=Bilder.,2,"[[2], [4]]",1,1
42303,smalltalk,Smalltalk hat zwei englische Wörter: • Talk (heißt: sich unterhalten),3_long,Sprache,2014-01-23T10:58:39Z,eaab3232dd7a824a6a774fd2f2814e47,0:=Smalltalk 1:=hat 2:=zwei 3:=englische 4:=Wörter: 5:=• 6:=Talk 7:=(heißt: 8:=sich 9:=unterhalten),2,"[[0, 1, 2, 3, 4, 6], [7, 8, 9]]",1,1
12380,eierlegende-wollmilchsau,Zum Beispiel wenn: • es keine Nachteile hat,6_short,Redewendungen,2013-10-21T08:18:22Z,eaab3232dd7a824a6a774fd2f2814e47,0:=Zum 1:=Beispiel 2:=wenn: 3:=• 4:=es 5:=keine 6:=Nachteile 7:=hat,1,,0,0
9833,das-kalte-herz,Wilhelm Hauff schreibt das Märchen.,1_short,Seiten_mit_defekten_Dateilinks|Ohne_Kategorie,2022-02-23T16:43:28Z,e800bebc9060331edfac65e663a55570,0:=Wilhelm 1:=Hauff 2:=schreibt 3:=das 4:=Märchen.,1,,0,0
42131,sitzvolleyball,Das Spiel-feld hat 2 Hälften.,4_long,Sport|Paralympics,2012-01-30T18:24:13Z,d4171b2c36772be4cad75ef4078874bd,0:=Das 1:=Spiel-feld 2:=hat 3:=2 4:=Hälften.,1,,0,0
27257,kriterien,Alle anderen Autos möchte ich nicht.,4_long,Ohne_Kategorie|Seiten_mit_defekten_Dateilinks,2017-08-29T13:52:21Z,8e384e35a2bd67eaeb964edc16d2f92c,0:=Alle 1:=anderen 2:=Autos 3:=möchte 4:=ich 5:=nicht.,1,,0,0
12274,ehegattensplitting,"Das Wort to split, heißt auf deutsch: teilen.",30_long,Seiten_mit_defekten_Dateilinks|Ohne_Kategorie,2014-07-17T09:07:41Z,cfbe77d115cd524def4ccbe596a54842,"0:=Das 1:=Wort 2:=to 3:=split, 4:=heißt 5:=auf 6:=deutsch: 7:=teilen.",1,,0,0
9663,currywurst,Die Curry-wurst ist ein Essen aus Deutschland.,0_long,Essen_und_Trinken,2019-05-23T21:15:19Z,cb1e31ab104c40efee60452f9427ce6d,0:=Die 1:=Curry-wurst 2:=ist 3:=ein 4:=Essen 5:=aus 6:=Deutschland.,2,"[[4], [6]]",1,1
1712,anakonda,Die Anakonda beisst nicht ab.,20_long,Tiere|Reptilien,2021-03-30T09:18:50Z,5fa944995d8c21065f2309550624baf9,0:=Die 1:=Anakonda 2:=beisst 3:=nicht 4:=ab.,1,,0,0
12488,eingewohnungszeit,Die Eingewöhnung-zeit ist der Anfang im Kindergarten.,0_short,Ohne_Kategorie|Seiten_mit_defekten_Dateilinks,2023-03-06T12:53:09Z,022a27447b80860fa0ec84e918eedf36,0:=Die 1:=Eingewöhnung-zeit 2:=ist 3:=der 4:=Anfang 5:=im 6:=Kindergarten.,1,,0,0
12448,eigenverantwortung,"Für das, was man tut.",2_long,Selbstbestimmung|Seiten_mit_defekten_Dateilinks,2012-10-25T08:45:26Z,72fb5f8156adf1b638fc9bd1fa6cdbcf,"0:=Für 1:=das, 2:=was 3:=man 4:=tut.",1,,0,0
42085,sitar,Auch die Gitarre ist ein Zupinstrument.,1_long,Ohne_Kategorie,2012-12-12T07:56:56Z,7b5adf57ed2178795004f4c052333f37,0:=Auch 1:=die 2:=Gitarre 3:=ist 4:=ein 5:=Zupinstrument.,1,,0,0
1822,angemessen,Beispiel: Der Preis für die Schuhe ist in Ordnung.,0_long,Ohne_Kategorie|Seiten_mit_defekten_Dateilinks,2022-11-03T09:54:28Z,201e0effb656cbd3bfbc17b944eb536e,0:=Beispiel: 1:=\newline 2:=Der 3:=Preis 4:=für 5:=die 6:=Schuhe 7:=ist 8:=in 9:=Ordnung.,2,"[[4, 6], [7, 8, 9]]",1,1
1281,alles-in-butter,Aber am nächsten Tag vertragen sie sich wieder.,5_long,Redewendungen,2012-01-24T17:11:50Z,a9f29492ed8786de5125371472bcc003,0:=Aber 1:=am 2:=nächsten 3:=Tag 4:=vertragen 5:=sie 6:=sich 7:=wieder.,2,"[[0, 1, 2, 3], [4, 5, 6, 7]]",1,1
12477,einfaches-leben,Ein Einfaches Leben ist ein Leben ohne viele Sachen zu haben.,0_short,Ohne_Kategorie,2015-04-06T13:18:53Z,af28a20dfb151690981ee13d72ce655c,0:=Ein 1:=Einfaches 2:=Leben 3:=ist 4:=ein 5:=Leben 6:=ohne 7:=viele 8:=Sachen 9:=zu 10:=haben.,2,"[[1, 2, 3], [6, 7, 8, 9, 10]]",1,1
1668,amtssprache,Eine Amtssprache ist eine Sprache.,0_short,Sprache|Öffentliche_Verwaltung|Seiten_mit_defekten_Dateilinks,2015-07-21T11:36:14Z,eaab3232dd7a824a6a774fd2f2814e47,0:=Eine 1:=Amtssprache 2:=ist 3:=eine 4:=Sprache.,1,,0,0
27120,krankenversicherung,Du gibst beim Arzt deine Kranken-versicherungs-karte ab und der Arzt behandelt dich.,1_long,Arbeit,2021-10-26T07:49:24Z,4e761a928113c1f23dda0939b1022778,0:=Du 1:=gibst 2:=beim 3:=Arzt 4:=deine 5:=Kranken-versicherungs-karte 6:=ab 7:= 8:=\newline 9:=und 10:=der 11:=Arzt 12:=behandelt 13:=dich.,3,"[[0, 1, 4, 5, 6], [2, 3], [11, 12, 13]]",1,2
42368,sneak-preview,Beim Sneak Preview ist man der erste der den Film sieht.,15_long,Film_und_Kino|Seiten_mit_defekten_Dateilinks,2017-10-23T06:43:33Z,48f66906899cc4a9477b6c9e32ff4424,0:=Beim 1:=Sneak 2:=Preview 3:=ist 4:=man 5:=der 6:=erste 7:=der 8:=den 9:=Film 10:=sieht.,2,"[[0, 1, 2, 3, 4, 6], [7, 9, 10]]",1,1
42325,smartphone,Man kann verschiedene Software installieren.,9_long,Computer|Internet,2012-08-24T08:57:32Z,72fb5f8156adf1b638fc9bd1fa6cdbcf,0:=Man 1:=kann 2:=verschiedene 3:=Software 4:=installieren.,1,,0,0
42112,sitelen-sitelen,"Wenn man die Silben-zeichen mit-einander verbindet, dann bildet man damit ein Wort.",2_long,Seiten_mit_defekten_Dateilinks|Ohne_Kategorie,2022-02-09T12:13:55Z,e800bebc9060331edfac65e663a55570,"0:=Wenn 1:=man 2:=die 3:=Silben-zeichen 4:=mit-einander 5:=verbindet, 6:=\newline 7:=dann 8:=bildet 9:=man 10:=damit 11:=ein 12:=Wort.",2,"[[0, 1, 3, 4, 5], [7, 8, 9, 10, 12]]",1,1
12557,eins,Und sie ist eine Quadrat-zahl.,1_long,Seiten_mit_defekten_Dateilinks|Ohne_Kategorie,2018-11-19T09:26:30Z,48f66906899cc4a9477b6c9e32ff4424,0:=Und 1:=sie 2:=ist 3:=eine 4:=Quadrat-zahl.,1,,0,0
1138,alkoholkrankheit,Wenn man die Alkohol-krankheit hat braucht man Hilfe.,9_long,Ohne_Kategorie|Seiten_mit_defekten_Dateilinks,2023-03-06T15:49:02Z,017ecada082ed42bbfc77d89d4b14406,0:=Wenn 1:=man 2:=die 3:=Alkohol-krankheit 4:=hat 5:=braucht 6:=man 7:=Hilfe.,2,"[[0, 1, 3, 4], [5, 6, 7]]",1,1
2012,anschlag-am-12-januar-2016-in-istanbul,10 Menschen sind bei dem Anschlag getötet worden.,10_long,Ohne_Kategorie|Aus_den_Nachrichten|Geschichte|Seiten_mit_defekten_Dateilinks,2016-01-12T19:45:16Z,af28a20dfb151690981ee13d72ce655c,0:=10 1:=Menschen 2:=sind 3:=bei 4:=dem 5:=Anschlag 6:=getötet 7:=worden.,1,,0,0
1113,algorithmus,Mit einem Algo-rithmus kann man Probleme lösen.,1_short,Schule_und_Lernen|Computer|Internet|Seiten_mit_defekten_Dateilinks,2017-08-15T03:24:31Z,48f66906899cc4a9477b6c9e32ff4424,0:=Mit 1:=einem 2:=Algo-rithmus 3:=kann 4:=man 5:=Probleme 6:=lösen.,1,,0,0
42031,singles-day,Der Singles' Day ist jedes Jahr am 11. November.,2_long,Gedenktage_und_Aktionstage|Seiten_mit_defekten_Dateilinks,2017-11-19T11:29:31Z,48f66906899cc4a9477b6c9e32ff4424,0:=Der 1:=Singles' 2:=Day 3:=ist 4:=jedes 5:=Jahr 6:=am 7:=11. 8:=November.,2,"[[4, 5], [6, 7, 8]]",1,1
12160,echter-clownfisch,Auf der Haut ist eine Schleim-schicht.,14_long,Tiere|Seiten_mit_defekten_Dateilinks,2021-05-15T15:50:47Z,7b5adf57ed2178795004f4c052333f37,0:=Auf 1:=der 2:=Haut 3:=ist 4:=eine 5:=Schleim-schicht.,1,,0,0
9771,dampflokomotive,Das Wasser wird mit der Kohle im Ofen zu Dampf gemacht.,4_short,Verkehr|Seiten_mit_defekten_Dateilinks,2023-01-30T15:21:08Z,99280970af8d54864c10b22240ecda16,0:=Das 1:=Wasser 2:=wird 3:=mit 4:=der 5:=Kohle 6:=im 7:=Ofen 8:=zu 9:=Dampf 10:=gemacht.,3,"[[1, 2, 8, 9, 10], [3, 5], [6, 7]]",1,2
27107,krankenversicherungskarte,Mit der KVK kann man zum Arzt gehen.,7_long,Ohne_Kategorie,2014-06-26T07:56:07Z,cfbe77d115cd524def4ccbe596a54842,0:=Mit 1:=der 2:=KVK 3:=kann 4:=man 5:=zum 6:=Arzt 7:=gehen.,1,,0,0
42428,sockenhalter,Und es gibt sie für Männer.,1_long,Kleider|Seiten_mit_defekten_Dateilinks,2017-01-21T07:54:59Z,48f66906899cc4a9477b6c9e32ff4424,0:=Und 1:=es 2:=gibt 3:=sie 4:=für 5:=Männer.,1,,0,0
10125,demeter,Demeter ist eine von 12 griechischen Göttern.,5_long,Seiten_mit_defekten_Dateilinks|Ohne_Kategorie,2022-01-29T14:24:42Z,e800bebc9060331edfac65e663a55570,0:=Demeter 1:=ist 2:=eine 3:=von 4:=12 5:=griechischen 6:=Göttern.,1,,0,0
9892,datenschutz,Jeder hat ein Recht auf Privat-sphäre.,2_long,Recht_und_Gesetz|Seiten_mit_defekten_Dateilinks,2022-10-29T04:32:19Z,48f66906899cc4a9477b6c9e32ff4424,0:=Jeder 1:=hat 2:=ein 3:=Recht 4:=auf 5:=Privat-sphäre.,1,,0,0
9901,datenschutz,Zum Beispiel: • wer meine Daten wieder löschen soll,11_long,Recht_und_Gesetz|Seiten_mit_defekten_Dateilinks,2022-10-29T04:32:19Z,48f66906899cc4a9477b6c9e32ff4424,0:=Zum 1:=Beispiel: 2:=• 3:=wer 4:=meine 5:=Daten 6:=wieder 7:=löschen 8:=soll,1,,0,0
12086,ecall,"Damit der Kranken-wagen zum Unfall-ort findet, reichen die GPS Daten.",13_long,Ohne_Kategorie,2014-12-31T12:07:06Z,28d34f2e053dee2c0e9399a7924cd978,"0:=Damit 1:=der 2:=Kranken-wagen 3:=zum 4:=Unfall-ort 5:=findet, 6:=\newline 7:=reichen 8:=die 9:=GPS 10:=Daten.",2,"[[0, 2, 3, 4, 5], [7, 9, 10]]",1,1
9986,de-facto,De facto ist lateinisch.,0_long,Ohne_Kategorie,2012-04-11T08:37:32Z,c2a3161aaa81e977e80fd1ffa03a4bb0,0:=De 1:=facto 2:=ist 3:=lateinisch.,1,,0,0
26941,korperbemalung,Bei der Körper-be-malung wird der Körper gestaltet.,0_long,Kleider|Seiten_mit_defekten_Dateilinks,2015-06-05T15:33:34Z,eaab3232dd7a824a6a774fd2f2814e47,0:=Bei 1:=der 2:=Körper-be-malung 3:=wird 4:=der 5:=Körper 6:=gestaltet.,1,,0,0
1493,aluminiumhut,Ein Aluminium-hut ist ein Hut für den Kopf.,0_short,Kleider,2013-10-27T07:10:27Z,eaab3232dd7a824a6a774fd2f2814e47,0:=Ein 1:=Aluminium-hut 2:=ist 3:=ein 4:=Hut 5:=für 6:=den 7:=Kopf.,2,"[[1, 2, 4], [5, 7]]",1,1
12447,eigenverantwortung,Man muss die Folgen selbst übernehmen.,1_long,Selbstbestimmung|Seiten_mit_defekten_Dateilinks,2012-10-25T08:45:26Z,72fb5f8156adf1b638fc9bd1fa6cdbcf,0:=Man 1:=muss 2:=die 3:=Folgen 4:=selbst 5:=übernehmen.,1,,0,0
10109,demenz,Eine Demenz-art heißt Alzheimer.,22_long,Gesundheit|Seiten_mit_defekten_Dateilinks,2012-10-27T17:19:13Z,a6e7bfd89d5771b450c4ab0f5c2996e5,0:=Eine 1:=Demenz-art 2:=heißt 3:=Alzheimer.,1,,0,0
1494,aluminiumhut,Er ist aus Alu-folie.,1_short,Kleider,2013-10-27T07:10:27Z,eaab3232dd7a824a6a774fd2f2814e47,0:=Er 1:=ist 2:=aus 3:=Alu-folie.,1,,0,0
1432,altestenrat,Einen Ältestenrat gibt es im: • Landesparlament,1_long,Recht_und_Gesetz|Politik|Seiten_mit_defekten_Dateilinks,2015-05-17T14:32:45Z,af28a20dfb151690981ee13d72ce655c,0:=Einen 1:=Ältestenrat 2:=gibt 3:=es 4:=im: 5:=• 6:=Landesparlament,1,,0,0
12176,echter-clownfisch,Das heißt: Mehrere männliche Fische leben mit einem Weibchen zusammen.,30_long,Tiere|Seiten_mit_defekten_Dateilinks,2021-05-15T15:50:47Z,7b5adf57ed2178795004f4c052333f37,0:=Das 1:=heißt: 2:=\newline 3:=Mehrere 4:=männliche 5:=Fische 6:=leben 7:=mit 8:=einem 9:=Weibchen 10:=zusammen.,2,"[[7, 8, 9], [10]]",1,1
26882,kopfsalat,Kopf-salat kann man nur wenige Tage lagern.,9_long,Essen_und_Trinken|Natur,2022-01-12T15:29:05Z,e800bebc9060331edfac65e663a55570,0:=Kopf-salat 1:=kann 2:=man 3:=nur 4:=wenige 5:=Tage 6:=lagern.,1,,0,0
1197,alleinunterhalter,Zum Beispiel Musik spielen.,3_short,Beruf|Seiten_mit_defekten_Dateilinks,2019-11-11T08:02:41Z,eaab3232dd7a824a6a774fd2f2814e47,0:=Zum 1:=Beispiel 2:=Musik 3:=spielen.,1,,0,0
26974,korpergewicht,Man sagt es in Kilogramm-Kilo-gramm.,1_short,Gesundheit|Seiten_mit_defekten_Dateilinks,2019-12-27T09:05:27Z,eaab3232dd7a824a6a774fd2f2814e47,0:=Man 1:=sagt 2:=es 3:=in 4:=Kilogramm-Kilo-gramm.,1,,0,0
12421,eiffelturm,Frankreich wollte zur Feier einen Turm haben.,2_long,Ort,2015-03-31T17:25:55Z,45975183761f50ed006efcbab4df0803,0:=Frankreich 1:=wollte 2:=zur 3:=Feier 4:=einen 5:=Turm 6:=haben.,2,"[[0, 1, 5, 6], [2, 3]]",1,1
1729,analphabet,Er kann lesen.,10_long,Ohne_Kategorie|Seiten_mit_defekten_Dateilinks,2015-09-08T10:46:12Z,cfbe77d115cd524def4ccbe596a54842,0:=Er 1:=kann 2:=lesen.,1,,0,0
1687,an-12-unfall-in-juba,Das Flugzeug ist gestartet und kurz danach ist es abgestürzt.,3_short,Ohne_Kategorie|Hurraki:Überarbeiten|Aus_den_Nachrichten|Seiten_mit_defekten_Dateilinks,2015-11-07T08:34:15Z,48f66906899cc4a9477b6c9e32ff4424,0:=Das 1:=Flugzeug 2:=ist 3:=gestartet 4:=und 5:=kurz 6:=danach 7:=ist 8:=es 9:=abgestürzt.,3,"[[2, 3], [5, 6], [7, 8, 9]]",1,2
12351,eichsfeld,Bekannt ist auch die Feldgieker-Wurst.,5_long,Ohne_Kategorie|Seiten_mit_defekten_Dateilinks,2019-03-20T10:40:00Z,ffaa744a207eb843b7f383adcf5da422,0:=Bekannt 1:=ist 2:=auch 3:=die 4:=Feldgieker-Wurst.,1,,0,0
12485,eingabe-und-ausgabe,Sie werden in der Computer-Fach-Sprache benutzt werden.,1_short,Computer,2012-11-09T22:05:06Z,eaab3232dd7a824a6a774fd2f2814e47,0:=Sie 1:=werden 2:=in 3:=der 4:=Computer-Fach-Sprache 5:=benutzt 6:=werden.,1,,0,0
12397,eifersucht,Die Angst verlassen zu werden.,1_long,Ohne_Kategorie|Seiten_mit_defekten_Dateilinks,2022-01-03T17:00:58Z,e800bebc9060331edfac65e663a55570,0:=Die 1:=Angst 2:=verlassen 3:=zu 4:=werden.,1,,0,0
9838,das-tapfere-schneiderlein,Die Brüder Grimm machen das Märchen bekannt.,1_short,Seiten_mit_defekten_Dateilinks|Ohne_Kategorie,2022-02-18T21:53:31Z,e800bebc9060331edfac65e663a55570,0:=Die 1:=Brüder 2:=Grimm 3:=machen 4:=das 5:=Märchen 6:=bekannt.,1,,0,0
26855,kopfballtischtennis,Es werden 2 Spiele gespielt.,4_long,Sport,2013-10-04T08:34:55Z,d4171b2c36772be4cad75ef4078874bd,0:=Es 1:=werden 2:=2 3:=Spiele 4:=gespielt.,1,,0,0
26985,korruption-in-der-fifa,Diese Personen sind verhaftet worden: • José Maria Marin,8_long,Sport|Recht_und_Gesetz|Seiten_mit_defekten_Dateilinks,2015-05-28T14:24:34Z,af28a20dfb151690981ee13d72ce655c,0:=Diese 1:=Personen 2:=sind 3:=verhaftet 4:=worden: 5:=• 6:=José 7:=Maria 8:=Marin,1,,0,0
42490,soldat,Ein Soldat ist eine Person.,0_short,Hurraki:Überarbeiten|Personen|Beruf|Bundeswehr,2010-03-12T11:26:02Z,f9b0bd285ddc0c9ffae07d47947d7844,0:=Ein 1:=Soldat 2:=ist 3:=eine 4:=Person.,1,,0,0
42387,snooker,"Das heißt, erst muss man eine rote Kugel ins Loch spielen, dann eine schwarze.",16_long,Sport,2012-04-22T08:50:38Z,e3afed0047b08059d0fada10f400c1e5,"0:=Das 1:=heißt, 2:=\newline 3:=erst 4:=muss 5:=man 6:=eine 7:=rote 8:=Kugel 9:=ins 10:=Loch 11:=spielen, 12:=\newline 13:=dann 14:=eine 15:=schwarze.",2,"[[3, 4, 5, 7, 8, 9, 10, 11], [13, 15]]",1,1
9923,dauerwelle,Bei einer Dauerwelle werden Locken und Wellen in die Haaren gemacht.,0_short,Frisur,2013-02-20T18:45:14Z,eaab3232dd7a824a6a774fd2f2814e47,0:=Bei 1:=einer 2:=Dauerwelle 3:=werden 4:=Locken 5:=und 6:=Wellen 7:=in 8:=die 9:=Haaren 10:=gemacht.,3,"[[3, 4, 10], [2, 6, 10], [7, 9]]",1,2
12532,einladung,Man kann eine Einladung mündlich geben.,2_short,Ohne_Kategorie|Seiten_mit_defekten_Dateilinks,2019-02-15T07:34:41Z,d49497e3abada5f79c3745c314471167,0:=Man 1:=kann 2:=eine 3:=Einladung 4:=mündlich 5:=geben.,1,,0,0
1821,angeln,Angeln heißt: Fische mit einer Angel-rute fangen.,0_short,Sport|Hurraki:Überarbeiten|Seiten_mit_defekten_Dateilinks,2013-01-15T08:55:46Z,b950d35f9da29c3fdd02c8ad471d9965,0:=Angeln 1:=heißt: 2:=\newline 3:=Fische 4:=mit 5:=einer 6:=Angel-rute 7:=fangen.,3,"[[0, 1], [3, 7], [4, 6]]",1,2
2000,anschlag-am-10-dezember-2016-in-istanbul,Der Anschlag ist in der Stadt Istanbul gewesen.,8_short,Aus_den_Nachrichten|Geschichte|Seiten_mit_defekten_Dateilinks,2016-12-15T07:06:25Z,af28a20dfb151690981ee13d72ce655c,0:=Der 1:=Anschlag 2:=ist 3:=in 4:=der 5:=Stadt 6:=Istanbul 7:=gewesen.,1,,0,0
1834,angriff-in-las-vegas,Der Angriff in der Stadt Las Vegas passiert.,0_long,Geschichte|Aus_den_Nachrichten|Hurraki:Überarbeiten|Seiten_mit_defekten_Dateilinks,2017-10-11T05:48:19Z,48f66906899cc4a9477b6c9e32ff4424,0:=Der 1:=Angriff 2:=in 3:=der 4:=Stadt 5:=Las 6:=Vegas 7:=passiert.,2,"[[4], [5, 6]]",1,1
1379,alternative-fur-deutschland,"Die AFD sagt, sie ist eine Partei der Mitte.",16_long,Politik|Aus_den_Nachrichten|Partei_in_Deutschland,2016-10-08T08:01:49Z,6275ee07d0785a2da491fbb224064f23,"0:=Die 1:=AFD 2:=sagt, 3:= 4:=\newline 5:=sie 6:=ist 7:=eine 8:=Partei 9:=der 10:=Mitte.",2,"[[1, 2], [5, 6, 8, 9, 10]]",1,1
10030,deep-web,Sie heißen Deep Web weil normale Such-maschinen die Seiten nicht kennen.,1_short,Internet|Seiten_mit_defekten_Dateilinks,2016-07-31T15:22:03Z,76bf1508c054395f67a605468d76c22f,0:=Sie 1:=heißen 2:=Deep 3:=Web 4:=weil 5:=normale 6:=Such-maschinen 7:=die 8:=Seiten 9:=nicht 10:=kennen.,2,"[[0, 1, 2, 3], [4, 5, 6, 8, 9, 10]]",1,1
42067,siri,Bei Android heißt die Sprach-steuerung Google Now.,12_long,Computer,2012-09-13T08:37:54Z,72fb5f8156adf1b638fc9bd1fa6cdbcf,0:=Bei 1:=Android 2:=heißt 3:=die 4:=Sprach-steuerung 5:=Google 6:=Now.,1,,0,0
9839,das-wort-zum-sonntag,Die Sendung geht 4 Minuten lang.,0_long,Seiten_mit_defekten_Dateilinks|Radio_und_Fernsehen|Religion,2014-07-07T12:00:05Z,eaab3232dd7a824a6a774fd2f2814e47,0:=Die 1:=Sendung 2:=geht 3:=4 4:=Minuten 5:=lang.,1,,0,0
42208,sklave,Die Spanier haben über acht (8) Millionen Menschen aus Afrika entführt und diese nach Nordamerika gebracht.,7_long,Ohne_Kategorie,2013-11-26T08:07:47Z,6275ee07d0785a2da491fbb224064f23,0:=Die 1:=Spanier 2:=haben 3:=über 4:=acht 5:=(8) 6:=Millionen 7:=Menschen 8:=aus 9:=Afrika 10:=entführt 11:=und 12:=\newline 13:=diese 14:=nach 15:=Nordamerika 16:=gebracht.,4,"[[1, 2, 3, 4, 6, 7, 10], [5], [7, 8, 9], [13, 14, 15, 16]]",1,3
1154,alkohol,Ethanol hat keine Farbe.,6_long,Essen_und_Trinken|Seiten_mit_defekten_Dateilinks|Wörter_mit_verschiedenen_Bedeutungen,2023-05-18T06:47:13Z,48f66906899cc4a9477b6c9e32ff4424,0:=Ethanol 1:=hat 2:=keine 3:=Farbe.,1,,0,0
12388,eierwarmer,Eier-wärmer sind aus Stoff.,6_long,Essen_und_Trinken,2019-04-04T09:58:35Z,48f66906899cc4a9477b6c9e32ff4424,0:=Eier-wärmer 1:=sind 2:=aus 3:=Stoff.,1,,0,0
26981,korruption-in-der-fifa,Diese Personen sind verhaftet worden: • Eugenio Figueredo,4_long,Sport|Recht_und_Gesetz|Seiten_mit_defekten_Dateilinks,2015-05-28T14:24:34Z,af28a20dfb151690981ee13d72ce655c,0:=Diese 1:=Personen 2:=sind 3:=verhaftet 4:=worden: 5:=• 6:=Eugenio 7:=Figueredo,1,,0,0
12509,einkommen-aus-besitz,Du sagst: Ich wohne in einer anderen Stadt.,10_long,Geld,2021-10-30T11:15:40Z,4e761a928113c1f23dda0939b1022778,0:=Du 1:=sagst: 2:=Ich 3:=wohne 4:=in 5:=einer 6:=anderen 7:=Stadt.,2,"[[0, 1], [2, 3, 4, 6, 7]]",1,1
12399,eifersucht,Diese Angst kann Traurigkeit und Wut auslösen.,3_long,Ohne_Kategorie|Seiten_mit_defekten_Dateilinks,2022-01-03T17:00:58Z,e800bebc9060331edfac65e663a55570,0:=Diese 1:=Angst 2:=kann 3:=Traurigkeit 4:=und 5:=Wut 6:=auslösen.,2,"[[3], [5]]",1,1
10139,demeter,Demeter ist zuständig für: • Getreide und,3_short,Seiten_mit_defekten_Dateilinks|Ohne_Kategorie,2022-01-29T14:24:42Z,e800bebc9060331edfac65e663a55570,0:=Demeter 1:=ist 2:=zuständig 3:=für: 4:=• 5:=Getreide 6:=und,1,,0,0
1359,altenburg,Auf dem Altenburger Brühl steht der Skat-brunnen.,15_long,Städte,2019-03-20T11:00:48Z,ffaa744a207eb843b7f383adcf5da422,0:=Auf 1:=dem 2:=Altenburger 3:=Brühl 4:=steht 5:=der 6:=Skat-brunnen.,1,,0,0
9896,datenschutz,Datenschutz heißt auch: Schutz des Rechts auf informationelle Selbstbestimmung.,6_long,Recht_und_Gesetz|Seiten_mit_defekten_Dateilinks,2022-10-29T04:32:19Z,48f66906899cc4a9477b6c9e32ff4424,0:=Datenschutz 1:=heißt 2:=auch: 3:=\newline 4:=Schutz 5:=des 6:=Rechts 7:=auf 8:=informationelle 9:=Selbstbestimmung.,1,,0,0
42098,sitelen-pona,In einem Bild-schrift-zeichen-system ist jedes Zeichen ein Wort.,2_long,Sprache|Seiten_mit_defekten_Dateilinks,2022-02-08T06:59:29Z,48f66906899cc4a9477b6c9e32ff4424,0:=In 1:=einem 2:=Bild-schrift-zeichen-system 3:=ist 4:=jedes 5:=Zeichen 6:=ein 7:=Wort.,1,,0,0
1243,allerheiligen,Das heißt: Die Leute müssen nicht zur Arbeit gehen.,27_long,Religion|Seiten_mit_defekten_Dateilinks,2015-11-01T12:22:09Z,7b5adf57ed2178795004f4c052333f37,0:=Das 1:=heißt: 2:=\newline 3:=Die 4:=Leute 5:=müssen 6:=nicht 7:=zur 8:=Arbeit 9:=gehen.,1,,0,0
2154,anschlag-in-charlottesville,Ein Rechter ist mit einem Auto in die Gegen-demonstration gefahren.,7_short,Aus_den_Nachrichten|Hurraki:Überarbeiten|Seiten_mit_defekten_Dateilinks,2017-08-20T04:11:19Z,48f66906899cc4a9477b6c9e32ff4424,0:=Ein 1:=Rechter 2:=ist 3:=mit 4:=einem 5:=Auto 6:=in 7:=die 8:=Gegen-demonstration 9:=gefahren.,2,"[[3, 5], [6, 8]]",1,1
12513,einkommen-aus-besitz,Das Geld heißt Miete.,14_long,Geld,2021-10-30T11:15:40Z,4e761a928113c1f23dda0939b1022778,0:=Das 1:=Geld 2:=heißt 3:=Miete.,1,,0,0
42312,smartlet,Ein Smartlet hat eine Zwischen-Größe.,1_short,Computer,2013-04-02T10:52:11Z,ac95c75a4819ddeb76a125281a8c84d9,0:=Ein 1:=Smartlet 2:=hat 3:=eine 4:=Zwischen-Größe.,1,,0,0
12243,egypt-air-flug-181,Und er hat den Piloten gezwungen das Flugzeug zu landen.,6_short,Verkehr|Aus_den_Nachrichten|Seiten_mit_defekten_Dateilinks,2016-03-30T16:42:16Z,48f66906899cc4a9477b6c9e32ff4424,0:=Und 1:=er 2:=hat 3:=den 4:=Piloten 5:=gezwungen 6:=das 7:=Flugzeug 8:=zu 9:=landen.,2,"[[1, 2, 4, 5], [7, 8, 9]]",1,1
12136,echelon,Diese Informationen bekommen dann andere Firmen.,17_long,Ohne_Kategorie,2013-06-28T07:05:37Z,6275ee07d0785a2da491fbb224064f23,0:=Diese 1:=Informationen 2:=bekommen 3:=dann 4:=andere 5:=Firmen.,1,,0,0
1487,altweibersommer,• Die Blätter von Bäumen verfärben sich (siehe Herbstanfang),5_long,Natur,2013-09-28T11:41:10Z,eaab3232dd7a824a6a774fd2f2814e47,0:= 1:=• 2:=Die 3:=Blätter 4:=von 5:=Bäumen 6:=verfärben 7:=sich 8:=(siehe 9:=Herbstanfang),1,,0,0
42409,social-media,Oder man kann etwas gemeinsam machen.,3_long,Internet|Seiten_mit_defekten_Dateilinks,2017-04-06T06:33:10Z,48f66906899cc4a9477b6c9e32ff4424,0:=Oder 1:=man 2:=kann 3:=etwas 4:=gemeinsam 5:=machen.,1,,0,0
1169,alkohol,Am besten trinkt man gar keinen Alkohol.,21_long,Essen_und_Trinken|Seiten_mit_defekten_Dateilinks|Wörter_mit_verschiedenen_Bedeutungen,2023-05-18T06:47:13Z,48f66906899cc4a9477b6c9e32ff4424,0:=Am 1:=besten 2:=trinkt 3:=man 4:=gar 5:=keinen 6:=Alkohol.,1,,0,0
27031,kosmopolitismus,Wer an Kosmo-politis-mus glaubt ist Kosmo-politisch .,4_long,Ohne_Kategorie|Seiten_mit_defekten_Dateilinks,2019-06-16T07:49:02Z,48f66906899cc4a9477b6c9e32ff4424,0:=Wer 1:=an 2:=Kosmo-politis-mus 3:=glaubt 4:=ist 5:=Kosmo-politisch 6:=.,2,"[[0, 1, 2, 3], [4, 5]]",1,1
27138,krankheit,Und krank machen.,7_long,Gesundheit|Hurraki:Überarbeiten|Seiten_mit_defekten_Dateilinks,2020-05-07T06:15:23Z,48f66906899cc4a9477b6c9e32ff4424,0:=Und 1:=krank 2:=machen.,1,,0,0
12146,echter-clownfisch,Der Echte Clown-fisch wird ungefähr 11 Zentimenter lang.,0_long,Tiere|Seiten_mit_defekten_Dateilinks,2021-05-15T15:50:47Z,7b5adf57ed2178795004f4c052333f37,0:=Der 1:=Echte 2:=Clown-fisch 3:=wird 4:=ungefähr 5:=11 6:=Zentimenter 7:=lang.,1,,0,0
1149,alkohol,Es gibt viele Alkohole.,1_long,Essen_und_Trinken|Seiten_mit_defekten_Dateilinks|Wörter_mit_verschiedenen_Bedeutungen,2023-05-18T06:47:13Z,48f66906899cc4a9477b6c9e32ff4424,0:=Es 1:=gibt 2:=viele 3:=Alkohole.,1,,0,0
42173,skandal,"Das Gegenteil von Skandal ist ""etwas unbedeutendes"".",4_long,Ohne_Kategorie,2013-07-23T22:12:13Z,72fb5f8156adf1b638fc9bd1fa6cdbcf,"0:=Das 1:=Gegenteil 2:=von 3:=Skandal 4:=ist 5:=""etwas 6:=unbedeutendes"".",1,,0,0
12518,einkommen,"Wenn du arbeitest, dann bekommst du Geld.",0_long,Geld,2021-10-27T16:11:52Z,4e761a928113c1f23dda0939b1022778,"0:=Wenn 1:=du 2:=arbeitest, 3:=\newline 4:=dann 5:=bekommst 6:=du 7:=Geld.",2,"[[0, 1, 2], [4, 5, 6, 7]]",1,1
12148,echter-clownfisch,Manche sagen zum Echten Clown-fisch auch Anemonen-fisch.,2_long,Tiere|Seiten_mit_defekten_Dateilinks,2021-05-15T15:50:47Z,7b5adf57ed2178795004f4c052333f37,0:=Manche 1:=sagen 2:=zum 3:=Echten 4:=Clown-fisch 5:=auch 6:=Anemonen-fisch.,1,,0,0
1654,amtseid,Ein Amts-eid gibt es bei Religionen.,5_long,Recht_und_Gesetz,2022-05-29T05:19:00Z,48f66906899cc4a9477b6c9e32ff4424,0:=Ein 1:=Amts-eid 2:=gibt 3:=es 4:=bei 5:=Religionen.,1,,0,0
9973,dbt,D B T heißt ausgeschrieben Dialektisch-Behaviorale Therapie.,6_short,,2020-07-04T07:35:34Z,4a8d7c87339c287de35ba4be954bbfbf,0:=D 1:=B 2:=T 3:=heißt 4:=ausgeschrieben 5:=Dialektisch-Behaviorale 6:=Therapie.,1,,0,0
1978,anschlag-am-1-januar-2017-istanbul,In der Türkei hat es schon viele Anschläge gegeben.,17_long,Aus_den_Nachrichten|Geschichte|Seiten_mit_defekten_Dateilinks,2017-01-03T08:02:25Z,48f66906899cc4a9477b6c9e32ff4424,0:=In 1:=der 2:=Türkei 3:=hat 4:=es 5:=schon 6:=viele 7:=Anschläge 8:=gegeben.,2,"[[0, 1], [3, 4, 5, 6, 7, 8]]",1,1
27157,krass,Michael findet den Horrorfilm extrem.,2_long,Ohne_Kategorie,2011-12-02T12:05:23Z,a9f29492ed8786de5125371472bcc003,0:=Michael 1:=findet 2:=den 3:=Horrorfilm 4:=extrem.,1,,0,0
1131,alkoholkrankheit,Man kann abhängig werden vom Alkohol.,2_long,Ohne_Kategorie|Seiten_mit_defekten_Dateilinks,2023-03-06T15:49:02Z,017ecada082ed42bbfc77d89d4b14406,0:=Man 1:=kann 2:=abhängig 3:=werden 4:=vom 5:=Alkohol.,2,"[[0, 1, 2, 3], [4, 5]]",1,1
42157,sixtinische-kapelle,Von ihm hat sie ihren Namen.,1_long,Ort|Seiten_mit_defekten_Dateilinks,2013-03-12T07:06:15Z,7b5adf57ed2178795004f4c052333f37,0:=Von 1:=ihm 2:=hat 3:=sie 4:=ihren 5:=Namen.,1,,0,0
1662,amtssprache,Die Amts-sprache wird benutzt: • in Besprechungen,1_long,Sprache|Öffentliche_Verwaltung|Seiten_mit_defekten_Dateilinks,2015-07-21T11:36:14Z,eaab3232dd7a824a6a774fd2f2814e47,0:=Die 1:=Amts-sprache 2:=wird 3:=benutzt: 4:=• 5:=in 6:=Besprechungen,1,,0,0
27045,krafttraining,Kraft-training macht man zum Beispiel beim Body-building.,0_long,Sport|Seiten_mit_defekten_Dateilinks,2019-10-28T08:05:49Z,eaab3232dd7a824a6a774fd2f2814e47,0:=Kraft-training 1:=macht 2:=man 3:=zum 4:=Beispiel 5:=beim 6:=Body-building.,1,,0,0
2156,anschlag-in-charlottesville,Und viele Menschen sind verletzt.,9_short,Aus_den_Nachrichten|Hurraki:Überarbeiten|Seiten_mit_defekten_Dateilinks,2017-08-20T04:11:19Z,48f66906899cc4a9477b6c9e32ff4424,0:=Und 1:=viele 2:=Menschen 3:=sind 4:=verletzt.,1,,0,0
1492,aluminiumhut,"Das bedeutet: wenn alles nichts mehr hilft, dann hilft ein Aluminium-hut (der Aluminium-hut ist sicher)",1_long,Kleider,2013-10-27T07:10:27Z,eaab3232dd7a824a6a774fd2f2814e47,"0:=Das 1:=bedeutet: 2:=\newline 3:=wenn 4:=alles 5:=nichts 6:=mehr 7:=hilft, 8:=dann 9:=hilft 10:=ein 11:=Aluminium-hut 12:=(der 13:=Aluminium-hut 14:=ist 15:=sicher)",3,"[[3, 4, 5, 6, 7], [8, 9, 10, 11], [13, 14, 15]]",1,2
1280,alles-in-butter,Dora und Peter haben Streit.,4_long,Redewendungen,2012-01-24T17:11:50Z,a9f29492ed8786de5125371472bcc003,0:=Dora 1:=und 2:=Peter 3:=haben 4:=Streit.,1,,0,0
42239,skriptkiddie,Kid ist ein englisches Wort.,7_long,Ohne_Kategorie,2013-02-25T08:09:05Z,28d34f2e053dee2c0e9399a7924cd978,0:=Kid 1:=ist 2:=ein 3:=englisches 4:=Wort.,1,,0,0
1141,alkoholkrankheit,Das nennt man auch Ent-giftung.,12_long,Ohne_Kategorie|Seiten_mit_defekten_Dateilinks,2023-03-06T15:49:02Z,017ecada082ed42bbfc77d89d4b14406,0:=Das 1:=nennt 2:=man 3:=auch 4:=Ent-giftung.,1,,0,0
42081,sit-in,Und damit versperrt man die Straße.,2_short,Politik,2018-05-01T06:26:34Z,48f66906899cc4a9477b6c9e32ff4424,0:=Und 1:=damit 2:=versperrt 3:=man 4:=die 5:=Straße.,1,,0,0
9942,daumenregister,Damit findet man Sachen im Buch schneller.,1_short,Sprache,2014-03-10T10:47:38Z,eaab3232dd7a824a6a774fd2f2814e47,0:=Damit 1:=findet 2:=man 3:=Sachen 4:=im 5:=Buch 6:=schneller.,3,"[[0, 1, 2, 3], [4, 5], [6]]",1,2
2048,anschlag-auf-den-bus-von-borussia-dortmund,Ein Polizist und ein Fußball-spieler sind verletzt.,3_short,Aus_den_Nachrichten|Hurraki:Überarbeiten|Geschichte|Seiten_mit_defekten_Dateilinks,2017-04-15T05:42:54Z,48f66906899cc4a9477b6c9e32ff4424,0:=Ein 1:=Polizist 2:=und 3:=ein 4:=Fußball-spieler 5:=sind 6:=verletzt.,2,"[[1], [4]]",1,1
2062,anschlag-in-ankara-2015,Das haben die Täter absichtlich gemacht.,3_short,Ohne_Kategorie|Geschichte|Seiten_mit_defekten_Dateilinks,2015-10-12T15:11:33Z,af28a20dfb151690981ee13d72ce655c,0:=Das 1:=haben 2:=die 3:=Täter 4:=absichtlich 5:=gemacht.,1,,0,0
1033,aleviten,Der Mann Ali ibn Abi Talib ist den Aleviten sehr wichtig.,0_long,Religion,2008-02-02T09:57:28Z,e3afed0047b08059d0fada10f400c1e5,0:=Der 1:=Mann 2:=Ali 3:=ibn 4:=Abi 5:=Talib 6:=ist 7:=den 8:=Aleviten 9:=sehr 10:=wichtig.,1,,0,0
42064,siri,Es gibt verschiedene Handy Betriebs-systeme.,9_long,Computer,2012-09-13T08:37:54Z,72fb5f8156adf1b638fc9bd1fa6cdbcf,0:=Es 1:=gibt 2:=verschiedene 3:=Handy 4:=Betriebs-systeme.,1,,0,0
12554,einrad,Der Sattel ist direkt über dem Rad.,2_short,Ohne_Kategorie|Seiten_mit_defekten_Dateilinks,2019-09-15T15:33:55Z,7b5adf57ed2178795004f4c052333f37,0:=Der 1:=Sattel 2:=ist 3:=direkt 4:=über 5:=dem 6:=Rad.,1,,0,0
26891,koprolalie,"Die Wörter zum Thema Kot werden ausgesprochen, ohne das die Person es möchte.",2_long,Gesundheit,2014-04-25T20:23:18Z,af28a20dfb151690981ee13d72ce655c,"0:=Die 1:=Wörter 2:=zum 3:=Thema 4:=Kot 5:=werden 6:=ausgesprochen, 7:= 8:=\newline 9:=ohne 10:=das 11:=die 12:=Person 13:=es 14:=möchte.",3,"[[1, 2, 3, 4], [1, 5, 6], [9, 10, 12, 13, 14]]",1,2
1071,alexander-graham-bell,Dort ist er Dozent für Sprach-technik.,19_long,Personen|Seiten_mit_defekten_Dateilinks,2022-03-03T19:51:00Z,28d34f2e053dee2c0e9399a7924cd978,0:=Dort 1:=ist 2:=er 3:=Dozent 4:=für 5:=Sprach-technik.,1,,0,0
1858,angriff-in-las-vegas,Keiner weiß warum Stephen Paddock den Angriff gemacht hat.,24_long,Geschichte|Aus_den_Nachrichten|Hurraki:Überarbeiten|Seiten_mit_defekten_Dateilinks,2017-10-11T05:48:19Z,48f66906899cc4a9477b6c9e32ff4424,0:=Keiner 1:=weiß 2:=warum 3:=Stephen 4:=Paddock 5:=den 6:=Angriff 7:=gemacht 8:=hat.,2,"[[0, 1], [2, 3, 4, 6, 7, 8]]",1,1
1665,amtssprache,In Deutschland gibt es eine Amts-sprache.,4_long,Sprache|Öffentliche_Verwaltung|Seiten_mit_defekten_Dateilinks,2015-07-21T11:36:14Z,eaab3232dd7a824a6a774fd2f2814e47,0:=In 1:=Deutschland 2:=gibt 3:=es 4:=eine 5:=Amts-sprache.,1,,0,0
12226,egypt-air-flug-181,Er hat den Piloten gezwungen das Flugzeug in Zypern zu landen.,2_long,Verkehr|Aus_den_Nachrichten|Seiten_mit_defekten_Dateilinks,2016-03-30T16:42:16Z,48f66906899cc4a9477b6c9e32ff4424,0:=Er 1:=hat 2:=den 3:=Piloten 4:=gezwungen 5:=das 6:=Flugzeug 7:=in 8:=Zypern 9:=zu 10:=landen.,3,"[[0, 1, 3, 4], [6, 9, 10], [7, 8, 9, 10]]",1,2
12200,edward-snowden,Er hat am Anne Arundel Community College in Maryland Informatik studiert.,2_long,Personen,2013-07-05T06:23:04Z,6275ee07d0785a2da491fbb224064f23,0:=Er 1:=hat 2:=am 3:=Anne 4:=Arundel 5:=Community 6:=College 7:=in 8:=Maryland 9:=Informatik 10:=studiert.,3,"[[2, 3, 4, 5, 6], [7, 8], [9]]",1,2
1004,alcopop,Meistens werden Alkopos in bunten Flaschen verkauft.,2_long,Ohne_Kategorie,2008-03-03T13:27:50Z,1165823e29d5567f66ef3bbbcbfabcad,0:=Meistens 1:=werden 2:=Alkopos 3:=in 4:=bunten 5:=Flaschen 6:=verkauft.,2,"[[1, 2, 3, 6], [4]]",1,1
12308,ehe,Und man hat Pflichten.,31_long,Recht_und_Gesetz,2019-01-14T08:43:52Z,48f66906899cc4a9477b6c9e32ff4424,0:=Und 1:=man 2:=hat 3:=Pflichten.,1,,0,0
1973,anschlag-am-1-januar-2017-istanbul,Der Geheim-dienst hat gesagt es gibt einen Anschlag auf den Nacht-club.,12_long,Aus_den_Nachrichten|Geschichte|Seiten_mit_defekten_Dateilinks,2017-01-03T08:02:25Z,48f66906899cc4a9477b6c9e32ff4424,0:=Der 1:=Geheim-dienst 2:=hat 3:=gesagt 4:=es 5:=gibt 6:=einen 7:=Anschlag 8:=auf 9:=den 10:=Nacht-club.,3,"[[1, 2, 3], [4, 5, 6, 7], [7, 8, 10]]",1,2
12403,eifersucht,Diese Kränkung kann einen Minderwertig-keits-gefühl auslösen.,7_long,Ohne_Kategorie|Seiten_mit_defekten_Dateilinks,2022-01-03T17:00:58Z,e800bebc9060331edfac65e663a55570,0:=Diese 1:=Kränkung 2:=kann 3:=einen 4:=Minderwertig-keits-gefühl 5:=auslösen.,1,,0,0
1424,altes-agypten,Im alten Ägypten haben viele Pharaonen ge-lebt.,0_long,Geschichte,2020-09-17T09:34:33Z,46c3c87395bab21fd30e35b682a73fd0,0:=Im 1:=alten 2:=Ägypten 3:=haben 4:=viele 5:=Pharaonen 6:=ge-lebt.,1,,0,0
27155,krass,Das Wort Krass wird oft von Jugendlichen benutzt.,0_long,Ohne_Kategorie,2011-12-02T12:05:23Z,a9f29492ed8786de5125371472bcc003,0:=Das 1:=Wort 2:=Krass 3:=wird 4:=oft 5:=von 6:=Jugendlichen 7:=benutzt.,2,"[[1], [5, 6]]",1,1
12125,echelon,"Alles was über Satellit gleitet wird, wird abgehört.",6_long,Ohne_Kategorie,2013-06-28T07:05:37Z,6275ee07d0785a2da491fbb224064f23,"0:=Alles 1:=was 2:=über 3:=Satellit 4:=gleitet 5:=wird, 6:=wird 7:=abgehört.",2,"[[1, 2, 3, 4, 5], [6, 7]]",1,1
1002,alcopop,Alkopops schmecken ähnlich wie Cola.,0_long,Ohne_Kategorie,2008-03-03T13:27:50Z,1165823e29d5567f66ef3bbbcbfabcad,0:=Alkopops 1:=schmecken 2:=ähnlich 3:=wie 4:=Cola.,1,,0,0
9844,das-wort-zum-sonntag,Die Sendung gibt es seit dem 8. Mai 1954.,5_long,Seiten_mit_defekten_Dateilinks|Radio_und_Fernsehen|Religion,2014-07-07T12:00:05Z,eaab3232dd7a824a6a774fd2f2814e47,0:=Die 1:=Sendung 2:=gibt 3:=es 4:=seit 5:=dem 6:=8. 7:=Mai 8:=1954.,1,,0,0
1827,anglizismus,Sie haben die gleiche Bedeutung.,2_long,Sprache|Seiten_mit_defekten_Dateilinks,2018-07-04T04:58:19Z,48f66906899cc4a9477b6c9e32ff4424,0:=Sie 1:=haben 2:=die 3:=gleiche 4:=Bedeutung.,1,,0,0
27146,krankheit,"Warum es Krankheiten gibt, untersuchen Experten von der Epi-demiologie.",15_long,Gesundheit|Hurraki:Überarbeiten|Seiten_mit_defekten_Dateilinks,2020-05-07T06:15:23Z,48f66906899cc4a9477b6c9e32ff4424,"0:=Warum 1:=es 2:=Krankheiten 3:=gibt, 4:=untersuchen 5:=Experten 6:=von 7:=der 8:=Epi-demiologie.",2,"[[0, 1, 2, 3], [4, 5, 6, 8]]",1,1
12359,eid,"Diesen Eid nennt man ""Eid des Hippokrates"".",4_long,Recht_und_Gesetz|Seiten_mit_defekten_Dateilinks,2012-03-03T00:00:41Z,58d6d1d5aca5e9e6ed470dcf6dafeb4e,"0:=Diesen 1:=Eid 2:=nennt 3:=man 4:=""Eid 5:=des 6:=Hippokrates"".",1,,0,0
26858,kopfballtischtennis,Kopfballtischtennis ist eine Sportart.,0_short,Sport,2013-10-04T08:34:55Z,d4171b2c36772be4cad75ef4078874bd,0:=Kopfballtischtennis 1:=ist 2:=eine 3:=Sportart.,1,,0,0
12310,ehe,Man darf den Ehe-partner im Kranken-haus besuchen.,33_long,Recht_und_Gesetz,2019-01-14T08:43:52Z,48f66906899cc4a9477b6c9e32ff4424,0:=Man 1:=darf 2:=den 3:=Ehe-partner 4:=im 5:=Kranken-haus 6:=besuchen.,1,,0,0
12115,ecall,Die Technik ruft dann von selbst den Kranken-wagen.,3_short,Ohne_Kategorie,2014-12-31T12:07:06Z,28d34f2e053dee2c0e9399a7924cd978,0:=Die 1:=Technik 2:=ruft 3:=dann 4:=von 5:=selbst 6:=den 7:=Kranken-wagen.,2,"[[1, 2, 3, 7], [4, 5]]",1,1
1273,allerheiligen,Chirsten feiern diesen Tag.,1_short,Religion|Seiten_mit_defekten_Dateilinks,2015-11-01T12:22:09Z,7b5adf57ed2178795004f4c052333f37,0:=Chirsten 1:=feiern 2:=diesen 3:=Tag.,1,,0,0
12505,einkommen-aus-besitz,Du bekommst von der Bank Geld.,6_long,Geld,2021-10-30T11:15:40Z,4e761a928113c1f23dda0939b1022778,0:=Du 1:=bekommst 2:=von 3:=der 4:=Bank 5:=Geld.,1,,0,0
1241,allerheiligen,Oder sie zünden eine Kerze an.,25_long,Religion|Seiten_mit_defekten_Dateilinks,2015-11-01T12:22:09Z,7b5adf57ed2178795004f4c052333f37,0:=Oder 1:=sie 2:=zünden 3:=eine 4:=Kerze 5:=an.,1,,0,0
1398,alternative,"Eine Alternative ist, wenn man 2 Möglichkeiten hat.",0_short,Ohne_Kategorie|Seiten_mit_defekten_Dateilinks,2021-08-27T05:12:11Z,0061a5419063d58697cea347295a4554,"0:=Eine 1:=Alternative 2:=ist, 3:=\newline 4:=wenn 5:=man 6:=2 7:=Möglichkeiten 8:=hat.",2,"[[1, 2], [4, 5, 6, 7, 8]]",1,1
27119,krankenversicherung,"Wenn du krank bist, dann gehst du vielleicht zum Arzt.",0_long,Arbeit,2021-10-26T07:49:24Z,4e761a928113c1f23dda0939b1022778,"0:=Wenn 1:=du 2:=krank 3:=bist, 4:= 5:=\newline 6:=dann 7:=gehst 8:=du 9:=vielleicht 10:=zum 11:=Arzt.",2,"[[0, 1, 2, 3], [6, 7, 8, 9, 10, 11]]",1,1
2088,anschlag-in-ankara-2016,Sie haben viele Menschen töten und verletzen wollen.,5_short,Ohne_Kategorie|Aus_den_Nachrichten|Geschichte|Seiten_mit_defekten_Dateilinks,2016-02-21T09:24:48Z,af28a20dfb151690981ee13d72ce655c,0:=Sie 1:=haben 2:=viele 3:=Menschen 4:=töten 5:=und 6:=verletzen 7:=wollen.,2,"[[4], [6]]",1,1
9796,danemark,Die Hauptstadt von Dänemark heißt Kopenhagen.,3_short,Ohne_Kategorie|Seiten_mit_defekten_Dateilinks,2023-04-04T08:35:33Z,f3d525674a904e48b4a41a13ef2a54a5,0:=Die 1:=Hauptstadt 2:=von 3:=Dänemark 4:=heißt 5:=Kopenhagen.,1,,0,0
10165,demografie,Das Wort Demografie ist griechisch.,3_short,Wissenschaft|Gesellschaft|Seiten_mit_defekten_Dateilinks,2021-02-01T07:51:47Z,10d328ecc07ab3b6c356d5ccb8a5c8d3,0:=Das 1:=Wort 2:=Demografie 3:=ist 4:=griechisch.,1,,0,0
10110,demenz,Alzheimer ist der Name von einem Arzt.,23_long,Gesundheit|Seiten_mit_defekten_Dateilinks,2012-10-27T17:19:13Z,a6e7bfd89d5771b450c4ab0f5c2996e5,0:=Alzheimer 1:=ist 2:=der 3:=Name 4:=von 5:=einem 6:=Arzt.,2,"[[0, 1], [4, 6]]",1,1
2099,anschlag-in-bangkok-im-august-2015,Es waren sehr viele Urlauber an dem Ort.,7_long,Ohne_Kategorie|Geschichte|Seiten_mit_defekten_Dateilinks,2015-08-17T20:33:11Z,af28a20dfb151690981ee13d72ce655c,0:=Es 1:=waren 2:=sehr 3:=viele 4:=Urlauber 5:=an 6:=dem 7:=Ort.,1,,0,0
10122,demeter,In dieser Zeit haben sich die Menschen bestimmte Geschichten erzählt.,2_long,Seiten_mit_defekten_Dateilinks|Ohne_Kategorie,2022-01-29T14:24:42Z,e800bebc9060331edfac65e663a55570,0:=In 1:=dieser 2:=Zeit 3:=haben 4:=sich 5:=die 6:=Menschen 7:=bestimmte 8:=Geschichten 9:=erzählt.,2,"[[0, 1, 2], [3, 4, 6, 7, 8, 9]]",1,1
1039,aleviten,Eine Religions-gemeinschaft sind mehrere Menschen.,1_short,Religion,2008-02-02T09:57:28Z,e3afed0047b08059d0fada10f400c1e5,0:=Eine 1:=Religions-gemeinschaft 2:=sind 3:=mehrere 4:=Menschen.,1,,0,0
26870,kopfgeld,Eine Person die von vielen ge-sucht wird.,2_short,Recht_und_Gesetz|Seiten_mit_defekten_Dateilinks,2021-09-09T06:31:21Z,48f66906899cc4a9477b6c9e32ff4424,0:=Eine 1:=Person 2:=die 3:=von 4:=vielen 5:=ge-sucht 6:=wird.,1,,0,0
12520,einkommen,Beispiel: Marco arbeitet in einer Auto-werkstatt.,2_long,Geld,2021-10-27T16:11:52Z,4e761a928113c1f23dda0939b1022778,0:=Beispiel: 1:= 2:=\newline 3:=Marco 4:=arbeitet 5:=in 6:=einer 7:=Auto-werkstatt.,1,,0,0
1791,anarchismus,Im Anarchismus gibt es viele Gruppen und Gemeinschaften.,38_long,Politik|Seiten_mit_defekten_Dateilinks,2016-04-25T17:26:24Z,48f66906899cc4a9477b6c9e32ff4424,0:=Im 1:=Anarchismus 2:=gibt 3:=es 4:=viele 5:=Gruppen 6:=und 7:=Gemeinschaften.,2,"[[5], [6]]",1,1
27128,krankenversicherung,"Wenn du krank bist, dann zahlt eine Kranken-kasse den Arzt.",2_short,Arbeit,2021-10-26T07:49:24Z,4e761a928113c1f23dda0939b1022778,"0:=Wenn 1:=du 2:=krank 3:=bist, 4:= 5:=\newline 6:=dann 7:=zahlt 8:=eine 9:=Kranken-kasse 10:=den 11:=Arzt.",2,"[[0, 1, 2, 3], [6, 7, 9, 11]]",1,1
12538,einpersonenpackung,Ein-personen-packungen sind sehr lange halt-bar.,4_long,Übung|Essen_und_Trinken|Seiten_mit_defekten_Dateilinks,2023-06-18T07:20:09Z,48f66906899cc4a9477b6c9e32ff4424,0:=Ein-personen-packungen 1:=sind 2:=sehr 3:=lange 4:=halt-bar.,1,,0,0
12167,echter-clownfisch,Clown-fische legen Eier.,21_long,Tiere|Seiten_mit_defekten_Dateilinks,2021-05-15T15:50:47Z,7b5adf57ed2178795004f4c052333f37,0:=Clown-fische 1:=legen 2:=Eier.,1,,0,0
2112,anschlag-in-bangkok-im-august-2015,Der Anschlag war in der Stadt Bangkok.,4_short,Ohne_Kategorie|Geschichte|Seiten_mit_defekten_Dateilinks,2015-08-17T20:33:11Z,af28a20dfb151690981ee13d72ce655c,0:=Der 1:=Anschlag 2:=war 3:=in 4:=der 5:=Stadt 6:=Bangkok.,2,"[[5], [6]]",1,1
9886,datenschutz-grundverordnung,Keine Daten dürfen gespeichert werden.,7_short,Recht_und_Gesetz,2018-06-04T15:22:46Z,48f66906899cc4a9477b6c9e32ff4424,0:=Keine 1:=Daten 2:=dürfen 3:=gespeichert 4:=werden.,1,,0,0
27279,kryptowahrung,"Das heißt, es gibt sie nur in Computer-netzwerken.",10_long,Geld,2018-12-19T14:08:31Z,48f66906899cc4a9477b6c9e32ff4424,"0:=Das 1:=heißt, 2:=\newline 3:=es 4:=gibt 5:=sie 6:=nur 7:=in 8:=Computer-netzwerken.",1,,0,0
9748,dagger-complex,Dagger Complex ist der Name eines Grundstücks.,0_short,Ohne_Kategorie,2013-09-01T17:43:42Z,6275ee07d0785a2da491fbb224064f23,0:=Dagger 1:=Complex 2:=ist 3:=der 4:=Name 5:=eines 6:=Grundstücks.,1,,0,0
26937,korea-konflikt,Beiden Länder streiten sich um eine Insel in Korea.,2_short,Geopolitik|Politik|Aus_den_Nachrichten,2018-02-18T07:36:44Z,48f66906899cc4a9477b6c9e32ff4424,0:=Beiden 1:=Länder 2:=streiten 3:=sich 4:=um 5:=eine 6:=Insel 7:=in 8:=Korea.,2,"[[0, 1, 2, 3], [4, 6, 7, 8]]",1,1
27040,kosmopolitismus,Und man fühlt sich überall zu Hause.,2_short,Ohne_Kategorie|Seiten_mit_defekten_Dateilinks,2019-06-16T07:49:02Z,48f66906899cc4a9477b6c9e32ff4424,0:=Und 1:=man 2:=fühlt 3:=sich 4:=überall 5:=zu 6:=Hause.,1,,0,0
12220,egalitarismus,Und jeder soll die gleichen Chancen haben.,6_long,Haltung|Politische_Idee|Seiten_mit_defekten_Dateilinks,2022-09-22T12:10:23Z,48f66906899cc4a9477b6c9e32ff4424,0:=Und 1:=jeder 2:=soll 3:=die 4:=gleichen 5:=Chancen 6:=haben.,1,,0,0
27284,kryptowahrung,"Wenn wenig Menschen eine Krypto-währung benutzen, ist die Krypto-währung wenig wert.",15_long,Geld,2018-12-19T14:08:31Z,48f66906899cc4a9477b6c9e32ff4424,"0:=Wenn 1:=wenig 2:=Menschen 3:=eine 4:=Krypto-währung 5:=benutzen, 6:=\newline 7:=ist 8:=die 9:=Krypto-währung 10:=wenig 11:=wert.",2,"[[0, 1, 2, 4, 5], [7, 9, 10, 11]]",1,1
42076,sit-in,So lange bis die Bedingungen erfüllt sind.,5_long,Politik,2018-05-01T06:26:34Z,48f66906899cc4a9477b6c9e32ff4424,0:=So 1:=lange 2:=bis 3:=die 4:=Bedingungen 5:=erfüllt 6:=sind.,1,,0,0
1741,anamnese,Der Patient erzählt von seinen Problemen.,1_long,Gesundheit|Seiten_mit_defekten_Dateilinks,2020-12-30T16:21:28Z,071517655685f140a415c26a1bfd2837,0:=Der 1:=Patient 2:=erzählt 3:=von 4:=seinen 5:=Problemen.,1,,0,0
26898,koprolalie,Gegen Koprolalie kann helfen: • Biofeedback,9_long,Gesundheit,2014-04-25T20:23:18Z,af28a20dfb151690981ee13d72ce655c,0:=Gegen 1:=Koprolalie 2:=kann 3:=helfen: 4:=• 5:=Biofeedback,1,,0,0
12235,egypt-air-flug-181,"Was Saif a-Din Mustafa erreichen will, weiß man nicht genau.",11_long,Verkehr|Aus_den_Nachrichten|Seiten_mit_defekten_Dateilinks,2016-03-30T16:42:16Z,48f66906899cc4a9477b6c9e32ff4424,"0:=Was 1:=Saif 2:=a-Din 3:=Mustafa 4:=erreichen 5:=will, 6:=\newline 7:=weiß 8:=man 9:=nicht 10:=genau.",2,"[[0, 1, 2, 3, 4, 5], [7, 8, 9, 10]]",1,1
12149,echter-clownfisch,Es gibt 27 verschiedene Clown-fisch-arten.,3_long,Tiere|Seiten_mit_defekten_Dateilinks,2021-05-15T15:50:47Z,7b5adf57ed2178795004f4c052333f37,0:=Es 1:=gibt 2:=27 3:=verschiedene 4:=Clown-fisch-arten.,1,,0,0
12565,eins,Sie kommt zwischen Null und Zwei.,1_short,Seiten_mit_defekten_Dateilinks|Ohne_Kategorie,2018-11-19T09:26:30Z,48f66906899cc4a9477b6c9e32ff4424,0:=Sie 1:=kommt 2:=zwischen 3:=Null 4:=und 5:=Zwei.,1,,0,0
42500,soldner,Söldner kämpfen in einem fremden Land.,1_short,Beruf|Seiten_mit_defekten_Dateilinks,2023-07-13T06:01:47Z,48f66906899cc4a9477b6c9e32ff4424,0:=Söldner 1:=kämpfen 2:=in 3:=einem 4:=fremden 5:=Land.,1,,0,0
12107,ecall,Die Firmen wollen mehr Geld verdienen.,34_long,Ohne_Kategorie,2014-12-31T12:07:06Z,28d34f2e053dee2c0e9399a7924cd978,0:=Die 1:=Firmen 2:=wollen 3:=mehr 4:=Geld 5:=verdienen.,1,,0,0
42455,sodbrennen,Itis heißt Entzündung.,4_long,Gesundheit,2009-07-13T17:40:11Z,4a7c0bf975893985e2e36604fef9654f,0:=Itis 1:=heißt 2:=Entzündung.,1,,0,0
1106,alexander-tatarnikov,Im Jahr 2012 hat er eine neue Richtung der Kunst erfunden.,0_long,Personen|Hurraki:Überarbeiten,2014-08-18T13:39:55Z,cfb32d04a840c823f9a0d97071f81293,0:=Im 1:=Jahr 2:=2012 3:=hat 4:=er 5:=eine 6:=neue 7:=Richtung 8:=der 9:=Kunst 10:=erfunden.,2,"[[0, 1, 2], [3, 4, 6, 7, 8, 9, 10]]",1,1
42395,social-bot,"Liest er das Wort, antwortet er automatisch.",5_long,Internet|Seiten_mit_defekten_Dateilinks,2017-08-13T08:57:11Z,28d34f2e053dee2c0e9399a7924cd978,"0:=Liest 1:=er 2:=das 3:=Wort, 4:=\newline 5:=antwortet 6:=er 7:=automatisch.",2,"[[0, 1, 3], [5, 6, 7]]",1,1
27289,kryptowahrung,Man kann sich damit etwas kaufen.,1_short,Geld,2018-12-19T14:08:31Z,48f66906899cc4a9477b6c9e32ff4424,0:=Man 1:=kann 2:=sich 3:=damit 4:=etwas 5:=kaufen.,1,,0,0
2122,anschlag-in-berlin-2016,Die Polizei versucht es heraus-zu-finden.,6_long,Ohne_Kategorie|Hurraki:Überarbeiten|Aus_den_Nachrichten|Geschichte|Seiten_mit_defekten_Dateilinks,2016-12-21T09:57:24Z,af28a20dfb151690981ee13d72ce655c,0:=Die 1:=Polizei 2:=versucht 3:=es 4:=heraus-zu-finden.,1,,0,0
1815,angeln,Damit lockt man die Fische an.,4_long,Sport|Hurraki:Überarbeiten|Seiten_mit_defekten_Dateilinks,2013-01-15T08:55:46Z,b950d35f9da29c3fdd02c8ad471d9965,0:=Damit 1:=lockt 2:=man 3:=die 4:=Fische 5:=an.,1,,0,0
10158,demografie,• Wie viele Menschen sind gestorben,4_long,Wissenschaft|Gesellschaft|Seiten_mit_defekten_Dateilinks,2021-02-01T07:51:47Z,10d328ecc07ab3b6c356d5ccb8a5c8d3,0:= 1:=• 2:=Wie 3:=viele 4:=Menschen 5:=sind 6:=gestorben,1,,0,0
1685,an-12-unfall-in-juba,Das Flugzeug (mit dem Namen Antonow An-12) ist abgestürzt.,1_short,Ohne_Kategorie|Hurraki:Überarbeiten|Aus_den_Nachrichten|Seiten_mit_defekten_Dateilinks,2015-11-07T08:34:15Z,48f66906899cc4a9477b6c9e32ff4424,0:=Das 1:=Flugzeug 2:=(mit 3:=dem 4:=Namen 5:=Antonow 6:=An-12) 7:=ist 8:=abgestürzt.,2,"[[7, 8], [2, 4, 5, 6]]",1,1
12210,edward-snowden,"Das ist nichts, was ich unterstützen oder wo ich leben möchte.""",12_long,Personen,2013-07-05T06:23:04Z,6275ee07d0785a2da491fbb224064f23,"0:=Das 1:=ist 2:=nichts, 3:=was 4:=ich 5:=unterstützen 6:=oder 7:=wo 8:=ich 9:=leben 10:=möchte.""",3,"[[0, 1, 2], [3, 4, 5, 6], [7, 8, 9, 10]]",1,2
27255,kriterien,Meine Kriterien: Kriterium 1: Es soll rot sein.,2_long,Ohne_Kategorie|Seiten_mit_defekten_Dateilinks,2017-08-29T13:52:21Z,8e384e35a2bd67eaeb964edc16d2f92c,0:=Meine 1:=Kriterien: 2:=\newline 3:=Kriterium 4:=1: 5:=Es 6:=soll 7:=rot 8:=sein.,3,"[[0, 1], [3, 4], [5, 6, 7, 8]]",1,2
27095,krankenkasse,Die Leute müssen Mitglied bei der Kranken-kasse sein.,3_short,Gesundheit|Recht_und_Gesetz|Seiten_mit_defekten_Dateilinks,2020-08-04T13:39:48Z,cfbe77d115cd524def4ccbe596a54842,0:=Die 1:=Leute 2:=müssen 3:=Mitglied 4:=bei 5:=der 6:=Kranken-kasse 7:=sein.,2,"[[1, 2, 3, 7], [4, 6]]",1,1
2044,anschlag-auf-den-bus-von-borussia-dortmund,Darum hat er vor dem Anschlag Options-schein gekauft.,16_long,Aus_den_Nachrichten|Hurraki:Überarbeiten|Geschichte|Seiten_mit_defekten_Dateilinks,2017-04-15T05:42:54Z,48f66906899cc4a9477b6c9e32ff4424,0:=Darum 1:=hat 2:=er 3:=vor 4:=dem 5:=Anschlag 6:=Options-schein 7:=gekauft.,2,"[[1, 2, 6, 7], [3, 5]]",1,1
12366,eierkennzeichnung,Die Eier-kennzeichnung ist eine Nummer auf einem Ei.,0_short,Essen_und_Trinken|Seiten_mit_defekten_Dateilinks,2017-08-21T17:28:10Z,d57f62e2ae2713c7395b7d7e5bf821eb,0:=Die 1:=Eier-kennzeichnung 2:=ist 3:=eine 4:=Nummer 5:=auf 6:=einem 7:=Ei.,2,"[[4], [5, 7]]",1,1
12333,ehrenburger,Und man kann die Auszeichnung wieder weg-genommen bekommen.,5_long,Ohne_Kategorie|Seiten_mit_defekten_Dateilinks,2016-10-24T06:14:31Z,48f66906899cc4a9477b6c9e32ff4424,0:=Und 1:=man 2:=kann 3:=die 4:=Auszeichnung 5:=wieder 6:=weg-genommen 7:=bekommen.,1,,0,0
9752,dalai-lama,Der Dalai Lama ist das Oberhaupt der Buddhisten in Tibet.,0_long,Religion,2008-02-05T15:10:08Z,e3afed0047b08059d0fada10f400c1e5,0:=Der 1:=Dalai 2:=Lama 3:=ist 4:=das 5:=Oberhaupt 6:=der 7:=Buddhisten 8:=in 9:=Tibet.,2,"[[1, 2, 3, 5, 7], [8, 9]]",1,1
1785,anarchismus,Im Anarchismus sind diese Sachen für die Menschen besonders wichtig: • Selbstbestimmung,32_long,Politik|Seiten_mit_defekten_Dateilinks,2016-04-25T17:26:24Z,48f66906899cc4a9477b6c9e32ff4424,0:=Im 1:=Anarchismus 2:=sind 3:=diese 4:=Sachen 5:=für 6:=die 7:=Menschen 8:=besonders 9:=wichtig: 10:=• 11:=Selbstbestimmung,4,"[[0, 1, 2, 3, 4, 9], [5, 6, 7, 9], [8, 9], [11]]",1,3
1882,animal-liberation-front,Animal Liberation Front ist der Name einer Gruppe.,0_short,Ohne_Kategorie,,,0:=Animal 1:=Liberation 2:=Front 3:=ist 4:=der 5:=Name 6:=einer 7:=Gruppe.,1,,0,0
9974,dbt,"Das bedeutet, dass hier behandelt wird, was man tut.",7_short,,2020-07-04T07:35:34Z,4a8d7c87339c287de35ba4be954bbfbf,"0:=Das 1:=bedeutet, 2:=dass 3:=hier 4:=behandelt 5:=wird, 6:=was 7:=man 8:=tut.",2,"[[2, 3, 4, 5], [6, 7, 8]]",1,1
27270,kryptowahrung,Es ist eine Währung.,1_long,Geld,2018-12-19T14:08:31Z,48f66906899cc4a9477b6c9e32ff4424,0:=Es 1:=ist 2:=eine 3:=Währung.,1,,0,0
1032,aleppo,Die größte Stadt in Syrien ist Damaskus.,2_short,Städte|Seiten_mit_defekten_Dateilinks,2016-09-26T14:57:00Z,7b5adf57ed2178795004f4c052333f37,0:=Die 1:=größte 2:=Stadt 3:=in 4:=Syrien 5:=ist 6:=Damaskus.,3,"[[5, 6], [1], [3, 4]]",1,2
42147,sitzvolleyball,"Einen Gewinn-satz gewinnt die Mannschaft, die zuerst 25 Punkte hat.",20_long,Sport|Paralympics,2012-01-30T18:24:13Z,d4171b2c36772be4cad75ef4078874bd,"0:=Einen 1:=Gewinn-satz 2:=gewinnt 3:=die 4:=Mannschaft, 5:=die 6:=zuerst 7:=25 8:=Punkte 9:=hat.",2,"[[1, 2], [5, 6, 7, 8, 9]]",1,1
27081,krankenkasse,Die Kranken-kasse zahlt zum Beispiel für: • die Therapie,12_long,Gesundheit|Recht_und_Gesetz|Seiten_mit_defekten_Dateilinks,2020-08-04T13:39:48Z,cfbe77d115cd524def4ccbe596a54842,0:=Die 1:=Kranken-kasse 2:=zahlt 3:=zum 4:=Beispiel 5:=für: 6:=• 7:=die 8:=Therapie,1,,0,0
12232,egypt-air-flug-181,Die Menschen im Flugzeug sind ausgestiegen.,8_long,Verkehr|Aus_den_Nachrichten|Seiten_mit_defekten_Dateilinks,2016-03-30T16:42:16Z,48f66906899cc4a9477b6c9e32ff4424,0:=Die 1:=Menschen 2:=im 3:=Flugzeug 4:=sind 5:=ausgestiegen.,1,,0,0
9907,datenschutz,Für diese Daten gibt es keinen Daten-schutz.,17_long,Recht_und_Gesetz|Seiten_mit_defekten_Dateilinks,2022-10-29T04:32:19Z,48f66906899cc4a9477b6c9e32ff4424,0:=Für 1:=diese 2:=Daten 3:=gibt 4:=es 5:=keinen 6:=Daten-schutz.,2,"[[0, 2], [3, 4, 5, 6]]",1,1
12245,ehegattensplitting,Bürger in einem Land zahlen Geld an ihr Land.,1_long,Seiten_mit_defekten_Dateilinks|Ohne_Kategorie,2014-07-17T09:07:41Z,cfbe77d115cd524def4ccbe596a54842,0:=Bürger 1:=in 2:=einem 3:=Land 4:=zahlen 5:=Geld 6:=an 7:=ihr 8:=Land.,3,"[[0, 1, 3, 4, 5], [0, 1, 3], [5, 6, 7, 8]]",1,2
9853,dashcam,Ist die Karte voll wird der alte Film überschrieben.,5_long,Verkehr|Technik,2013-10-19T09:34:11Z,eaab3232dd7a824a6a774fd2f2814e47,0:=Ist 1:=die 2:=Karte 3:=voll 4:=wird 5:=der 6:=alte 7:=Film 8:=überschrieben.,3,"[[0, 2, 3], [4, 7, 8], [6]]",1,2
1059,alexander-graham-bell,Die Laut-schrift heißt Visible Speech.,7_long,Personen|Seiten_mit_defekten_Dateilinks,2022-03-03T19:51:00Z,28d34f2e053dee2c0e9399a7924cd978,0:=Die 1:=Laut-schrift 2:=heißt 3:=Visible 4:=Speech.,1,,0,0
1830,anglizismus,Wenn es viel Angli-zismus gibt sagt man dazu Denglisch.,5_long,Sprache|Seiten_mit_defekten_Dateilinks,2018-07-04T04:58:19Z,48f66906899cc4a9477b6c9e32ff4424,0:=Wenn 1:=es 2:=viel 3:=Angli-zismus 4:=gibt 5:=sagt 6:=man 7:=dazu 8:=Denglisch.,2,"[[0, 1, 2, 3, 4], [5, 6, 7, 8]]",1,1
27075,krankenkasse,"Im Gesetz steht, was die Kranken-versicherung alles zahlen muss.",6_long,Gesundheit|Recht_und_Gesetz|Seiten_mit_defekten_Dateilinks,2020-08-04T13:39:48Z,cfbe77d115cd524def4ccbe596a54842,"0:=Im 1:=Gesetz 2:=steht, 3:= 4:=\newline 5:=was 6:=die 7:=Kranken-versicherung 8:=alles 9:=zahlen 10:=muss.",2,"[[0, 1, 2], [5, 7, 8, 9, 10]]",1,1
42013,simultanschach,Einer (1) alleine spielt gegen mehrere.,1_long,Sport,2019-01-22T10:34:08Z,48f66906899cc4a9477b6c9e32ff4424,0:=Einer 1:=(1) 2:=alleine 3:=spielt 4:=gegen 5:=mehrere.,2,"[[0, 2, 3, 4, 5], [1]]",1,1
12256,ehegattensplitting,"Wer wenig Geld verdient, soll weniger Steuern zahlen.",12_long,Seiten_mit_defekten_Dateilinks|Ohne_Kategorie,2014-07-17T09:07:41Z,cfbe77d115cd524def4ccbe596a54842,"0:=Wer 1:=wenig 2:=Geld 3:=verdient, 4:=soll 5:=weniger 6:=Steuern 7:=zahlen.",2,"[[0, 1, 2, 3], [4, 5, 6, 7]]",1,1
1205,allen-menschen-recht-getan-ist-eine-kunst-die-niemand-kann,Man kann nicht alle Menschen gleichzeitig zufrieden stellen.,3_short,Sprichwörter|Seiten_mit_defekten_Dateilinks,2021-12-30T16:22:14Z,e800bebc9060331edfac65e663a55570,0:=Man 1:=kann 2:=nicht 3:=alle 4:=Menschen 5:=gleichzeitig 6:=zufrieden 7:=stellen.,1,,0,0
12405,eifersucht,Er sieht wie Susi dem Peter einen Kuss gibt.,9_long,Ohne_Kategorie|Seiten_mit_defekten_Dateilinks,2022-01-03T17:00:58Z,e800bebc9060331edfac65e663a55570,0:=Er 1:=sieht 2:=wie 3:=Susi 4:=dem 5:=Peter 6:=einen 7:=Kuss 8:=gibt.,2,"[[0, 1], [2, 3, 5, 7, 8]]",1,1
10142,demilitarisierung,Später wurde ein Vertrag abgehandelt.,1_long,Ohne_Kategorie|Seiten_mit_defekten_Dateilinks,2016-01-20T18:01:41Z,950c751fae083d40469b6d3261a74515,0:=Später 1:=wurde 2:=ein 3:=Vertrag 4:=abgehandelt.,1,,0,0
42130,sitzvolleyball,Es gibt ein Spiel-feld.,3_long,Sport|Paralympics,2012-01-30T18:24:13Z,d4171b2c36772be4cad75ef4078874bd,0:=Es 1:=gibt 2:=ein 3:=Spiel-feld.,1,,0,0
9703,d-a-ch,D-A-CH ist ein Kunstwort.,3_long,Geopolitik,2014-02-20T08:33:55Z,eaab3232dd7a824a6a774fd2f2814e47,0:=D-A-CH 1:=ist 2:=ein 3:=Kunstwort.,1,,0,0
12330,ehrenburger,Zum Beispiel bekommt er immer Karten für Kino oder Theater geschenkt.,2_long,Ohne_Kategorie|Seiten_mit_defekten_Dateilinks,2016-10-24T06:14:31Z,48f66906899cc4a9477b6c9e32ff4424,0:=Zum 1:=Beispiel 2:=bekommt 3:=er 4:=immer 5:=Karten 6:=für 7:=Kino 8:=oder 9:=Theater 10:=geschenkt.,3,"[[2, 3, 4, 5, 10], [6, 7], [6, 9]]",1,2
10077,delfinschwimmen,Beine und Füße bewegt man gleichzeitig dazu.,2_long,Sport,2012-02-28T10:46:24Z,d4171b2c36772be4cad75ef4078874bd,0:=Beine 1:=und 2:=Füße 3:=bewegt 4:=man 5:=gleichzeitig 6:=dazu.,3,"[[0], [2], [5]]",1,2
41995,sim-karte,Der Chip ist immer gleich groß.,2_long,Ohne_Kategorie,2012-11-20T07:21:45Z,28d34f2e053dee2c0e9399a7924cd978,0:=Der 1:=Chip 2:=ist 3:=immer 4:=gleich 5:=groß.,1,,0,0
12568,eins,Und man kann damit Sachen be-schreiben.,4_short,Seiten_mit_defekten_Dateilinks|Ohne_Kategorie,2018-11-19T09:26:30Z,48f66906899cc4a9477b6c9e32ff4424,0:=Und 1:=man 2:=kann 3:=damit 4:=Sachen 5:=be-schreiben.,1,,0,0
9804,das-a-und-o,Der Bibel-vers steht in Die Offenbarung des Johannes.,2_long,Redewendungen|Seiten_mit_defekten_Dateilinks,2021-12-29T12:53:48Z,e800bebc9060331edfac65e663a55570,0:=Der 1:=Bibel-vers 2:=steht 3:=in 4:=Die 5:=Offenbarung 6:=des 7:=Johannes.,1,,0,0
42202,sklave,Ein Sklave ist abhängig von seinem Besitzer.,1_long,Ohne_Kategorie,2013-11-26T08:07:47Z,6275ee07d0785a2da491fbb224064f23,0:=Ein 1:=Sklave 2:=ist 3:=abhängig 4:=von 5:=seinem 6:=Besitzer.,1,,0,0
1457,altonaer-fischmarkt,Er ist in der Stadt Hamburg.,1_short,Essen_und_Trinken|Seiten_mit_defekten_Dateilinks,2023-02-08T08:19:21Z,58d6d1d5aca5e9e6ed470dcf6dafeb4e,0:=Er 1:=ist 2:=in 3:=der 4:=Stadt 5:=Hamburg.,1,,0,0
12184,eco-marathon,Das Auto das am wenigsten Energie (zum Beispiel Benzin) verbraucht gewinnt.,1_short,Technik,2014-05-08T08:23:37Z,af28a20dfb151690981ee13d72ce655c,0:=Das 1:=Auto 2:=das 3:=am 4:=wenigsten 5:=Energie 6:=(zum 7:=Beispiel 8:=Benzin) 9:=verbraucht 10:=gewinnt.,3,"[[2, 3, 4, 5, 9], [6, 7, 8], [10]]",1,2
9738,dagger-complex,Deutschland hat noch 858.000 Euro dazu gegeben.,6_long,Ohne_Kategorie,2013-09-01T17:43:42Z,6275ee07d0785a2da491fbb224064f23,0:=Deutschland 1:=hat 2:=noch 3:=858.000 4:=Euro 5:=dazu 6:=gegeben.,1,,0,0
10117,demenz,Bei einer Demenz ist das Gehirn krank.,1_short,Gesundheit|Seiten_mit_defekten_Dateilinks,2012-10-27T17:19:13Z,a6e7bfd89d5771b450c4ab0f5c2996e5,0:=Bei 1:=einer 2:=Demenz 3:=ist 4:=das 5:=Gehirn 6:=krank.,1,,0,0
27124,krankenversicherung,Dein Chef zahlt die Hälfte vom Geld für deine Kranken-versicherung.,5_long,Arbeit,2021-10-26T07:49:24Z,4e761a928113c1f23dda0939b1022778,0:=Dein 1:=Chef 2:=zahlt 3:=die 4:=Hälfte 5:=vom 6:=Geld 7:=für 8:=deine 9:=Kranken-versicherung.,2,"[[0, 1, 2, 4, 5, 6], [7, 8, 9]]",1,1
12452,einen-schlussstrich-ziehen,Und kommt aus Deutschland.,1_long,Redewendungen|Seiten_mit_defekten_Dateilinks,2021-12-30T22:23:38Z,e800bebc9060331edfac65e663a55570,0:=Und 1:=kommt 2:=aus 3:=Deutschland.,1,,0,0
41999,sim-karte,Die SIM-Karte ist eine Chipkarte.,0_short,Ohne_Kategorie,2012-11-20T07:21:45Z,28d34f2e053dee2c0e9399a7924cd978,0:=Die 1:=SIM-Karte 2:=ist 3:=eine 4:=Chipkarte.,1,,0,0
1291,alles,Alles stammt von dem Wort All ab.,2_short,Ohne_Kategorie|Seiten_mit_defekten_Dateilinks,2019-06-26T11:09:50Z,0cb9cde516c38ed84dc1f3f2b5556ed3,0:=Alles 1:=stammt 2:=von 3:=dem 4:=Wort 5:=All 6:=ab.,1,,0,0
1694,anakonda,Dort lebt sie im Wasser oder im Sumpf.,2_long,Tiere|Reptilien,2021-03-30T09:18:50Z,5fa944995d8c21065f2309550624baf9,0:=Dort 1:=lebt 2:=sie 3:=im 4:=Wasser 5:=oder 6:=im 7:=Sumpf.,2,"[[3, 4], [6, 7]]",1,1
9700,d-a-ch,"Die Buchstaben D, A und CH sind Abkürzungen für Nationalitätszeichen.",0_long,Geopolitik,2014-02-20T08:33:55Z,eaab3232dd7a824a6a774fd2f2814e47,"0:=Die 1:=Buchstaben 2:=D, 3:=A 4:=und 5:=CH 6:=sind 7:=Abkürzungen 8:=für 9:=Nationalitätszeichen.",4,"[[1, 2, 6], [1, 3, 6], [1, 5, 6], [8, 9]]",1,3
27060,krafttraining,Beim Kraft-training macht man die Bewegungen langsam.,15_long,Sport|Seiten_mit_defekten_Dateilinks,2019-10-28T08:05:49Z,eaab3232dd7a824a6a774fd2f2814e47,0:=Beim 1:=Kraft-training 2:=macht 3:=man 4:=die 5:=Bewegungen 6:=langsam.,1,,0,0
2049,anschlag-auf-den-bus-von-borussia-dortmund,Der Anschlag ist in Höchsten passiert.,4_short,Aus_den_Nachrichten|Hurraki:Überarbeiten|Geschichte|Seiten_mit_defekten_Dateilinks,2017-04-15T05:42:54Z,48f66906899cc4a9477b6c9e32ff4424,0:=Der 1:=Anschlag 2:=ist 3:=in 4:=Höchsten 5:=passiert.,1,,0,0
2014,anschlag-am-12-januar-2016-in-istanbul,Der Anschlag in Istanbul ist am 12. Januar 2016 gewesen.,0_short,Ohne_Kategorie|Aus_den_Nachrichten|Geschichte|Seiten_mit_defekten_Dateilinks,2016-01-12T19:45:16Z,af28a20dfb151690981ee13d72ce655c,0:=Der 1:=Anschlag 2:=in 3:=Istanbul 4:=ist 5:=am 6:=12. 7:=Januar 8:=2016 9:=gewesen.,2,"[[2, 3], [5, 6, 7, 8]]",1,1
27297,kugelgrill,Mit dem Kugel-grill kann man indirekt grillen.,3_long,Essen_und_Trinken|Technik,2013-12-15T10:24:22Z,eaab3232dd7a824a6a774fd2f2814e47,0:=Mit 1:=dem 2:=Kugel-grill 3:=kann 4:=man 5:=indirekt 6:=grillen.,2,"[[0, 2], [3, 4, 5, 6]]",1,1
27290,kryptowahrung,Krypto-währungen funktionieren ohne Banken.,2_short,Geld,2018-12-19T14:08:31Z,48f66906899cc4a9477b6c9e32ff4424,0:=Krypto-währungen 1:=funktionieren 2:=ohne 3:=Banken.,1,,0,0
12480,einfaltig,"Einfältig ist jemand, der nicht besonders schlau ist.",0_short,Ohne_Kategorie,2012-12-17T19:44:12Z,eaab3232dd7a824a6a774fd2f2814e47,"0:=Einfältig 1:=ist 2:=jemand, 3:= 4:=\newline 5:=der 6:=nicht 7:=besonders 8:=schlau 9:=ist.",2,"[[0, 1, 2], [5, 6, 7, 8, 9]]",1,1
2075,anschlag-in-ankara-2016,Weil die Türkei Streit mit der PKK hat.,9_long,Ohne_Kategorie|Aus_den_Nachrichten|Geschichte|Seiten_mit_defekten_Dateilinks,2016-02-21T09:24:48Z,af28a20dfb151690981ee13d72ce655c,0:=Weil 1:=die 2:=Türkei 3:=Streit 4:=mit 5:=der 6:=PKK 7:=hat.,1,,0,0
27208,krempe,Richard möchte auf der Straße nicht erkannt werden.,4_long,Kleider,2011-11-10T10:47:27Z,eaab3232dd7a824a6a774fd2f2814e47,0:=Richard 1:=möchte 2:=auf 3:=der 4:=Straße 5:=nicht 6:=erkannt 7:=werden.,2,"[[0, 1, 5, 6, 7], [2, 4]]",1,1
12071,ebook-reader,Man kann viele Bücher darauf speichern.,5_short,Computer|Technik,2014-04-08T08:46:31Z,eaab3232dd7a824a6a774fd2f2814e47,0:=Man 1:=kann 2:=viele 3:=Bücher 4:=darauf 5:=speichern.,1,,0,0
42433,sockenhalter,Zu den Socken-halter gehören auch Strapse.,6_long,Kleider|Seiten_mit_defekten_Dateilinks,2017-01-21T07:54:59Z,48f66906899cc4a9477b6c9e32ff4424,0:=Zu 1:=den 2:=Socken-halter 3:=gehören 4:=auch 5:=Strapse.,1,,0,0
27250,krise,Eine Krise ist eine gefährliche Lage.,0_short,Hurraki:Überarbeiten|Seiten_mit_defekten_Dateilinks,2009-12-26T16:03:45Z,d8779288de353a0da9951dfcae710103,0:=Eine 1:=Krise 2:=ist 3:=eine 4:=gefährliche 5:=Lage.,1,,0,0
42413,social-media,Man kann sich mit anderen Social Media Benutzer austauschen.,7_long,Internet|Seiten_mit_defekten_Dateilinks,2017-04-06T06:33:10Z,48f66906899cc4a9477b6c9e32ff4424,0:=Man 1:=kann 2:=sich 3:=mit 4:=anderen 5:=Social 6:=Media 7:=Benutzer 8:=austauschen.,1,,0,0
42225,sklave,Es gibt verschiedene Formen von Sklaverei.,24_long,Ohne_Kategorie,2013-11-26T08:07:47Z,6275ee07d0785a2da491fbb224064f23,0:=Es 1:=gibt 2:= 3:=verschiedene 4:=Formen 5:=von 6:=Sklaverei.,1,,0,0
9666,currywurst,Die Curry-wurst wird in kleinen Stücken von einem Teller gegessen.,3_long,Essen_und_Trinken,2019-05-23T21:15:19Z,cb1e31ab104c40efee60452f9427ce6d,0:=Die 1:=Curry-wurst 2:=wird 3:=in 4:=kleinen 5:=Stücken 6:=von 7:=einem 8:=Teller 9:=gegessen.,3,"[[1, 2, 9], [3, 4, 5], [6, 8]]",1,2
1775,anarchismus,Anarchismus hat es früher in vielen Ländern gegeben.,22_long,Politik|Seiten_mit_defekten_Dateilinks,2016-04-25T17:26:24Z,48f66906899cc4a9477b6c9e32ff4424,0:=Anarchismus 1:=hat 2:=es 3:=früher 4:=in 5:=vielen 6:=Ländern 7:=gegeben.,2,"[[3], [4, 5, 6]]",1,1
12500,einkommen-aus-besitz,Beispiel: Du hast Geld.,1_long,Geld,2021-10-30T11:15:40Z,4e761a928113c1f23dda0939b1022778,0:=Beispiel: 1:=Du 2:=hast 3:=Geld.,1,,0,0
12393,eierwarmer,Ein Eierwärmer ist eine Hülle für ein Ei. Man stellt ein Ei rein.,0_short,Essen_und_Trinken,2019-04-04T09:58:35Z,48f66906899cc4a9477b6c9e32ff4424,0:=Ein 1:=Eierwärmer 2:=ist 3:=eine 4:=Hülle 5:=für 6:=ein 7:=Ei. 8:= 9:=\newline 10:= 11:=\newline 12:=Man 13:=stellt 14:=ein 15:=Ei 16:=rein.,2,"[[1, 2, 4, 5, 7], [12, 13, 15, 16]]",1,1
42120,sitelen-sitelen,Und entwickelt von Jonathan Gabel.,6_short,Seiten_mit_defekten_Dateilinks|Ohne_Kategorie,2022-02-09T12:13:55Z,e800bebc9060331edfac65e663a55570,0:=Und 1:=entwickelt 2:=von 3:=Jonathan 4:=Gabel.,1,,0,0
12446,eigenverantwortung,Bei der Selbstbestimmung hat man auch Eigen-verantwortung.,0_long,Selbstbestimmung|Seiten_mit_defekten_Dateilinks,2012-10-25T08:45:26Z,72fb5f8156adf1b638fc9bd1fa6cdbcf,0:=Bei 1:=der 2:=Selbstbestimmung 3:=hat 4:=man 5:=auch 6:=Eigen-verantwortung.,2,"[[0, 2], [3, 4, 5, 6]]",1,1
1090,alexander-mitscherlich,Alexander Mitscherlich war ein: • Arzt,0_short,Ohne_Kategorie|Seiten_mit_defekten_Dateilinks,2022-02-28T12:34:31Z,e800bebc9060331edfac65e663a55570,0:=Alexander 1:=Mitscherlich 2:=war 3:=ein: 4:=• 5:=Arzt,1,,0,0
12074,ecall,emergency call ist ein englisches Wort.,1_long,Ohne_Kategorie,2014-12-31T12:07:06Z,28d34f2e053dee2c0e9399a7924cd978,0:=emergency 1:=call 2:=ist 3:=ein 4:=englisches 5:=Wort.,1,,0,0
1036,aleviten,Zum Beispiel tragen die meisten alevitischen Frauen kein Kopftuch.,3_long,Religion,2008-02-02T09:57:28Z,e3afed0047b08059d0fada10f400c1e5,0:=Zum 1:=Beispiel 2:=tragen 3:=die 4:=meisten 5:=alevitischen 6:=Frauen 7:=kein 8:=Kopftuch.,1,,0,0
42300,smalltalk,Viele Menschen benutzen einen Smalltalk zum Kennenlernen.,0_long,Sprache,2014-01-23T10:58:39Z,eaab3232dd7a824a6a774fd2f2814e47,0:=Viele 1:=Menschen 2:=benutzen 3:=einen 4:=Smalltalk 5:=zum 6:=Kennenlernen.,2,"[[0, 1, 2, 4], [5, 6]]",1,1
27175,krawatte,Hier werden Krawatten oft getragen: • Berufen,13_long,Kleider,2015-04-06T18:57:54Z,4189117576b2876ec34dc7db77b24cb6,0:=Hier 1:=werden 2:=Krawatten 3:=oft 4:=getragen: 5:=• 6:=Berufen,1,,0,0
10088,demenz,Das wird immer schlechter.,1_long,Gesundheit|Seiten_mit_defekten_Dateilinks,2012-10-27T17:19:13Z,a6e7bfd89d5771b450c4ab0f5c2996e5,0:=Das 1:=wird 2:=immer 3:=schlechter.,1,,0,0
12157,echter-clownfisch,Das heißt man kann sich an den Tentakeln verbrennen.,11_long,Tiere|Seiten_mit_defekten_Dateilinks,2021-05-15T15:50:47Z,7b5adf57ed2178795004f4c052333f37,0:=Das 1:=heißt 2:=man 3:=kann 4:=sich 5:=an 6:=den 7:=Tentakeln 8:=verbrennen.,1,,0,0
12193,edgar-allan-poe,Baudelaire gebraucht Poesie von Poe in Vorträgen.,8_long,Personen,2022-01-19T07:15:51Z,e800bebc9060331edfac65e663a55570,0:=Baudelaire 1:=gebraucht 2:=Poesie 3:=von 4:=Poe 5:=in 6:=Vorträgen.,2,"[[0, 1, 5, 6], [3, 4]]",1,1
10054,deflation,Bei einer Deflation gibt es zu viele Waren.,0_long,Geld|Seiten_mit_defekten_Dateilinks,2014-03-06T06:33:24Z,6275ee07d0785a2da491fbb224064f23,0:=Bei 1:=einer 2:=Deflation 3:=gibt 4:=es 5:=zu 6:=viele 7:=Waren.,1,,0,0
1295,allgemeine-geschaftsbedingungen,"Wenn man einen Vetrag macht, muss man die AGB akzeptieren.",0_long,Recht_und_Gesetz|Seiten_mit_defekten_Dateilinks,2022-04-11T08:43:08Z,48f66906899cc4a9477b6c9e32ff4424,"0:=Wenn 1:=man 2:=einen 3:=Vetrag 4:=macht, 5:=\newline 6:=muss 7:=man 8:=die 9:=AGB 10:=akzeptieren.",2,"[[0, 1, 3, 4], [6, 7, 9, 10]]",1,1
12362,eid,Ein Eid ist ein großes Versprechen.,0_short,Recht_und_Gesetz|Seiten_mit_defekten_Dateilinks,2012-03-03T00:00:41Z,58d6d1d5aca5e9e6ed470dcf6dafeb4e,0:=Ein 1:=Eid 2:=ist 3:=ein 4:=großes 5:=Versprechen.,2,"[[4], [5]]",1,1
9937,daumenkino,Auf jeder Buch-Seite ist 1 Bild.,1_short,Film_und_Kino|Technik,2014-03-01T15:38:30Z,eaab3232dd7a824a6a774fd2f2814e47,0:=Auf 1:=jeder 2:=Buch-Seite 3:=ist 4:=1 5:=Bild.,1,,0,0
1730,analphabet,Er kann aber nicht schreiben.,11_long,Ohne_Kategorie|Seiten_mit_defekten_Dateilinks,2015-09-08T10:46:12Z,cfbe77d115cd524def4ccbe596a54842,0:=Er 1:=kann 2:=aber 3:=nicht 4:=schreiben.,1,,0,0
10103,demenz,Es gibt noch keine Heilung für Demenz.,16_long,Gesundheit|Seiten_mit_defekten_Dateilinks,2012-10-27T17:19:13Z,a6e7bfd89d5771b450c4ab0f5c2996e5,0:=Es 1:=gibt 2:=noch 3:=keine 4:=Heilung 5:=für 6:=Demenz.,2,"[[0, 1, 2, 3, 4], [5, 6]]",1,1
1841,angriff-in-las-vegas,Er hatte bei seinem Angriff über 20 Waffen dabei.,7_long,Geschichte|Aus_den_Nachrichten|Hurraki:Überarbeiten|Seiten_mit_defekten_Dateilinks,2017-10-11T05:48:19Z,48f66906899cc4a9477b6c9e32ff4424,0:=Er 1:=hatte 2:=bei 3:=seinem 4:=Angriff 5:=über 6:=20 7:=Waffen 8:=dabei.,3,"[[0, 1, 7, 8], [5, 6, 7], [2, 3, 4, 8]]",1,2
10036,deeskalation,Deeskalation macht man zum Beispiel bei Demonstrationen.,0_long,Ohne_Kategorie,2013-04-07T19:37:34Z,eaab3232dd7a824a6a774fd2f2814e47,0:=Deeskalation 1:=macht 2:=man 3:=zum 4:=Beispiel 5:=bei 6:=Demonstrationen.,1,,0,0
42032,singles-day,Der Tag ist in China erfunden worden.,3_long,Gedenktage_und_Aktionstage|Seiten_mit_defekten_Dateilinks,2017-11-19T11:29:31Z,48f66906899cc4a9477b6c9e32ff4424,0:=Der 1:=Tag 2:=ist 3:=in 4:=China 5:=erfunden 6:=worden.,1,,0,0
42222,sklave,Und man gibt ihnen das Geld für ihre Arbeit nicht.,21_long,Ohne_Kategorie,2013-11-26T08:07:47Z,6275ee07d0785a2da491fbb224064f23,0:=Und 1:=man 2:=gibt 3:=ihnen 4:=das 5:=Geld 6:=für 7:=ihre 8:=Arbeit 9:=nicht.,2,"[[1, 2, 3, 9], [6, 7, 8]]",1,1
12342,ehrgeiz,Diese Anerkennung soll den Ehrgeizigen über seine Mit-menschen hervorheben.,1_short,Ohne_Kategorie|Seiten_mit_defekten_Dateilinks,2022-01-02T12:29:11Z,e800bebc9060331edfac65e663a55570,0:=Diese 1:=Anerkennung 2:=soll 3:=den 4:=Ehrgeizigen 5:=über 6:=seine 7:=Mit-menschen 8:=hervorheben.,2,"[[1, 2, 4, 8], [5, 6, 7]]",1,1
1060,alexander-graham-bell,Die Mutter von Bell heißt Eliza Symonds Bell.,8_long,Personen|Seiten_mit_defekten_Dateilinks,2022-03-03T19:51:00Z,28d34f2e053dee2c0e9399a7924cd978,0:=Die 1:=Mutter 2:=von 3:=Bell 4:=heißt 5:=Eliza 6:=Symonds 7:=Bell.,1,,0,0
42443,sockenklammer,Oder die Socken zusammen in den Trockner machen.,6_long,Kleider,2018-04-12T06:31:04Z,48f66906899cc4a9477b6c9e32ff4424,0:=Oder 1:=die 2:=Socken 3:=zusammen 4:=in 5:=den 6:=Trockner 7:=machen.,1,,0,0
9677,cyanogenmod,Manche Handy-firmen haben das Betriebs-system Android verändert.,2_long,Computer,2013-11-27T06:06:48Z,28d34f2e053dee2c0e9399a7924cd978,0:=Manche 1:=Handy-firmen 2:=haben 3:=das 4:=Betriebs-system 5:=Android 6:=verändert.,2,"[[4], [5]]",1,1
12234,egypt-air-flug-181,Die Polizei hat ihn festgenommen.,10_long,Verkehr|Aus_den_Nachrichten|Seiten_mit_defekten_Dateilinks,2016-03-30T16:42:16Z,48f66906899cc4a9477b6c9e32ff4424,0:=Die 1:=Polizei 2:=hat 3:=ihn 4:=festgenommen.,1,,0,0
1311,allgemeines-gleichbehandlungsgesetz,"Das heißt, sie dürfen nicht anders behandelt werden als andere Menschen.",7_long,Politik|Recht_und_Gesetz|Seiten_mit_defekten_Dateilinks,2008-02-02T09:59:38Z,e3afed0047b08059d0fada10f400c1e5,"0:=Das 1:=heißt, 2:= 3:=\newline 4:=sie 5:=dürfen 6:=nicht 7:=anders 8:=behandelt 9:=werden 10:=als 11:=andere 12:=Menschen.",1,,0,0
996,alchemie,Alchemie ist Chemie.,0_short,Wissenschaft|Seiten_mit_defekten_Dateilinks,2022-10-03T06:15:06Z,48f66906899cc4a9477b6c9e32ff4424,0:=Alchemie 1:=ist 2:=Chemie.,1,,0,0
10097,demenz,Und haben Schwierigkeiten andere Leute zu erkennen.,10_long,Gesundheit|Seiten_mit_defekten_Dateilinks,2012-10-27T17:19:13Z,a6e7bfd89d5771b450c4ab0f5c2996e5,0:=Und 1:=haben 2:=Schwierigkeiten 3:=andere 4:=Leute 5:=zu 6:=erkennen.,2,"[[1, 2], [3, 4, 5, 6]]",1,1
10140,demeter,In der römischen Sage ist ihr Name Ceres.,4_short,Seiten_mit_defekten_Dateilinks|Ohne_Kategorie,2022-01-29T14:24:42Z,e800bebc9060331edfac65e663a55570,0:=In 1:=der 2:=römischen 3:=Sage 4:=ist 5:=ihr 6:=Name 7:=Ceres.,3,"[[0, 3], [2, 3], [4, 5, 6, 7]]",1,2
42027,simultanschach,Simultan-schach sind Schach-spiele.,0_short,Sport,2019-01-22T10:34:08Z,48f66906899cc4a9477b6c9e32ff4424,0:=Simultan-schach 1:=sind 2:=Schach-spiele.,1,,0,0
27096,krankenkasse,Dann zahlt die Kranken-kasse manche Rechnungen.,4_short,Gesundheit|Recht_und_Gesetz|Seiten_mit_defekten_Dateilinks,2020-08-04T13:39:48Z,cfbe77d115cd524def4ccbe596a54842,0:=Dann 1:=zahlt 2:=die 3:=Kranken-kasse 4:=manche 5:=Rechnungen.,1,,0,0
10124,demeter,Einer dieser Göttinnen ist Demeter.,4_long,Seiten_mit_defekten_Dateilinks|Ohne_Kategorie,2022-01-29T14:24:42Z,e800bebc9060331edfac65e663a55570,0:=Einer 1:=dieser 2:=Göttinnen 3:=ist 4:=Demeter.,1,,0,0
1965,anschlag-am-1-januar-2017-istanbul,Er ist danach abgehauen.,4_long,Aus_den_Nachrichten|Geschichte|Seiten_mit_defekten_Dateilinks,2017-01-03T08:02:25Z,48f66906899cc4a9477b6c9e32ff4424,0:=Er 1:=ist 2:=danach 3:=abgehauen.,1,,0,0
42186,skateboard,Es gibt auch Skate-board Wett-kämpfe.,4_short,Fortbewegung|Sport,2008-09-23T17:46:59Z,be4178123f065f8d36c5093129c005dc,0:=Es 1:=gibt 2:=auch 3:=Skate-board 4:=Wett-kämpfe.,1,,0,0
12409,eifersucht,Tom wird traurig und wütend.,13_long,Ohne_Kategorie|Seiten_mit_defekten_Dateilinks,2022-01-03T17:00:58Z,e800bebc9060331edfac65e663a55570,0:=Tom 1:=wird 2:=traurig 3:=und 4:=wütend.,2,"[[2], [4]]",1,1
9689,cyber-monday,Die Weihnachts-einkaufs-tage fangen mit Black Friday an.,3_long,Gedenktage_und_Aktionstage|Seiten_mit_defekten_Dateilinks,2019-12-05T21:56:26Z,48f66906899cc4a9477b6c9e32ff4424,0:=Die 1:=Weihnachts-einkaufs-tage 2:=fangen 3:=mit 4:=Black 5:=Friday 6:=an.,1,,0,0
42140,sitzvolleyball,Das Netz ist nicht so hoch wie beim Volley-ball.,13_long,Sport|Paralympics,2012-01-30T18:24:13Z,d4171b2c36772be4cad75ef4078874bd,0:=Das 1:=Netz 2:=ist 3:=nicht 4:=so 5:=hoch 6:=wie 7:=beim 8:=Volley-ball.,1,,0,0
1112,algorithmus,Ein Algorithmus ist eine Reihen-folge.,0_short,Schule_und_Lernen|Computer|Internet|Seiten_mit_defekten_Dateilinks,2017-08-15T03:24:31Z,48f66906899cc4a9477b6c9e32ff4424,0:=Ein 1:=Algorithmus 2:=ist 3:=eine 4:=Reihen-folge.,1,,0,0
27078,krankenkasse,Die Kranken-kasse zahlt zum Beispiel für: • den Zahn-arzt,9_long,Gesundheit|Recht_und_Gesetz|Seiten_mit_defekten_Dateilinks,2020-08-04T13:39:48Z,cfbe77d115cd524def4ccbe596a54842,0:=Die 1:=Kranken-kasse 2:=zahlt 3:=zum 4:=Beispiel 5:=für: 6:=• 7:=den 8:=Zahn-arzt,1,,0,0
27342,kultur,Gezüchtete Pflanzen können auch eine Kultur sein.,18_long,Ohne_Kategorie|Seiten_mit_defekten_Dateilinks,2016-03-14T11:57:06Z,48f66906899cc4a9477b6c9e32ff4424,0:=Gezüchtete 1:=Pflanzen 2:=können 3:=auch 4:=eine 5:=Kultur 6:=sein.,1,,0,0
1994,anschlag-am-10-dezember-2016-in-istanbul,Und viele Menschen sind verletzt.,2_short,Aus_den_Nachrichten|Geschichte|Seiten_mit_defekten_Dateilinks,2016-12-15T07:06:25Z,af28a20dfb151690981ee13d72ce655c,0:=Und 1:=viele 2:=Menschen 3:=sind 4:=verletzt.,1,,0,0
2080,anschlag-in-ankara-2016,Deutschland hilft der Türkei diese Menschen zu finden und zu bestrafen.,14_long,Ohne_Kategorie|Aus_den_Nachrichten|Geschichte|Seiten_mit_defekten_Dateilinks,2016-02-21T09:24:48Z,af28a20dfb151690981ee13d72ce655c,0:=Deutschland 1:=hilft 2:=der 3:=Türkei 4:=diese 5:=Menschen 6:=zu 7:=finden 8:=und 9:=zu 10:=bestrafen.,3,"[[0, 1, 4, 5, 6, 7], [0, 1, 3], [0, 1, 4, 5, 9, 10]]",1,2
9944,dau,DAU ist ein Akronym,1_long,Computer|Internet,2012-12-10T18:08:06Z,28d34f2e053dee2c0e9399a7924cd978,0:=DAU 1:=ist 2:=ein 3:=Akronym,1,,0,0
12381,eierlegende-wollmilchsau,Zum Beispiel wenn: • jemand alles kann,7_short,Redewendungen,2013-10-21T08:18:22Z,eaab3232dd7a824a6a774fd2f2814e47,0:=Zum 1:=Beispiel 2:=wenn: 3:=• 4:=jemand 5:=alles 6:=kann,1,,0,0
12217,egalitarismus,Eine Idee wie Menschen zusammen-leben können.,3_long,Haltung|Politische_Idee|Seiten_mit_defekten_Dateilinks,2022-09-22T12:10:23Z,48f66906899cc4a9477b6c9e32ff4424,0:=Eine 1:=Idee 2:=wie 3:=Menschen 4:=zusammen-leben 5:=können.,1,,0,0
26965,korpergewicht,Ein kleines Kind hat wenig Körper-gewicht.,0_long,Gesundheit|Seiten_mit_defekten_Dateilinks,2019-12-27T09:05:27Z,eaab3232dd7a824a6a774fd2f2814e47,0:=Ein 1:=kleines 2:=Kind 3:=hat 4:=wenig 5:=Körper-gewicht.,1,,0,0
12556,eins,Die Zahl Eins (1) ist eine Un-gerade Zahl.,0_long,Seiten_mit_defekten_Dateilinks|Ohne_Kategorie,2018-11-19T09:26:30Z,48f66906899cc4a9477b6c9e32ff4424,0:=Die 1:=Zahl 2:=Eins 3:=(1) 4:=ist 5:=eine 6:=Un-gerade 7:=Zahl.,1,,0,0
26994,korruption-in-der-fifa,Oder: sie waschen Geld von verbotenen Geschäften.,2_short,Sport|Recht_und_Gesetz|Seiten_mit_defekten_Dateilinks,2015-05-28T14:24:34Z,af28a20dfb151690981ee13d72ce655c,0:=Oder: 1:=sie 2:=waschen 3:=Geld 4:=von 5:=verbotenen 6:=Geschäften.,2,"[[0, 1, 2], [4, 5, 6]]",1,1
26967,korpergewicht,"Unter-gewicht ist, wenn man viel zu wenig Körper-gewicht hat.",2_long,Gesundheit|Seiten_mit_defekten_Dateilinks,2019-12-27T09:05:27Z,eaab3232dd7a824a6a774fd2f2814e47,"0:=Unter-gewicht 1:=ist, 2:=\newline 3:=wenn 4:=man 5:=viel 6:=zu 7:=wenig 8:=Körper-gewicht 9:=hat.",2,"[[0, 1], [3, 4, 5, 6, 7, 8, 9]]",1,1
9895,datenschutz,"Wer sich nicht an das Gesetz hält, wird bestraft.",5_long,Recht_und_Gesetz|Seiten_mit_defekten_Dateilinks,2022-10-29T04:32:19Z,48f66906899cc4a9477b6c9e32ff4424,"0:=Wer 1:=sich 2:=nicht 3:=an 4:=das 5:=Gesetz 6:=hält, 7:=\newline 8:=wird 9:=bestraft.",2,"[[0, 1, 2, 3, 5, 6], [8, 9]]",1,1
26969,korpergewicht,"Über-gewicht ist, wenn man zu viel Körper-gewicht hat.",4_long,Gesundheit|Seiten_mit_defekten_Dateilinks,2019-12-27T09:05:27Z,eaab3232dd7a824a6a774fd2f2814e47,"0:=Über-gewicht 1:=ist, 2:= 3:=\newline 4:=wenn 5:=man 6:=zu 7:=viel 8:=Körper-gewicht 9:= 10:=hat.",2,"[[0, 1], [4, 5, 6, 7, 8, 10]]",1,1
2057,anschlag-in-ankara-2015,Manche sagen die Bomben waren ähnlich wie beim Anschlag in Suruc.,7_long,Ohne_Kategorie|Geschichte|Seiten_mit_defekten_Dateilinks,2015-10-12T15:11:33Z,af28a20dfb151690981ee13d72ce655c,0:=Manche 1:=sagen 2:=die 3:=Bomben 4:=waren 5:=ähnlich 6:=wie 7:=beim 8:=Anschlag 9:=in 10:=Suruc.,1,,0,0
26919,korea-konflikt,Nord-korea und Süd-korea streiten sich um 2 große Sachen.,6_long,Geopolitik|Politik|Aus_den_Nachrichten,2018-02-18T07:36:44Z,48f66906899cc4a9477b6c9e32ff4424,0:=Nord-korea 1:=und 2:=Süd-korea 3:=streiten 4:=sich 5:=um 6:=2 7:=große 8:=Sachen.,2,"[[0, 1, 2, 3, 4], [5, 6, 7, 8]]",1,1
12346,eichsfeld,Im Eichsfeld wohnen 100 Tausend Menschen.,0_long,Ohne_Kategorie|Seiten_mit_defekten_Dateilinks,2019-03-20T10:40:00Z,ffaa744a207eb843b7f383adcf5da422,0:=Im 1:=Eichsfeld 2:=wohnen 3:=100 4:=Tausend 5:=Menschen.,1,,0,0
12375,eierlegende-wollmilchsau,"Eier-legende Woll-milch-sau wird gesagt, wenn jemand alles kann.",1_short,Redewendungen,2013-10-21T08:18:22Z,eaab3232dd7a824a6a774fd2f2814e47,"0:=Eier-legende 1:=Woll-milch-sau 2:=wird 3:=gesagt, 4:=wenn 5:=jemand 6:=alles 7:=kann.",2,"[[0, 1, 2, 3], [4, 5, 6, 7]]",1,1
1764,anarchismus,Die Gemeinschaften kümmern sich selber um ihre Sachen.,11_long,Politik|Seiten_mit_defekten_Dateilinks,2016-04-25T17:26:24Z,48f66906899cc4a9477b6c9e32ff4424,0:=Die 1:=Gemeinschaften 2:=kümmern 3:=sich 4:=selber 5:=um 6:=ihre 7:=Sachen.,1,,0,0
26901,koprolalie,Die Wörter werden hintereinander ausgesprochen.,1_short,Gesundheit,2014-04-25T20:23:18Z,af28a20dfb151690981ee13d72ce655c,0:=Die 1:=Wörter 2:=werden 3:=hintereinander 4:=ausgesprochen.,1,,0,0
1797,anarchismus,Niemand hat alleine das Sagen.,4_short,Politik|Seiten_mit_defekten_Dateilinks,2016-04-25T17:26:24Z,48f66906899cc4a9477b6c9e32ff4424,0:=Niemand 1:=hat 2:=alleine 3:=das 4:=Sagen.,1,,0,0
1351,altenburg,Der Reformator Georg Spalatin lebte hier.,7_long,Städte,2019-03-20T11:00:48Z,ffaa744a207eb843b7f383adcf5da422,0:=Der 1:=Reformator 2:=Georg 3:=Spalatin 4:=lebte 5:=hier.,1,,0,0
1754,anarchismus,Es gibt keine Könige oder Präsidenten.,1_long,Politik|Seiten_mit_defekten_Dateilinks,2016-04-25T17:26:24Z,48f66906899cc4a9477b6c9e32ff4424,0:=Es 1:=gibt 2:=keine 3:=Könige 4:=oder 5:=Präsidenten.,2,"[[3], [5]]",1,1
1182,alkohol,Das ist ein Getränk mit Ethanol.,3_short,Essen_und_Trinken|Seiten_mit_defekten_Dateilinks|Wörter_mit_verschiedenen_Bedeutungen,2023-05-18T06:47:13Z,48f66906899cc4a9477b6c9e32ff4424,0:=Das 1:=ist 2:=ein 3:=Getränk 4:=mit 5:=Ethanol.,2,"[[0, 1], [4, 5]]",1,1
9787,danemark,"Und Dänemark ist berühmt für Fischgerichte und Gebäcke wie ""smørrebrød"".",7_long,Ohne_Kategorie|Seiten_mit_defekten_Dateilinks,2023-04-04T08:35:33Z,f3d525674a904e48b4a41a13ef2a54a5,"0:=Und 1:=Dänemark 2:=ist 3:=berühmt 4:=für 5:=Fischgerichte 6:=und 7:=Gebäcke 8:=wie 9:=""smørrebrød"".",3,"[[1, 2, 3, 4, 5], [1, 2, 3, 4, 7], [7, 8, 9]]",1,2
27299,kugelgrill,"Wenn der Deckel drauf ist, kommt die Wäre auch von oben.",5_long,Essen_und_Trinken|Technik,2013-12-15T10:24:22Z,eaab3232dd7a824a6a774fd2f2814e47,"0:=Wenn 1:=der 2:=Deckel 3:=drauf 4:=ist, 5:=\newline 6:=kommt 7:=die 8:=Wäre 9:=auch 10:=von 11:=oben.",2,"[[0, 2, 3, 4], [6, 8, 9, 10, 11]]",1,1
12268,ehegattensplitting,Jetzt muß jeder für diese Hälfte Steuern zahlen.,24_long,Seiten_mit_defekten_Dateilinks|Ohne_Kategorie,2014-07-17T09:07:41Z,cfbe77d115cd524def4ccbe596a54842,0:=Jetzt 1:=muß 2:=jeder 3:=für 4:=diese 5:=Hälfte 6:=Steuern 7:=zahlen.,1,,0,0
12093,ecall,Manche sagen eCall ist eine gute Technik.,20_long,Ohne_Kategorie,2014-12-31T12:07:06Z,28d34f2e053dee2c0e9399a7924cd978,0:=Manche 1:=sagen 2:=eCall 3:=ist 4:=eine 5:=gute 6:=Technik.,1,,0,0
1911,annalena-baerbock,Annalena Baerbock ist verheiratet.,4_long,Aus_den_Nachrichten|Personen|Politik,2021-11-29T06:50:49Z,48f66906899cc4a9477b6c9e32ff4424,0:=Annalena 1:=Baerbock 2:=ist 3:=verheiratet.,1,,0,0
9825,das-feuerzeug,Das Feuerzeug ist ein Märchen.,0_short,Seiten_mit_defekten_Dateilinks|Ohne_Kategorie,2022-02-17T10:35:21Z,e800bebc9060331edfac65e663a55570,0:=Das 1:=Feuerzeug 2:=ist 3:=ein 4:=Märchen.,1,,0,0
1469,altstadt,Zum Beispiel wenn sie nach einem Krieg zerstört sind.,5_long,Stadt,2019-05-13T09:38:11Z,48f66906899cc4a9477b6c9e32ff4424,0:=Zum 1:=Beispiel 2:=wenn 3:=sie 4:=nach 5:=einem 6:=Krieg 7:=zerstört 8:=sind.,2,"[[2, 3, 7, 8], [4, 6]]",1,1
2119,anschlag-in-berlin-2016,Der zweite Mann ist von der Polizei verfolgt worden.,3_long,Ohne_Kategorie|Hurraki:Überarbeiten|Aus_den_Nachrichten|Geschichte|Seiten_mit_defekten_Dateilinks,2016-12-21T09:57:24Z,af28a20dfb151690981ee13d72ce655c,0:=Der 1:=zweite 2:=Mann 3:=ist 4:=von 5:=der 6:=Polizei 7:=verfolgt 8:=worden.,2,"[[1, 2, 3, 7, 8], [4, 6]]",1,1
12528,einkommen,Ein-kommen bedeutet: Du bekommst Geld.,0_short,Geld,2021-10-27T16:11:52Z,4e761a928113c1f23dda0939b1022778,0:=Ein-kommen 1:=bedeutet: 2:=Du 3:=bekommst 4:=Geld.,2,"[[0, 1], [2, 3, 4]]",1,1
9722,dabbawala,Die leeren dabbas werden wieder zurück-gebracht.,10_long,Seiten_mit_defekten_Dateilinks|Essen_und_Trinken|Beruf,2019-03-23T09:47:38Z,48f66906899cc4a9477b6c9e32ff4424,0:=Die 1:=leeren 2:=dabbas 3:=werden 4:=wieder 5:=zurück-gebracht.,1,,0,0
42348,smartwatch,Die Smart-watch kann sich mit dem Internet verbinden.,1_short,Zeit|Technik|Computer|Internet,2014-01-03T14:38:26Z,ac95c75a4819ddeb76a125281a8c84d9,0:=Die 1:=Smart-watch 2:=kann 3:=sich 4:=mit 5:=dem 6:=Internet 7:=verbinden.,1,,0,0
1998,anschlag-am-10-dezember-2016-in-istanbul,Sie haben viele Menschen töten und verletzen wollen.,6_short,Aus_den_Nachrichten|Geschichte|Seiten_mit_defekten_Dateilinks,2016-12-15T07:06:25Z,af28a20dfb151690981ee13d72ce655c,0:=Sie 1:=haben 2:=viele 3:=Menschen 4:=töten 5:=und 6:=verletzen 7:=wollen.,2,"[[4], [6]]",1,1
27034,kosmopolitismus,Ein Mann ist ein Kosmo-polit.,7_long,Ohne_Kategorie|Seiten_mit_defekten_Dateilinks,2019-06-16T07:49:02Z,48f66906899cc4a9477b6c9e32ff4424,0:=Ein 1:=Mann 2:=ist 3:=ein 4:=Kosmo-polit.,1,,0,0
42448,sockenklammer,Und nach dem Waschen finden man leichter beide Socken.,2_short,Kleider,2018-04-12T06:31:04Z,48f66906899cc4a9477b6c9e32ff4424,0:=Und 1:=nach 2:=dem 3:=Waschen 4:=finden 5:=man 6:=leichter 7:=beide 8:=Socken.,1,,0,0
12201,edward-snowden,Er hat nicht fertig studiert.,3_long,Personen,2013-07-05T06:23:04Z,6275ee07d0785a2da491fbb224064f23,0:=Er 1:=hat 2:=nicht 3:=fertig 4:=studiert.,1,,0,0
42156,sixtinische-kapelle,Die Kapelle wurde zur Zeit von Papst Sixtus IV gebaut.,0_long,Ort|Seiten_mit_defekten_Dateilinks,2013-03-12T07:06:15Z,7b5adf57ed2178795004f4c052333f37,0:=Die 1:=Kapelle 2:=wurde 3:=zur 4:=Zeit 5:=von 6:=Papst 7:=Sixtus 8:=IV 9:=gebaut.,1,,0,0
27276,kryptowahrung,Sie kaufen sich Sachen mit einer Krypto-währung.,7_long,Geld,2018-12-19T14:08:31Z,48f66906899cc4a9477b6c9e32ff4424,0:=Sie 1:=kaufen 2:=sich 3:=Sachen 4:=mit 5:=einer 6:=Krypto-währung.,2,"[[0, 1, 2, 3], [4, 6]]",1,1
12486,eingabe-und-ausgabe,Die Eingabe ist das was gemacht wird.,2_short,Computer,2012-11-09T22:05:06Z,eaab3232dd7a824a6a774fd2f2814e47,0:=Die 1:=Eingabe 2:=ist 3:=das 4:=was 5:=gemacht 6:=wird.,2,"[[1, 2, 3], [4, 5, 6]]",1,1
42184,skateboard,Und man kann mit dem Skate-board spielen.,2_short,Fortbewegung|Sport,2008-09-23T17:46:59Z,be4178123f065f8d36c5093129c005dc,0:=Und 1:=man 2:=kann 3:=mit 4:=dem 5:=Skate-board 6:=spielen.,1,,0,0
26987,korruption-in-der-fifa,Diese Personen sind verhaftet worden: • Jeffrey Webb,10_long,Sport|Recht_und_Gesetz|Seiten_mit_defekten_Dateilinks,2015-05-28T14:24:34Z,af28a20dfb151690981ee13d72ce655c,0:=Diese 1:=Personen 2:=sind 3:=verhaftet 4:=worden: 5:=• 6:=Jeffrey 7:=Webb,1,,0,0
1701,anakonda,Eine Anakonda isst am liebsten nachts.,9_long,Tiere|Reptilien,2021-03-30T09:18:50Z,5fa944995d8c21065f2309550624baf9,0:=Eine 1:=Anakonda 2:=isst 3:=am 4:=liebsten 5:=nachts.,1,,0,0
27238,krimkrise,Die Krimkrise ist ein großer Streit.,0_short,Politik|Geopolitik|Seiten_mit_defekten_Dateilinks,2015-08-02T10:35:14Z,af28a20dfb151690981ee13d72ce655c,0:=Die 1:=Krimkrise 2:=ist 3:=ein 4:=großer 5:=Streit.,1,,0,0
42083,sit-in,Und anderen seine Meinung zu einem Thema zeigen.,4_short,Politik,2018-05-01T06:26:34Z,48f66906899cc4a9477b6c9e32ff4424,0:=Und 1:=anderen 2:=seine 3:=Meinung 4:=zu 5:=einem 6:=Thema 7:=zeigen.,2,"[[1, 2, 7], [4, 6]]",1,1
27260,kriterium,Ein Kriterium ist ein wichtiger Punkt für eine Sache.,0_long,Ohne_Kategorie|Seiten_mit_defekten_Dateilinks,2017-08-29T13:47:33Z,8e384e35a2bd67eaeb964edc16d2f92c,0:=Ein 1:=Kriterium 2:=ist 3:=ein 4:=wichtiger 5:=Punkt 6:=für 7:=eine 8:=Sache.,2,"[[1, 2, 4], [6, 8]]",1,1
1355,altenburg,Altenburg hat 3 große Kirchen und einen großen Markt.,11_long,Städte,2019-03-20T11:00:48Z,ffaa744a207eb843b7f383adcf5da422,0:=Altenburg 1:=hat 2:=3 3:=große 4:=Kirchen 5:=und 6:=einen 7:=großen 8:=Markt.,2,"[[2, 3, 4], [7, 8]]",1,1
12341,ehrgeiz,Ehrgeiz ist eine Sucht nach Anerkennung.,0_short,Ohne_Kategorie|Seiten_mit_defekten_Dateilinks,2022-01-02T12:29:11Z,e800bebc9060331edfac65e663a55570,0:=Ehrgeiz 1:=ist 2:=eine 3:=Sucht 4:=nach 5:=Anerkennung.,1,,0,0
42216,sklave,Obwohl die Vereinten Nationen das verboten haben.,15_long,Ohne_Kategorie,2013-11-26T08:07:47Z,6275ee07d0785a2da491fbb224064f23,0:=Obwohl 1:=die 2:=Vereinten 3:=Nationen 4:=das 5:=verboten 6:=haben.,1,,0,0
1211,aller-anfang-ist-schwer,Und lebte 43 vor Christus in Sulmo.,2_long,Ohne_Kategorie|Seiten_mit_defekten_Dateilinks,2021-12-30T16:41:24Z,e800bebc9060331edfac65e663a55570,0:=Und 1:=lebte 2:=43 3:=vor 4:=Christus 5:=in 6:=Sulmo.,2,"[[2, 3, 4], [5, 6]]",1,1
2104,anschlag-in-bangkok-im-august-2015,Wie viele genau weiß man nicht.,12_long,Ohne_Kategorie|Geschichte|Seiten_mit_defekten_Dateilinks,2015-08-17T20:33:11Z,af28a20dfb151690981ee13d72ce655c,0:=Wie 1:=viele 2:=genau 3:=weiß 4:=man 5:=nicht.,1,,0,0
1902,anna-faris,Anna Faris ist am 29. November 1976 geboren.,0_long,Personen|Seiten_mit_defekten_Dateilinks,2022-01-13T04:58:27Z,e800bebc9060331edfac65e663a55570,0:=Anna 1:=Faris 2:=ist 3:=am 4:=29. 5:=November 6:=1976 7:=geboren.,1,,0,0
9909,datenschutz,Daten sind Informationen über Menschen.,0_short,Recht_und_Gesetz|Seiten_mit_defekten_Dateilinks,2022-10-29T04:32:19Z,48f66906899cc4a9477b6c9e32ff4424,0:=Daten 1:=sind 2:=Informationen 3:=über 4:=Menschen.,2,"[[0, 1], [3, 4]]",1,1
1097,alexander-sergejewitsch-puschkin,Alexander Sergejewitsch Puschkin kommt am 6. Juni 1799 auf die Welt.,0_long,Personen|Seiten_mit_defekten_Dateilinks,2022-02-23T15:16:44Z,e800bebc9060331edfac65e663a55570,0:=Alexander 1:=Sergejewitsch 2:=Puschkin 3:=kommt 4:=am 5:=6. 6:=Juni 7:=1799 8:=auf 9:=die 10:=Welt.,1,,0,0
26976,korpergewicht,"Wenn man leicht ist, hat man wenig Körper-gewicht.",3_short,Gesundheit|Seiten_mit_defekten_Dateilinks,2019-12-27T09:05:27Z,eaab3232dd7a824a6a774fd2f2814e47,"0:=Wenn 1:=man 2:=leicht 3:=ist, 4:= 5:=\newline 6:=hat 7:=man 8:=wenig 9:=Körper-gewicht.",2,"[[0, 1, 2, 3], [6, 7, 8, 9]]",1,1
42438,sockenklammer,Nach dem Waschen ist es schwierig die 2 Socken zu finden.,1_long,Kleider,2018-04-12T06:31:04Z,48f66906899cc4a9477b6c9e32ff4424,0:=Nach 1:=dem 2:=Waschen 3:=ist 4:=es 5:=schwierig 6:=die 7:=2 8:=Socken 9:=zu 10:=finden.,3,"[[0, 2], [3, 4, 5], [7, 8, 9, 10]]",1,2
42001,sim-karte,Erst mit einer SIM Karte funktioniert das Handy.,2_short,Ohne_Kategorie,2012-11-20T07:21:45Z,28d34f2e053dee2c0e9399a7924cd978,0:=Erst 1:=mit 2:=einer 3:=SIM 4:=Karte 5:=funktioniert 6:=das 7:=Handy.,1,,0,0
1123,alice-miller,Ein Kindheits-trauma ist mehr als kindliche Fantasie.,8_long,Ohne_Kategorie|Seiten_mit_defekten_Dateilinks,2022-03-02T14:11:08Z,e800bebc9060331edfac65e663a55570,0:=Ein 1:=Kindheits-trauma 2:=ist 3:=mehr 4:=als 5:=kindliche 6:=Fantasie.,1,,0,0
42074,sit-in,Arbeiter haben Sit-ins erfunden.,3_long,Politik,2018-05-01T06:26:34Z,48f66906899cc4a9477b6c9e32ff4424,0:=Arbeiter 1:=haben 2:=Sit-ins 3:=erfunden.,1,,0,0
27054,krafttraining,Das sind Wieder-holungen und eine Pause.,9_long,Sport|Seiten_mit_defekten_Dateilinks,2019-10-28T08:05:49Z,eaab3232dd7a824a6a774fd2f2814e47,0:=Das 1:=sind 2:=Wieder-holungen 3:=und 4:=eine 5:=Pause.,2,"[[2], [5]]",1,1
1737,analphabet,"In Deutschland gibt es ungefähr 7,5 Millionen funktionale Analphabeten.",18_long,Ohne_Kategorie|Seiten_mit_defekten_Dateilinks,2015-09-08T10:46:12Z,cfbe77d115cd524def4ccbe596a54842,"0:=In 1:=Deutschland 2:=gibt 3:=es 4:=ungefähr 5:=7,5 6:=Millionen 7:=funktionale 8:=Analphabeten.",1,,0,0
42381,snooker,"Dann stoßen sie zu, als wollten sie die Kugel aufspießen.",10_long,Sport,2012-04-22T08:50:38Z,e3afed0047b08059d0fada10f400c1e5,"0:=Dann 1:=stoßen 2:=sie 3:=zu, 4:=\newline 5:=als 6:=wollten 7:=sie 8:=die 9:=Kugel 10:=aufspießen.",2,"[[0, 1, 2, 3], [5, 6, 7, 9, 10]]",1,1
42002,sim-karte,Die SIM-Karte ist der Telefonanschluß für das Handy.,3_short,Ohne_Kategorie,2012-11-20T07:21:45Z,28d34f2e053dee2c0e9399a7924cd978,0:=Die 1:=SIM-Karte 2:=ist 3:=der 4:=Telefonanschluß 5:=für 6:=das 7:=Handy.,2,"[[1, 2], [5, 7]]",1,1
26868,kopfgeld,Kopfgeld ist Geld.,0_short,Recht_und_Gesetz|Seiten_mit_defekten_Dateilinks,2021-09-09T06:31:21Z,48f66906899cc4a9477b6c9e32ff4424,0:=Kopfgeld 1:=ist 2:=Geld.,1,,0,0
12347,eichsfeld,Hier leben viele katholische Christen.,1_long,Ohne_Kategorie|Seiten_mit_defekten_Dateilinks,2019-03-20T10:40:00Z,ffaa744a207eb843b7f383adcf5da422,0:=Hier 1:=leben 2:=viele 3:=katholische 4:=Christen.,2,"[[3], [4]]",1,1
12170,echter-clownfisch,Dann kümmert sich das Männchen um die Eier.,24_long,Tiere|Seiten_mit_defekten_Dateilinks,2021-05-15T15:50:47Z,7b5adf57ed2178795004f4c052333f37,0:=Dann 1:=kümmert 2:=sich 3:=das 4:=Männchen 5:=um 6:=die 7:=Eier.,1,,0,0
9969,dbt,Das ist eine Krankheit der Seele.,2_short,,2020-07-04T07:35:34Z,4a8d7c87339c287de35ba4be954bbfbf,0:=Das 1:=ist 2:=eine 3:=Krankheit 4:=der 5:=Seele.,2,"[[0, 1], [4, 5]]",1,1
42224,sklave,44 Arbeiter aus Nepal sind schon gestorben.,23_long,Ohne_Kategorie,2013-11-26T08:07:47Z,6275ee07d0785a2da491fbb224064f23,0:=44 1:=Arbeiter 2:=aus 3:=Nepal 4:=sind 5:=schon 6:=gestorben.,2,"[[0, 4, 5, 6], [2, 3]]",1,1
1364,alternative-fur-deutschland,Die Partei-farbe der AfD ist hell-blau.,1_long,Politik|Aus_den_Nachrichten|Partei_in_Deutschland,2016-10-08T08:01:49Z,6275ee07d0785a2da491fbb224064f23,0:=Die 1:=Partei-farbe 2:=der 3:=AfD 4:=ist 5:=hell-blau.,1,,0,0
27068,krafttraining,Eine bekannte Übung sind Knie-beugen.,3_short,Sport|Seiten_mit_defekten_Dateilinks,2019-10-28T08:05:49Z,eaab3232dd7a824a6a774fd2f2814e47,0:=Eine 1:=bekannte 2:=Übung 3:=sind 4:=Knie-beugen.,1,,0,0
1696,anakonda,Diese Schlange kann bis zu 200 Kilogramm schwer werden.,4_long,Tiere|Reptilien,2021-03-30T09:18:50Z,5fa944995d8c21065f2309550624baf9,0:=Diese 1:=Schlange 2:=kann 3:=bis 4:=zu 5:=200 6:=Kilogramm 7:=schwer 8:=werden.,1,,0,0
9842,das-wort-zum-sonntag,Aktuell sprechen 8 Personen (3) das Wort zum Sonntag.,3_long,Seiten_mit_defekten_Dateilinks|Radio_und_Fernsehen|Religion,2014-07-07T12:00:05Z,eaab3232dd7a824a6a774fd2f2814e47,0:=Aktuell 1:=sprechen 2:=8 3:=Personen 4:=(3) 5:=das 6:=Wort 7:=zum 8:=Sonntag.,2,"[[0, 1, 2, 3, 6, 7, 8], [4]]",1,1
1856,angriff-in-las-vegas,Das ist falsch.,22_long,Geschichte|Aus_den_Nachrichten|Hurraki:Überarbeiten|Seiten_mit_defekten_Dateilinks,2017-10-11T05:48:19Z,48f66906899cc4a9477b6c9e32ff4424,0:=Das 1:=ist 2:=falsch.,1,,0,0
27196,kredit,Mit einem Kredit bekommt man Geld aus-geliehen.,0_short,Geld,2015-11-23T11:05:06Z,88797a15ffaeedd9a8292e0b51c85385,0:=Mit 1:=einem 2:=Kredit 3:=bekommt 4:=man 5:=Geld 6:=aus-geliehen.,1,,0,0
27352,kultusminister,"In den Plänen steht, was die Kinder lernen sollen.",3_long,Politik,2009-11-27T17:58:10Z,1165823e29d5567f66ef3bbbcbfabcad,"0:=In 1:=den 2:=Plänen 3:=steht, 4:=was 5:=die 6:=Kinder 7:=lernen 8:=sollen.",2,"[[0, 2, 3], [4, 6, 7, 8]]",1,1
12083,ecall,• Bewegungs-sensor: Der Sensor soll festellen ob ein Unfall passiert ist.,10_long,Ohne_Kategorie,2014-12-31T12:07:06Z,28d34f2e053dee2c0e9399a7924cd978,0:= 1:=• 2:=Bewegungs-sensor: 3:=Der 4:=Sensor 5:=soll 6:=festellen 7:=ob 8:=ein 9:=Unfall 10:=passiert 11:=ist.,3,"[[2], [4, 5, 6], [7, 9, 10, 11]]",1,2
27204,krempe,Eine Krempe ist der äußere Rand von einem Hut.,0_long,Kleider,2011-11-10T10:47:27Z,eaab3232dd7a824a6a774fd2f2814e47,0:=Eine 1:=Krempe 2:=ist 3:=der 4:=äußere 5:=Rand 6:=von 7:=einem 8:=Hut.,3,"[[1, 2, 5], [4, 5], [6, 8]]",1,2
42030,singles-day,Es ist der größte Internet-Einkaufs-Tag der Welt.,1_long,Gedenktage_und_Aktionstage|Seiten_mit_defekten_Dateilinks,2017-11-19T11:29:31Z,48f66906899cc4a9477b6c9e32ff4424,0:=Es 1:=ist 2:=der 3:=größte 4:=Internet-Einkaufs-Tag 5:=der 6:=Welt.,1,,0,0
1825,anglizismus,Angle-zismus sind Wörter.,0_long,Sprache|Seiten_mit_defekten_Dateilinks,2018-07-04T04:58:19Z,48f66906899cc4a9477b6c9e32ff4424,0:=Angle-zismus 1:=sind 2:=Wörter.,1,,0,0
42401,social-bot,Es gibt auch noch andere Bots.,11_long,Internet|Seiten_mit_defekten_Dateilinks,2017-08-13T08:57:11Z,28d34f2e053dee2c0e9399a7924cd978,0:=Es 1:=gibt 2:=auch 3:=noch 4:=andere 5:=Bots.,1,,0,0
1160,alkohol,Zu viel Alkohol ist Gift für den Körper.,12_long,Essen_und_Trinken|Seiten_mit_defekten_Dateilinks|Wörter_mit_verschiedenen_Bedeutungen,2023-05-18T06:47:13Z,48f66906899cc4a9477b6c9e32ff4424,0:=Zu 1:=viel 2:=Alkohol 3:=ist 4:=Gift 5:=für 6:=den 7:=Körper.,2,"[[0, 1, 2, 3, 4], [5, 7]]",1,1
10024,deep-learning,Computer-netze und Maschinen werden durch Deep Learning besser und schlauer.,0_long,Computer|Hurraki:Überarbeiten|Seiten_mit_defekten_Dateilinks,2016-11-27T18:31:11Z,48f66906899cc4a9477b6c9e32ff4424,0:=Computer-netze 1:=und 2:=Maschinen 3:=werden 4:=durch 5:=Deep 6:=Learning 7:=besser 8:=und 9:=schlauer.,4,"[[0], [2], [7], [9]]",1,3
27027,kosmopolitismus,Kosmo-politis-mus ist eine Welt-anschauung.,0_long,Ohne_Kategorie|Seiten_mit_defekten_Dateilinks,2019-06-16T07:49:02Z,48f66906899cc4a9477b6c9e32ff4424,0:=Kosmo-politis-mus 1:=ist 2:=eine 3:=Welt-anschauung.,1,,0,0
12246,ehegattensplitting,Mit dem Geld werden verschiedene Sachen bezahlt.,2_long,Seiten_mit_defekten_Dateilinks|Ohne_Kategorie,2014-07-17T09:07:41Z,cfbe77d115cd524def4ccbe596a54842,0:=Mit 1:=dem 2:=Geld 3:=werden 4:=verschiedene 5:=Sachen 6:=bezahlt.,1,,0,0
42181,skateboard,"Man kann während der Fahrt die Richtung ändern, wenn man das Gleich-gewicht verlagert.",4_long,Fortbewegung|Sport,2008-09-23T17:46:59Z,be4178123f065f8d36c5093129c005dc,"0:=Man 1:=kann 2:=während 3:=der 4:=Fahrt 5:=die 6:=Richtung 7:=ändern, 8:=wenn 9:=man 10:=das 11:=\newline 12:=Gleich-gewicht 13:=verlagert.",3,"[[0, 1, 6, 7], [2, 4], [8, 9, 12, 13]]",1,2
27271,kryptowahrung,"Das heißt, man kann damit etwas kaufen.",2_long,Geld,2018-12-19T14:08:31Z,48f66906899cc4a9477b6c9e32ff4424,"0:=Das 1:=heißt, 2:=\newline 3:=man 4:=kann 5:=damit 6:=etwas 7:=kaufen.",1,,0,0
9873,datenschutz-grundverordnung,Die Strafe kann bis zu 20 Millionen Euro (20.000.000 Euro) kosten.,13_long,Recht_und_Gesetz,2018-06-04T15:22:46Z,48f66906899cc4a9477b6c9e32ff4424,0:=Die 1:=Strafe 2:=kann 3:=bis 4:=zu 5:=20 6:=Millionen 7:=Euro 8:=(20.000.000 9:=Euro) 10:=kosten.,2,"[[1, 2, 3, 4, 5, 6, 7, 10], [8, 9]]",1,1
1674,amtszeit,Eine Amts-zeit ist eine Zeit.,0_short,Politik|Seiten_mit_defekten_Dateilinks,2021-08-04T05:14:14Z,0061a5419063d58697cea347295a4554,0:=Eine 1:=Amts-zeit 2:=ist 3:=eine 4:=Zeit.,1,,0,0
27248,krise,Eine Krise kann groß sein.,0_long,Hurraki:Überarbeiten|Seiten_mit_defekten_Dateilinks,2009-12-26T16:03:45Z,d8779288de353a0da9951dfcae710103,0:=Eine 1:=Krise 2:=kann 3:=groß 4:=sein.,1,,0,0
1310,allgemeines-gleichbehandlungsgesetz,Sie dürfen nicht benachteiligt werden.,6_long,Politik|Recht_und_Gesetz|Seiten_mit_defekten_Dateilinks,2008-02-02T09:59:38Z,e3afed0047b08059d0fada10f400c1e5,0:=Sie 1:=dürfen 2:=nicht 3:=benachteiligt 4:=werden.,1,,0,0
1216,allerheiligen,Heilige sind besondere Menschen.,0_long,Religion|Seiten_mit_defekten_Dateilinks,2015-11-01T12:22:09Z,7b5adf57ed2178795004f4c052333f37,0:=Heilige 1:=sind 2:=besondere 3:=Menschen.,2,"[[0, 1], [2]]",1,1
9984,de-cix,Der BND gibt die Daten auch an den Spionage-dienst NSA weiter.,7_long,Seiten_mit_defekten_Dateilinks|Ohne_Kategorie,2015-02-01T21:54:47Z,28d34f2e053dee2c0e9399a7924cd978,0:=Der 1:=BND 2:=gibt 3:=die 4:=Daten 5:=auch 6:=an 7:=den 8:=Spionage-dienst 9:=NSA 10:=weiter.,2,"[[1, 2, 4, 10], [5, 6, 8, 9]]",1,1
27293,kryptowahrung,Es gibt sie nur in Computer-netz-werken.,5_short,Geld,2018-12-19T14:08:31Z,48f66906899cc4a9477b6c9e32ff4424,0:=Es 1:=gibt 2:=sie 3:=nur 4:=in 5:=Computer-netz-werken.,1,,0,0
26863,kopfgeld,Dafür das man jemand tötet.,1_long,Recht_und_Gesetz|Seiten_mit_defekten_Dateilinks,2021-09-09T06:31:21Z,48f66906899cc4a9477b6c9e32ff4424,0:=Dafür 1:=das 2:=man 3:=jemand 4:=tötet.,1,,0,0
1184,allee,Eine Allee ist lang und hat rechts und links Bäume.,0_long,Ohne_Kategorie,2012-06-10T17:54:11Z,eaab3232dd7a824a6a774fd2f2814e47,0:=Eine 1:=Allee 2:=ist 3:=lang 4:= 5:=\newline 6:=und 7:=hat 8:=rechts 9:=und 10:=links 11:=Bäume.,3,"[[2, 3], [7, 8, 11], [7, 10, 11]]",1,2
1959,anrainer,Ein Anrainer ist ein Nachbar.,0_short,Recht_und_Gesetz,2014-04-18T14:19:03Z,eaab3232dd7a824a6a774fd2f2814e47,0:=Ein 1:=Anrainer 2:=ist 3:=ein 4:=Nachbar.,1,,0,0
42316,smartphone,Smartphone ist ein englisches Wort.,0_long,Computer|Internet,2012-08-24T08:57:32Z,72fb5f8156adf1b638fc9bd1fa6cdbcf,0:=Smartphone 1:=ist 2:=ein 3:=englisches 4:=Wort.,1,,0,0
27117,krankenversicherungskarte,In Österreich gibt es eine ähnliche Karte.,3_short,Ohne_Kategorie,2014-06-26T07:56:07Z,cfbe77d115cd524def4ccbe596a54842,0:=In 1:=Österreich 2:=gibt 3:=es 4:=eine 5:=ähnliche 6:=Karte.,1,,0,0
1104,alexander-sutherland-neill,Alexander Sutherland Neill war ein Pädagoge.,0_short,Personen|Seiten_mit_defekten_Dateilinks,2022-02-28T11:47:20Z,e800bebc9060331edfac65e663a55570,0:=Alexander 1:=Sutherland 2:=Neill 3:=war 4:=ein 5:=Pädagoge.,1,,0,0
994,alchemie,Und sie haben Porzellan erfunden.,7_long,Wissenschaft|Seiten_mit_defekten_Dateilinks,2022-10-03T06:15:06Z,48f66906899cc4a9477b6c9e32ff4424,0:=Und 1:=sie 2:=haben 3:=Porzellan 4:=erfunden.,1,,0,0
9694,cyber-monday,Cyber Monday heißt auf Deutsch Internet Montag.,8_long,Gedenktage_und_Aktionstage|Seiten_mit_defekten_Dateilinks,2019-12-05T21:56:26Z,48f66906899cc4a9477b6c9e32ff4424,0:=Cyber 1:=Monday 2:=heißt 3:=auf 4:=Deutsch 5:=Internet 6:=Montag.,1,,0,0
42236,skriptkiddie,"Wenn diese Datei gestartet wird, arbeitet der Computer selbständig.",4_long,Ohne_Kategorie,2013-02-25T08:09:05Z,28d34f2e053dee2c0e9399a7924cd978,"0:=Wenn 1:=diese 2:=Datei 3:=gestartet 4:=wird, 5:=\newline 6:=arbeitet 7:=der 8:=Computer 9:=selbständig.",2,"[[0, 2, 3, 4], [6, 8, 9]]",1,1
42360,sneak-preview,"Es sind ""Pay After"" Filme.",7_long,Film_und_Kino|Seiten_mit_defekten_Dateilinks,2017-10-23T06:43:33Z,48f66906899cc4a9477b6c9e32ff4424,"0:=Es 1:=sind 2:=""Pay 3:=After"" 4:=Filme.",1,,0,0
1206,allen-menschen-recht-getan-ist-eine-kunst-die-niemand-kann,"Wenn man seine Sicht-weise hat, kann man nicht auch allen anderen Sicht-weisen zustimmen.",4_short,Sprichwörter|Seiten_mit_defekten_Dateilinks,2021-12-30T16:22:14Z,e800bebc9060331edfac65e663a55570,"0:=Wenn 1:=man 2:=seine 3:=Sicht-weise 4:=hat, 5:=\newline 6:=kann 7:=man 8:=nicht 9:=auch 10:=allen 11:=anderen 12:=Sicht-weisen 13:=zustimmen.",2,"[[0, 1, 2, 3, 4], [6, 7, 8, 9, 10, 11, 12, 13]]",1,1
26877,kopfsalat,Kopf-salat kann man im Freien anpflanzen.,4_long,Essen_und_Trinken|Natur,2022-01-12T15:29:05Z,e800bebc9060331edfac65e663a55570,0:=Kopf-salat 1:=kann 2:=man 3:=im 4:=Freien 5:=anpflanzen.,2,"[[3, 4], [5]]",1,1
1970,anschlag-am-1-januar-2017-istanbul,Die IS Gruppe hat gesagt: wir haben den Anschlag gemacht.,9_long,Aus_den_Nachrichten|Geschichte|Seiten_mit_defekten_Dateilinks,2017-01-03T08:02:25Z,48f66906899cc4a9477b6c9e32ff4424,0:=Die 1:=IS 2:=Gruppe 3:=hat 4:=gesagt: 5:=wir 6:=haben 7:=den 8:=Anschlag 9:=gemacht.,2,"[[1, 2, 3, 4], [5, 6, 8, 9]]",1,1
2038,anschlag-auf-den-bus-von-borussia-dortmund,Und sie hat einen Mann fest-genommen.,10_long,Aus_den_Nachrichten|Hurraki:Überarbeiten|Geschichte|Seiten_mit_defekten_Dateilinks,2017-04-15T05:42:54Z,48f66906899cc4a9477b6c9e32ff4424,0:=Und 1:=sie 2:=hat 3:=einen 4:=Mann 5:=fest-genommen.,1,,0,0
42123,sitzfuball,Die Hände dürfen den Ball nicht berühren.,2_long,Sport,2008-05-06T08:00:41Z,ba4bddd086162b3f83a1be81c78c36e0,0:=Die 1:=Hände 2:=dürfen 3:=den 4:=Ball 5:=nicht 6:=berühren.,1,,0,0
2021,anschlag-am-12-januar-2016-in-istanbul,Das ist in der Türkei.,7_short,Ohne_Kategorie|Aus_den_Nachrichten|Geschichte|Seiten_mit_defekten_Dateilinks,2016-01-12T19:45:16Z,af28a20dfb151690981ee13d72ce655c,0:=Das 1:=ist 2:=in 3:=der 4:=Türkei.,1,,0,0
2002,anschlag-am-12-januar-2016-in-istanbul,"Der Mann der sich in die Luft gesprengt hat, ist ein Selbst-mord-Attentäter.",0_long,Ohne_Kategorie|Aus_den_Nachrichten|Geschichte|Seiten_mit_defekten_Dateilinks,2016-01-12T19:45:16Z,af28a20dfb151690981ee13d72ce655c,"0:=Der 1:=Mann 2:=der 3:=sich 4:=in 5:=die 6:=Luft 7:=gesprengt 8:=hat, 9:=\newline 10:=ist 11:=ein 12:=Selbst-mord-Attentäter.",2,"[[10, 12], [2, 3, 4, 6, 7, 8]]",1,1
27224,krieg,"Diktatoren interessieren sich nicht, was das Volk denkt.",13_long,Ohne_Kategorie|Seiten_mit_defekten_Dateilinks,2015-10-10T20:54:29Z,687c465aa14a2b3047e6e0c21fbc9670,"0:=Diktatoren 1:=interessieren 2:=sich 3:=nicht, 4:=was 5:=das 6:=Volk 7:=denkt.",2,"[[0, 1, 2, 3], [4, 6, 7]]",1,1
12104,ecall,Zum Beispiel: • die eCall Daten sind unsicher,31_long,Ohne_Kategorie,2014-12-31T12:07:06Z,28d34f2e053dee2c0e9399a7924cd978,0:=Zum 1:=Beispiel: 2:=• 3:=die 4:=eCall 5:=Daten 6:=sind 7:=unsicher,1,,0,0
27172,krawatte,Früher haben hauptsächlich Männer Krawatten angezogen.,10_long,Kleider,2015-04-06T18:57:54Z,4189117576b2876ec34dc7db77b24cb6,0:=Früher 1:=haben 2:=hauptsächlich 3:=Männer 4:=Krawatten 5:=angezogen.,1,,0,0
2033,anschlag-auf-den-bus-von-borussia-dortmund,Bei dem Anschlag ist ein Fußball-spieler und ein Polizist verletzt worden.,5_long,Aus_den_Nachrichten|Hurraki:Überarbeiten|Geschichte|Seiten_mit_defekten_Dateilinks,2017-04-15T05:42:54Z,48f66906899cc4a9477b6c9e32ff4424,0:=Bei 1:=dem 2:=Anschlag 3:=ist 4:=ein 5:=Fußball-spieler 6:=und 7:=ein 8:=Polizist 9:=verletzt 10:=worden.,3,"[[0, 2], [4, 5], [7, 8]]",1,2
42446,sockenklammer,Eine Sockenklammer ist ein Hilfs-mittel.,0_short,Kleider,2018-04-12T06:31:04Z,48f66906899cc4a9477b6c9e32ff4424,0:=Eine 1:=Sockenklammer 2:=ist 3:=ein 4:=Hilfs-mittel.,1,,0,0
10046,defenestration,Wenn Defenestration aus Versehen passieren ist es oft ein Unfall.,6_long,Recht_und_Gesetz|Seiten_mit_defekten_Dateilinks,2016-11-09T16:25:59Z,ac95c75a4819ddeb76a125281a8c84d9,0:=Wenn 1:=Defenestration 2:=aus 3:=Versehen 4:=passieren 5:=ist 6:=es 7:=oft 8:=ein 9:=Unfall.,3,"[[0, 1, 4], [2, 3], [5, 6, 7, 9]]",1,2
27195,kredit,Das nennt man Kredit-zinsen.,6_long,Geld,2015-11-23T11:05:06Z,88797a15ffaeedd9a8292e0b51c85385,0:=Das 1:=nennt 2:=man 3:=Kredit-zinsen.,1,,0,0
12567,eins,Man kann damit rechnen.,3_short,Seiten_mit_defekten_Dateilinks|Ohne_Kategorie,2018-11-19T09:26:30Z,48f66906899cc4a9477b6c9e32ff4424,0:=Man 1:=kann 2:=damit 3:=rechnen.,1,,0,0
1427,altes-agypten,Durch das Wasser hat es immer eine gute Ernte gegeben.,3_long,Geschichte,2020-09-17T09:34:33Z,46c3c87395bab21fd30e35b682a73fd0,0:=Durch 1:=das 2:=Wasser 3:=hat 4:=es 5:=immer 6:=eine 7:=gute 8:=Ernte 9:=gegeben.,2,"[[0, 2], [3, 4, 7, 8, 9]]",1,1
9743,dagger-complex,Manche sagen: • Früher war hier Technik der Echelon Spinonage Anlage,11_long,Ohne_Kategorie,2013-09-01T17:43:42Z,6275ee07d0785a2da491fbb224064f23,0:=Manche 1:=sagen: 2:=• 3:=Früher 4:=war 5:=hier 6:=Technik 7:=der 8:=Echelon 9:=Spinonage 10:=Anlage,1,,0,0
1672,amtssprache,Eine Amts-sprache ist oft schwierig zu verstehen.,4_short,Sprache|Öffentliche_Verwaltung|Seiten_mit_defekten_Dateilinks,2015-07-21T11:36:14Z,eaab3232dd7a824a6a774fd2f2814e47,0:=Eine 1:=Amts-sprache 2:=ist 3:=oft 4:=schwierig 5:=zu 6:=verstehen.,1,,0,0
2077,anschlag-in-ankara-2016,Sie denkt an die gestorbenen Menschen.,11_long,Ohne_Kategorie|Aus_den_Nachrichten|Geschichte|Seiten_mit_defekten_Dateilinks,2016-02-21T09:24:48Z,af28a20dfb151690981ee13d72ce655c,0:=Sie 1:=denkt 2:=an 3:=die 4:=gestorbenen 5:=Menschen.,1,,0,0
2145,anschlag-in-charlottesville,Er bekommt dafür eine sehr hohe Strafe.,14_long,Aus_den_Nachrichten|Hurraki:Überarbeiten|Seiten_mit_defekten_Dateilinks,2017-08-20T04:11:19Z,48f66906899cc4a9477b6c9e32ff4424,0:=Er 1:=bekommt 2:=dafür 3:=eine 4:=sehr 5:=hohe 6:=Strafe.,1,,0,0
1357,altenburg,Im Altenburger Schloss gibt es verschiedene Museen.,13_long,Städte,2019-03-20T11:00:48Z,ffaa744a207eb843b7f383adcf5da422,0:=Im 1:=Altenburger 2:=Schloss 3:=gibt 4:=es 5:=verschiedene 6:=Museen.,1,,0,0
1759,anarchismus,Beim Anarchismus organisieren alle das Leben zusammen.,6_long,Politik|Seiten_mit_defekten_Dateilinks,2016-04-25T17:26:24Z,48f66906899cc4a9477b6c9e32ff4424,0:=Beim 1:=Anarchismus 2:=organisieren 3:=alle 4:=das 5:=Leben 6:=zusammen.,1,,0,0
12395,eierwarmer,Damit das Ei warm bleibt.,2_short,Essen_und_Trinken,2019-04-04T09:58:35Z,48f66906899cc4a9477b6c9e32ff4424,0:=Damit 1:=das 2:=Ei 3:=warm 4:=bleibt.,1,,0,0
9877,datenschutz-grundverordnung,Oder wie man mit Adressen umgehen muss.,17_long,Recht_und_Gesetz,2018-06-04T15:22:46Z,48f66906899cc4a9477b6c9e32ff4424,0:=Oder 1:=wie 2:=man 3:=mit 4:=Adressen 5:=umgehen 6:=muss.,1,,0,0
42126,sitzfuball,Sitzfußball ist eine Sportart.,0_short,Sport,2008-05-06T08:00:41Z,ba4bddd086162b3f83a1be81c78c36e0,0:=Sitzfußball 1:=ist 2:=eine 3:=Sportart.,1,,0,0
1339,alte-welt,Alte Welt sind 3 Erd-teile.,0_short,Länder|Seiten_mit_defekten_Dateilinks,2019-07-23T04:59:35Z,48f66906899cc4a9477b6c9e32ff4424,0:=Alte 1:=Welt 2:=sind 3:=3 4:=Erd-teile.,1,,0,0
27263,kriterium,"Dann ist das Kriterium die Farbe ""rot"".",3_long,Ohne_Kategorie|Seiten_mit_defekten_Dateilinks,2017-08-29T13:47:33Z,8e384e35a2bd67eaeb964edc16d2f92c,"0:=Dann 1:=ist 2:=das 3:=Kriterium 4:=die 5:=Farbe 6:=""rot"".",2,"[[5], [6]]",1,1
1341,alte-welt,Die Menschen von früher kennen nur diese Erd-teile.,2_short,Länder|Seiten_mit_defekten_Dateilinks,2019-07-23T04:59:35Z,48f66906899cc4a9477b6c9e32ff4424,0:=Die 1:=Menschen 2:=von 3:=früher 4:=kennen 5:=nur 6:=diese 7:=Erd-teile.,2,"[[1, 4, 5, 6, 7], [2, 3]]",1,1
9894,datenschutz,Alle Regeln für den Daten-schutz stehen im Bundes-daten-schutz-gesetz.,4_long,Recht_und_Gesetz|Seiten_mit_defekten_Dateilinks,2022-10-29T04:32:19Z,48f66906899cc4a9477b6c9e32ff4424,0:=Alle 1:=Regeln 2:=für 3:=den 4:= 5:=Daten-schutz 6:=stehen 7:=im 8:=Bundes-daten-schutz-gesetz.,2,"[[0, 6, 7, 8], [2, 5]]",1,1
1488,altweibersommer,Der Altweibersommer ist das Wetter im September und im Oktober.,0_short,Natur,2013-09-28T11:41:10Z,eaab3232dd7a824a6a774fd2f2814e47,0:=Der 1:=Altweibersommer 2:=ist 3:=das 4:=Wetter 5:=im 6:=September 7:=und 8:=im 9:=Oktober.,2,"[[5, 6], [8, 9]]",1,1
42121,sitzfuball,Beim Sitzfußall sitzt man auf den Boden.,0_long,Sport,2008-05-06T08:00:41Z,ba4bddd086162b3f83a1be81c78c36e0,0:=Beim 1:=Sitzfußall 2:=sitzt 3:=man 4:=auf 5:=den 6:=Boden.,1,,0,0
12340,ehrgeiz,Das Wort Ehrgeiz kommt aus den Worten Ehre und Gier.,0_long,Ohne_Kategorie|Seiten_mit_defekten_Dateilinks,2022-01-02T12:29:11Z,e800bebc9060331edfac65e663a55570,0:=Das 1:=Wort 2:=Ehrgeiz 3:=kommt 4:=aus 5:=den 6:=Worten 7:=Ehre 8:=und 9:=Gier.,2,"[[7], [9]]",1,1
2133,anschlag-in-charlottesville,Die Rechten Gruppen haben Waffen dabei gehabt.,2_long,Aus_den_Nachrichten|Hurraki:Überarbeiten|Seiten_mit_defekten_Dateilinks,2017-08-20T04:11:19Z,48f66906899cc4a9477b6c9e32ff4424,0:=Die 1:=Rechten 2:=Gruppen 3:=haben 4:=Waffen 5:=dabei 6:=gehabt.,1,,0,0
42055,siri,Das Programm Siri gibt es für: • iPhone,0_long,Computer,2012-09-13T08:37:54Z,72fb5f8156adf1b638fc9bd1fa6cdbcf,0:=Das 1:=Programm 2:=Siri 3:=gibt 4:=es 5:=für: 6:=• 7:=iPhone,1,,0,0
42503,soldner,Söldner machen es wegen dem Geld.,4_short,Beruf|Seiten_mit_defekten_Dateilinks,2023-07-13T06:01:47Z,48f66906899cc4a9477b6c9e32ff4424,0:=Söldner 1:=machen 2:=es 3:=wegen 4:=dem 5:=Geld.,1,,0,0
999,alchemie,Durch Alchemie entdeckt man neue Sachen.,3_short,Wissenschaft|Seiten_mit_defekten_Dateilinks,2022-10-03T06:15:06Z,48f66906899cc4a9477b6c9e32ff4424,0:=Durch 1:=Alchemie 2:=entdeckt 3:=man 4:=neue 5:=Sachen.,1,,0,0
9732,dagger-complex,Die Wörter Dagger Complex kommen aus der englischen Sprache.,0_long,Ohne_Kategorie,2013-09-01T17:43:42Z,6275ee07d0785a2da491fbb224064f23,0:=Die 1:=Wörter 2:=Dagger 3:=Complex 4:=kommen 5:=aus 6:=der 7:=englischen 8:=Sprache.,2,"[[2], [3]]",1,1
1091,alexander-mitscherlich,Alexander Mitscherlich war ein: • Psychoanalytiker,1_short,Ohne_Kategorie|Seiten_mit_defekten_Dateilinks,2022-02-28T12:34:31Z,e800bebc9060331edfac65e663a55570,0:=Alexander 1:=Mitscherlich 2:=war 3:=ein: 4:=• 5:=Psychoanalytiker,1,,0,0
42488,soldat,Soldaten dürfen Waffen benutzen.,3_long,Hurraki:Überarbeiten|Personen|Beruf|Bundeswehr,2010-03-12T11:26:02Z,f9b0bd285ddc0c9ffae07d47947d7844,0:=Soldaten 1:=dürfen 2:=Waffen 3:=benutzen.,1,,0,0
1868,angriff-in-las-vegas,Und er hat dabei über 500 Menschen verletzt.,4_short,Geschichte|Aus_den_Nachrichten|Hurraki:Überarbeiten|Seiten_mit_defekten_Dateilinks,2017-10-11T05:48:19Z,48f66906899cc4a9477b6c9e32ff4424,0:=Und 1:=er 2:=hat 3:=dabei 4:=über 5:=500 6:=Menschen 7:=verletzt.,1,,0,0
12318,ehe,Oder sie möchten Geld an den Ehe-partner weiter-geben.,41_long,Recht_und_Gesetz,2019-01-14T08:43:52Z,48f66906899cc4a9477b6c9e32ff4424,0:=Oder 1:=sie 2:=möchten 3:=Geld 4:=an 5:=den 6:=Ehe-partner 7:=weiter-geben.,2,"[[1, 2, 3], [4, 6]]",1,1
42380,snooker,Der Spieler zielen mit der Stock-Spitze auf eine Kugel.,9_long,Sport,2012-04-22T08:50:38Z,e3afed0047b08059d0fada10f400c1e5,0:=Der 1:=Spieler 2:=zielen 3:=mit 4:=der 5:=Stock-Spitze 6:=auf 7:=eine 8:=Kugel.,2,"[[3, 5], [6, 8]]",1,1
12364,eid,Oder etwas bestimmtes zu tun.,2_short,Recht_und_Gesetz|Seiten_mit_defekten_Dateilinks,2012-03-03T00:00:41Z,58d6d1d5aca5e9e6ed470dcf6dafeb4e,0:=Oder 1:=etwas 2:=bestimmtes 3:=zu 4:=tun.,1,,0,0
1079,alexander-graham-bell,Vom Jahr 1873 bis zum Jahr 1877 ist Bell Professor.,27_long,Personen|Seiten_mit_defekten_Dateilinks,2022-03-03T19:51:00Z,28d34f2e053dee2c0e9399a7924cd978,0:=Vom 1:=Jahr 2:=1873 3:=bis 4:=zum 5:=Jahr 6:=1877 7:=ist 8:=Bell 9:=Professor.,2,"[[0, 1, 2], [3, 4, 5, 6]]",1,1
9759,dalmatiner,Ein Dalmatiner ist ein Hund mit weißem Fell.,2_long,Tiere,2008-05-26T18:54:01Z,1165823e29d5567f66ef3bbbcbfabcad,0:=Ein 1:=Dalmatiner 2:=ist 3:=ein 4:=Hund 5:=mit 6:=weißem 7:=Fell.,2,"[[1, 2], [5, 6, 7]]",1,1
12293,ehe,Der Mann heißt Ehe-mann.,16_long,Recht_und_Gesetz,2019-01-14T08:43:52Z,48f66906899cc4a9477b6c9e32ff4424,0:=Der 1:=Mann 2:=heißt 3:=Ehe-mann.,1,,0,0
27258,kriterien,Kriterien ist die Mehrzahl von Kriterium.,0_short,Ohne_Kategorie|Seiten_mit_defekten_Dateilinks,2017-08-29T13:52:21Z,8e384e35a2bd67eaeb964edc16d2f92c,0:=Kriterien 1:=ist 2:=die 3:=Mehrzahl 4:=von 5:=Kriterium.,1,,0,0
42406,social-media,Social Media sind Digitale Medien.,0_long,Internet|Seiten_mit_defekten_Dateilinks,2017-04-06T06:33:10Z,48f66906899cc4a9477b6c9e32ff4424,0:=Social 1:=Media 2:=sind 3:=Digitale 4:=Medien.,1,,0,0
27061,krafttraining,Damit man die Bewegung richtig macht.,16_long,Sport|Seiten_mit_defekten_Dateilinks,2019-10-28T08:05:49Z,eaab3232dd7a824a6a774fd2f2814e47,0:=Damit 1:=man 2:=die 3:=Bewegung 4:=richtig 5:=macht.,1,,0,0
42152,sitzvolleyball,Es ist eine paralympische Sommer-sport-art.,25_long,Sport|Paralympics,2012-01-30T18:24:13Z,d4171b2c36772be4cad75ef4078874bd,0:=Es 1:=ist 2:=eine 3:=paralympische 4:=Sommer-sport-art.,2,"[[1, 2], [3]]",1,1
42469,sodbrennen,"Sodbrennen ist, wenn Magensäure die Speise-Röhre hoch kommt.",0_short,Gesundheit,2009-07-13T17:40:11Z,4a7c0bf975893985e2e36604fef9654f,"0:=Sodbrennen 1:=ist, 2:=wenn 3:=Magensäure 4:=die 5:=Speise-Röhre 6:=hoch 7:=kommt.",3,"[[0, 1], [2, 3, 5, 7], [6]]",1,2
12495,eingliederungshilfe,Das kann Geld sein. • Eingliederungshilfe gibt es zur Teilhabe am Arbeitsleben,2_long,Recht_und_Gesetz,2009-12-26T16:15:41Z,d8779288de353a0da9951dfcae710103,0:=Das 1:=kann 2:=Geld 3:=sein. 4:=• 5:=Eingliederungshilfe 6:=gibt 7:=es 8:=zur 9:=Teilhabe 10:=am 11:=Arbeitsleben,2,"[[0, 1, 2, 3], [5, 6, 7, 8, 9, 10, 11]]",1,1
42230,sklave,Ein Sklave ist ein Mensch.,0_short,Ohne_Kategorie,2013-11-26T08:07:47Z,6275ee07d0785a2da491fbb224064f23,0:=Ein 1:=Sklave 2:=ist 3:=ein 4:=Mensch.,1,,0,0
27083,krankenkasse,Die Kranken-kasse zahlt zum Beispiel für: • eine Brille,14_long,Gesundheit|Recht_und_Gesetz|Seiten_mit_defekten_Dateilinks,2020-08-04T13:39:48Z,cfbe77d115cd524def4ccbe596a54842,0:=Die 1:=Kranken-kasse 2:=zahlt 3:=zum 4:=Beispiel 5:=für: 6:=• 7:=eine 8:=Brille,1,,0,0
10112,demenz,Viele Menschen haben Demenz.,25_long,Gesundheit|Seiten_mit_defekten_Dateilinks,2012-10-27T17:19:13Z,a6e7bfd89d5771b450c4ab0f5c2996e5,0:=Viele 1:=Menschen 2:=haben 3:=Demen1z.,1,,0,0
2047,anschlag-auf-den-bus-von-borussia-dortmund,"Als der Bus von Borussia Dortmund vorbei-gefahren ist, ist der Spreng-stoff explodiert.",2_short,Aus_den_Nachrichten|Hurraki:Überarbeiten|Geschichte|Seiten_mit_defekten_Dateilinks,2017-04-15T05:42:54Z,48f66906899cc4a9477b6c9e32ff4424,"0:=Als 1:=der 2:=Bus 3:=von 4:=Borussia 5:=Dortmund 6:=vorbei-gefahren 7:=ist, 8:=\newline 9:=ist 10:=der 11:=Spreng-stoff 12:=explodiert.",3,"[[0, 2, 6, 7], [2, 3, 4, 5], [9, 11, 12]]",1,2
26890,koprolalie,Der Mensch mit Koprolalie kann die Wörter nicht steuern.,1_long,Gesundheit,2014-04-25T20:23:18Z,af28a20dfb151690981ee13d72ce655c,0:=Der 1:=Mensch 2:=mit 3:=Koprolalie 4:=kann 5:=die 6:=Wörter 7:=nicht 8:=steuern.,1,,0,0
9735,dagger-complex,Auf Deutsch heißt Dagger Complex: • Däggar Komplex,3_long,Ohne_Kategorie,2013-09-01T17:43:42Z,6275ee07d0785a2da491fbb224064f23,0:=Auf 1:=Deutsch 2:=heißt 3:=Dagger 4:=Complex: 5:=• 6:=Däggar 7:=Komplex,1,,0,0
42439,sockenklammer,Und die 2 Socken zusammen zu machen.,2_long,Kleider,2018-04-12T06:31:04Z,48f66906899cc4a9477b6c9e32ff4424,0:=Und 1:=die 2:=2 3:=Socken 4:=zusammen 5:=zu 6:=machen.,1,,0,0
42022,simultanschach,Der einzelne Spieler kann sich die Figuren-farbe aus-suchen.,10_long,Sport,2019-01-22T10:34:08Z,48f66906899cc4a9477b6c9e32ff4424,0:=Der 1:=einzelne 2:=Spieler 3:=kann 4:=sich 5:=die 6:=Figuren-farbe 7:=aus-suchen.,1,,0,0
2081,anschlag-in-ankara-2016,In der Türkei hat es schon viele Anschläge gegeben.,15_long,Ohne_Kategorie|Aus_den_Nachrichten|Geschichte|Seiten_mit_defekten_Dateilinks,2016-02-21T09:24:48Z,af28a20dfb151690981ee13d72ce655c,0:=In 1:=der 2:=Türkei 3:=hat 4:=es 5:=schon 6:=viele 7:=Anschläge 8:=gegeben.,2,"[[0, 2], [3, 4, 5, 6, 7, 8]]",1,1
12206,edward-snowden,"Das heißt, er glaubt die Geheimdienste halten sich nicht an Gesetze.",8_long,Personen,2013-07-05T06:23:04Z,6275ee07d0785a2da491fbb224064f23,"0:=Das 1:=heißt, 2:=er 3:=glaubt 4:=die 5:=Geheimdienste 6:=halten 7:=sich 8:=nicht 9:=an 10:=Gesetze.",2,"[[2, 3], [5, 6, 7, 8, 9, 10]]",1,1
1894,anlauttabelle,Es gib Anlauttabellen-programme für den Computer.,5_long,Schule_und_Lernen,2014-08-26T17:59:17Z,af28a20dfb151690981ee13d72ce655c,0:=Es 1:=gib 2:=Anlauttabellen-programme 3:=für 4:=den 5:=Computer.,1,,0,0
26991,korruption-in-der-fifa,Sie haben zum Beispiel Geld für die Vergabe der Fußball-Weltmeisterschaften 2018 und 2022 genommen.,14_long,Sport|Recht_und_Gesetz|Seiten_mit_defekten_Dateilinks,2015-05-28T14:24:34Z,af28a20dfb151690981ee13d72ce655c,0:=Sie 1:=haben 2:=zum 3:=Beispiel 4:=Geld 5:=für 6:=die 7:=Vergabe 8:=der 9:=Fußball-Weltmeisterschaften 10:=2018 11:=und 12:=2022 13:=genommen.,5,"[[0, 1, 4, 13], [4, 5, 7], [7, 9], [9, 10], [9, 12]]",1,3
27162,krawatte,Krawatten werden um den Hals gebunden.,0_long,Kleider,2015-04-06T18:57:54Z,4189117576b2876ec34dc7db77b24cb6,0:=Krawatten 1:=werden 2:=um 3:=den 4:=Hals 5:=gebunden.,2,"[[2, 4], [5]]",1,1
12288,ehe,Diese Regel stehen zum Beispiel in der Bibel.,11_long,Recht_und_Gesetz,2019-01-14T08:43:52Z,48f66906899cc4a9477b6c9e32ff4424,0:=Diese 1:=Regel 2:=stehen 3:=zum 4:=Beispiel 5:=in 6:=der 7:=Bibel.,1,,0,0
10121,demeter,Manche sagen zu dieser Zeit: Antikes Griechenland.,1_long,Seiten_mit_defekten_Dateilinks|Ohne_Kategorie,2022-01-29T14:24:42Z,e800bebc9060331edfac65e663a55570,0:=Manche 1:=sagen 2:=zu 3:=dieser 4:=Zeit: 5:=Antikes 6:=Griechenland.,1,,0,0
1147,alkoholkrankheit,Man kann nicht aufhören mit Alkohol-trinken.,3_short,Ohne_Kategorie|Seiten_mit_defekten_Dateilinks,2023-03-06T15:49:02Z,017ecada082ed42bbfc77d89d4b14406,0:=Man 1:=kann 2:=nicht 3:=aufhören 4:=mit 5:=Alkohol-trinken.,1,,0,0
9990,deadline,Eine Deadline hat eine bestimmte Zeit.,0_long,Ohne_Kategorie,2012-09-05T07:48:56Z,72fb5f8156adf1b638fc9bd1fa6cdbcf,0:=Eine 1:=Deadline 2:=hat 3:=eine 4:=bestimmte 5:=Zeit.,1,,0,0
9674,currywurst,Sie wird mit einer Soße aus Tomaten und Curry-Pulver gegessen.,2_short,Essen_und_Trinken,2019-05-23T21:15:19Z,cb1e31ab104c40efee60452f9427ce6d,0:=Sie 1:=wird 2:=mit 3:=einer 4:=Soße 5:=aus 6:=Tomaten 7:=und 8:=Curry-Pulver 9:=gegessen.,4,"[[0, 1, 9], [2, 4], [4, 5, 6], [4, 5, 8]]",1,3
12335,ehrenburger,"Zum Beispiel, weil die Person gute Dinge gemacht hat.",1_short,Ohne_Kategorie|Seiten_mit_defekten_Dateilinks,2016-10-24T06:14:31Z,48f66906899cc4a9477b6c9e32ff4424,"0:=Zum 1:=Beispiel, 2:=\newline 3:=weil 4:=die 5:=Person 6:=gute 7:=Dinge 8:=gemacht 9:=hat.",1,,0,0
1909,annalena-baerbock,Ihr ganzer Name ist Annalena Charlotte Alma Baerbock.,2_long,Aus_den_Nachrichten|Personen|Politik,2021-11-29T06:50:49Z,48f66906899cc4a9477b6c9e32ff4424,0:=Ihr 1:=ganzer 2:=Name 3:=ist 4:=Annalena 5:=Charlotte 6:=Alma 7:=Baerbock.,1,,0,0
42441,sockenklammer,Die Socken-klammer hält 2 Socken zusammen.,4_long,Kleider,2018-04-12T06:31:04Z,48f66906899cc4a9477b6c9e32ff4424,0:=Die 1:=Socken-klammer 2:=hält 3:=2 4:=Socken 5:=zusammen.,1,,0,0
1368,alternative-fur-deutschland,Damals ist das Thema Geld und Euro gewesen.,5_long,Politik|Aus_den_Nachrichten|Partei_in_Deutschland,2016-10-08T08:01:49Z,6275ee07d0785a2da491fbb224064f23,0:=Damals 1:=ist 2:=das 3:=Thema 4:=Geld 5:=und 6:=Euro 7:=gewesen.,2,"[[4], [6]]",1,1
42384,snooker,Jede Kugel hat eine andere Farbe.,13_long,Sport,2012-04-22T08:50:38Z,e3afed0047b08059d0fada10f400c1e5,0:=Jede 1:=Kugel 2:=hat 3:=eine 4:=andere 5:=Farbe.,1,,0,0
9888,datenschutz-grundverordnung,Mit der DSGVO soll jeder selbst über seine Daten bestimmen können.,9_short,Recht_und_Gesetz,2018-06-04T15:22:46Z,48f66906899cc4a9477b6c9e32ff4424,0:=Mit 1:=der 2:=DSGVO 3:=soll 4:=jeder 5:=selbst 6:=über 7:=seine 8:=Daten 9:=bestimmen 10:=können.,3,"[[0, 2], [3, 4, 5, 9, 10], [6, 7, 8]]",1,2
9935,daumenkino,Das Wort Daumen-kino ist ein Substantiv.,8_long,Film_und_Kino|Technik,2014-03-01T15:38:30Z,eaab3232dd7a824a6a774fd2f2814e47,0:=Das 1:=Wort 2:=Daumen-kino 3:=ist 4:=ein 5:=Substantiv.,1,,0,0
1447,altestenrat,Diese Experten-gruppen heißen: Kommissionenen.,16_long,Recht_und_Gesetz|Politik|Seiten_mit_defekten_Dateilinks,2015-05-17T14:32:45Z,af28a20dfb151690981ee13d72ce655c,0:=Diese 1:=Experten-gruppen 2:=heißen: 3:=Kommissionenen.,1,,0,0
42268,slamball,Beim Slamball muß der Ball durch einen Korb.,1_short,Sport,2014-08-26T12:02:12Z,eaab3232dd7a824a6a774fd2f2814e47,0:=Beim 1:=Slamball 2:=muß 3:=der 4:=Ball 5:=durch 6:=einen 7:=Korb.,1,,0,0
26886,kopfsalat,Kopf-salat besteht aus 95 Prozent Wasser.,13_long,Essen_und_Trinken|Natur,2022-01-12T15:29:05Z,e800bebc9060331edfac65e663a55570,0:=Kopf-salat 1:=besteht 2:=aus 3:=95 4:=Prozent 5:=Wasser.,1,,0,0
27020,koryphae,Bill Gates kennt sich besonders gut mit Computer aus.,1_long,Ohne_Kategorie,2012-03-02T11:56:09Z,58d6d1d5aca5e9e6ed470dcf6dafeb4e,0:=Bill 1:=Gates 2:=kennt 3:=sich 4:=besonders 5:=gut 6:=mit 7:=Computer 8:=aus.,1,,0,0
1426,altes-agypten,Weil sie viel Wasser aus dem Nil-fluß hatten.,2_long,Geschichte,2020-09-17T09:34:33Z,46c3c87395bab21fd30e35b682a73fd0,0:=Weil 1:=sie 2:=viel 3:=Wasser 4:=aus 5:=dem 6:=Nil-fluß 7:=hatten.,2,"[[0, 1, 2, 3, 7], [4, 6]]",1,1
27000,korruption,Dieses Geld gibt er aber nicht weiter an die gute Sache.,5_long,Politik|Recht_und_Gesetz,2008-10-10T21:54:55Z,e3afed0047b08059d0fada10f400c1e5,0:=Dieses 1:=Geld 2:=gibt 3:=er 4:=aber 5:=nicht 6:=weiter 7:=an 8:=die 9:=gute 10:=Sache.,2,"[[6], [7, 9, 10]]",1,1
1040,aleviten,Sie haben eine bestimmte Religion.,2_short,Religion,2008-02-02T09:57:28Z,e3afed0047b08059d0fada10f400c1e5,0:=Sie 1:=haben 2:=eine 3:=bestimmte 4:=Religion.,1,,0,0
12166,echter-clownfisch,Der Clown-fisch verjagt die anderen Fische.,20_long,Tiere|Seiten_mit_defekten_Dateilinks,2021-05-15T15:50:47Z,7b5adf57ed2178795004f4c052333f37,0:=Der 1:=Clown-fisch 2:=verjagt 3:=die 4:=anderen 5:=Fische.,1,,0,0
42046,sinnfrei,"sinnfrei ist ein anderes Wort für ""sinnlos"".",0_short,Ohne_Kategorie,2012-04-16T13:00:48Z,eaab3232dd7a824a6a774fd2f2814e47,"0:=sinnfrei 1:=ist 2:=ein 3:=anderes 4:=Wort 5:=für 6:=""sinnlos"".",1,,0,0
10060,deflation,Deflation heißt: Alle Waren kosten auf einmal weniger Geld.,0_short,Geld|Seiten_mit_defekten_Dateilinks,2014-03-06T06:33:24Z,6275ee07d0785a2da491fbb224064f23,0:=Deflation 1:=heißt: 2:=\newline 3:=Alle 4:=Waren 5:=kosten 6:=auf 7:=einmal 8:=weniger 9:=Geld.,1,,0,0
26861,kopfballtischtennis,Der Ball darf nur mit dem Kopf berührt werden.,3_short,Sport,2013-10-04T08:34:55Z,d4171b2c36772be4cad75ef4078874bd,0:=Der 1:=Ball 2:=darf 3:=nur 4:=mit 5:=dem 6:=Kopf 7:=berührt 8:=werden.,1,,0,0
1750,anamnese,Eine Anamnese ist eine Vor-geschichte.,0_short,Gesundheit|Seiten_mit_defekten_Dateilinks,2020-12-30T16:21:28Z,071517655685f140a415c26a1bfd2837,0:=Eine 1:=Anamnese 2:=ist 3:=eine 4:=Vor-geschichte.,1,,0,0
1956,anorexie,"Wenn die Anorexie länger geht, verschwindet auch der Hunger.",1_short,Gesundheit,2013-11-19T10:00:18Z,4fb76af6644df80663ac679b7fa308cd,"0:=Wenn 1:=die 2:=Anorexie 3:=länger 4:=geht, 5:=\newline 6:=verschwindet 7:=auch 8:=der 9:=Hunger.",2,"[[0, 2, 3, 4], [6, 7, 9]]",1,1
1831,anglizismus,Beim Anglizismus nimmt man englische Wörter.,0_short,Sprache|Seiten_mit_defekten_Dateilinks,2018-07-04T04:58:19Z,48f66906899cc4a9477b6c9e32ff4424,0:=Beim 1:=Anglizismus 2:=nimmt 3:=man 4:=englische 5:=Wörter.,1,,0,0
12279,ehe,Man darf nur in einer (1) Ehe leben.,2_long,Recht_und_Gesetz,2019-01-14T08:43:52Z,48f66906899cc4a9477b6c9e32ff4424,0:=Man 1:=darf 2:=nur 3:=in 4:=einer 5:=(1) 6:=Ehe 7:=leben.,1,,0,0
2153,anschlag-in-charlottesville,Beide Gruppen sind aufeinander los gegangen.,6_short,Aus_den_Nachrichten|Hurraki:Überarbeiten|Seiten_mit_defekten_Dateilinks,2017-08-20T04:11:19Z,48f66906899cc4a9477b6c9e32ff4424,0:=Beide 1:=Gruppen 2:=sind 3:=aufeinander 4:=los 5:=gegangen.,1,,0,0
26931,korea-konflikt,Seit dem Jahr 2018 gibt es Gespräche.,18_long,Geopolitik|Politik|Aus_den_Nachrichten,2018-02-18T07:36:44Z,48f66906899cc4a9477b6c9e32ff4424,0:=Seit 1:=dem 2:=Jahr 3:=2018 4:=gibt 5:=es 6:=Gespräche.,1,,0,0
1812,angeln,Eine Angel ist eine Schnur mit einem haken.,1_long,Sport|Hurraki:Überarbeiten|Seiten_mit_defekten_Dateilinks,2013-01-15T08:55:46Z,b950d35f9da29c3fdd02c8ad471d9965,0:=Eine 1:=Angel 2:=ist 3:=eine 4:=Schnur 5:=mit 6:=einem 7:=haken.,2,"[[1, 2], [5, 7]]",1,1
42414,social-media,"Man kann Meinungen, Eindrücken und Erfahrungen austauschen.",8_long,Internet|Seiten_mit_defekten_Dateilinks,2017-04-06T06:33:10Z,48f66906899cc4a9477b6c9e32ff4424,"0:=Man 1:=kann 2:=Meinungen, 3:=Eindrücken 4:=und 5:=Erfahrungen 6:=austauschen.",3,"[[2], [3], [5]]",1,2
27300,kugelgrill,So wird das Essen gegart.,6_long,Essen_und_Trinken|Technik,2013-12-15T10:24:22Z,eaab3232dd7a824a6a774fd2f2814e47,0:=So 1:=wird 2:=das 3:=Essen 4:=gegart.,1,,0,0
27223,krieg,"Ein Diktator ist ein Mensch, der die alleinige Macht über ein Land hat.",12_long,Ohne_Kategorie|Seiten_mit_defekten_Dateilinks,2015-10-10T20:54:29Z,687c465aa14a2b3047e6e0c21fbc9670,"0:=Ein 1:=Diktator 2:=ist 3:=ein 4:=Mensch, 5:=der 6:=die 7:=alleinige 8:=Macht 9:=über 10:=ein 11:=Land 12:=hat.",4,"[[1, 2, 4], [5, 8, 12], [7, 8], [8, 9, 11]]",1,3
42220,sklave,Das sind Arbeiter die aus dem Land Nepal kommen.,19_long,Ohne_Kategorie,2013-11-26T08:07:47Z,6275ee07d0785a2da491fbb224064f23,0:=Das 1:=sind 2:=Arbeiter 3:=die 4:=aus 5:=dem 6:=Land 7:=Nepal 8:=kommen.,2,"[[0, 1], [3, 4, 6, 7, 8]]",1,1
10102,demenz,Oder sie erzählen Sachen aus ihrer Kindheit.,15_long,Gesundheit|Seiten_mit_defekten_Dateilinks,2012-10-27T17:19:13Z,a6e7bfd89d5771b450c4ab0f5c2996e5,0:=Oder 1:=sie 2:=erzählen 3:=Sachen 4:=aus 5:=ihrer 6:=Kindheit.,1,,0,0
9794,danemark,Dänemark ist auf einer Halb-insel.,1_short,Ohne_Kategorie|Seiten_mit_defekten_Dateilinks,2023-04-04T08:35:33Z,f3d525674a904e48b4a41a13ef2a54a5,0:=Dänemark 1:=ist 2:=auf 3:=einer 4:=Halb-insel.,1,,0,0
12270,ehegattensplitting,Diese Regel ist ungerecht.,26_long,Seiten_mit_defekten_Dateilinks|Ohne_Kategorie,2014-07-17T09:07:41Z,cfbe77d115cd524def4ccbe596a54842,0:=Diese 1:=Regel 2:=ist 3:=ungerecht.,1,,0,0
10136,demeter,Demeter ist der Name von einer griechischen Göttin.,0_short,Seiten_mit_defekten_Dateilinks|Ohne_Kategorie,2022-01-29T14:24:42Z,e800bebc9060331edfac65e663a55570,0:=Demeter 1:=ist 2:=der 3:=Name 4:=von 5:=einer 6:=griechischen 7:=Göttin.,3,"[[0, 1], [4, 7], [6, 7]]",1,2
42051,sinnieren,"Dora macht sich Gedanken, ob ihr Freund der Richtige ist.",3_long,Ohne_Kategorie,2012-02-18T10:58:42Z,a9f29492ed8786de5125371472bcc003,"0:=Dora 1:=macht 2:=sich 3:=Gedanken, 4:=ob 5:=ihr 6:=Freund 7:=der 8:=Richtige 9:=ist.",2,"[[0, 1, 2, 3], [4, 5, 6, 8, 9]]",1,1
1862,angriff-in-las-vegas,Viele Menschen wollen andere Waffen-gesetze.,28_long,Geschichte|Aus_den_Nachrichten|Hurraki:Überarbeiten|Seiten_mit_defekten_Dateilinks,2017-10-11T05:48:19Z,48f66906899cc4a9477b6c9e32ff4424,0:=Viele 1:=Menschen 2:=wollen 3:=andere 4:=Waffen-gesetze.,1,,0,0
12514,einkommen-aus-besitz,Die Menschen sind Mieter.,15_long,Geld,2021-10-30T11:15:40Z,4e761a928113c1f23dda0939b1022778,0:=Die 1:=Menschen 2:=sind 3:=Mieter.,1,,0,0
27202,kreisfreie-stadt,Zum Beispiel ein Kranken-haus bauen.,2_short,Ohne_Kategorie|Hurraki:Überarbeiten|Seiten_mit_defekten_Dateilinks,2016-03-10T09:53:45Z,12c8e777393d6f1673ab5f7a7cd789da,0:=Zum 1:=Beispiel 2:=ein 3:=Kranken-haus 4:=bauen.,1,,0,0
1788,anarchismus,Im Anarchismus sind diese Sachen für die Menschen besonders wichtig: • selber Sachen zu machen und zu kontrollieren,35_long,Politik|Seiten_mit_defekten_Dateilinks,2016-04-25T17:26:24Z,48f66906899cc4a9477b6c9e32ff4424,0:=Im 1:=Anarchismus 2:=sind 3:=diese 4:=Sachen 5:=für 6:=die 7:=Menschen 8:=besonders 9:=wichtig: 10:=• 11:=selber 12:=Sachen 13:=zu 14:=machen 15:=und 16:=zu 17:=kontrollieren,5,"[[0, 1, 2, 3, 4, 9], [5, 6, 7, 9], [8, 9], [11, 12, 13, 14], [11, 12, 16, 17]]",1,3
27339,kultur,"Das heißt, früher hat es eine andere Kultur als heute gegeben.",15_long,Ohne_Kategorie|Seiten_mit_defekten_Dateilinks,2016-03-14T11:57:06Z,48f66906899cc4a9477b6c9e32ff4424,"0:=Das 1:=heißt, 2:=\newline 3:=früher 4:=hat 5:=es 6:=eine 7:=andere 8:=Kultur 9:=als 10:=heute 11:=gegeben.",1,,0,0
12502,einkommen-aus-besitz,Das heißt: Du hast dein Geld auf einem Bank-konto.,3_long,Geld,2021-10-30T11:15:40Z,4e761a928113c1f23dda0939b1022778,0:=Das 1:=heißt: 2:=Du 3:=hast 4:=dein 5:=Geld 6:=auf 7:=einem 8:=Bank-konto.,1,,0,0
9881,datenschutz-grundverordnung,"Das heißt, alles was sich mit einer Person verbinden lässt.",2_short,Recht_und_Gesetz,2018-06-04T15:22:46Z,48f66906899cc4a9477b6c9e32ff4424,"0:=Das 1:=heißt, 2:=\newline 3:=alles 4:=was 5:=sich 6:=mit 7:=einer 8:=Person 9:=verbinden 10:=lässt.",1,,0,0
42008,simpel,simpel bedeutet dass etwas nicht schwierig ist.,1_short,Schimpfwort,2012-01-09T22:00:23Z,eaab3232dd7a824a6a774fd2f2814e47,0:=simpel 1:=bedeutet 2:=dass 3:=etwas 4:=nicht 5:=schwierig 6:=ist.,2,"[[0, 1], [2, 3, 4, 5, 6]]",1,1
1710,anakonda,Das Opfer stirbt.,18_long,Tiere|Reptilien,2021-03-30T09:18:50Z,5fa944995d8c21065f2309550624baf9,0:=Das 1:=Opfer 2:=stirbt.,1,,0,0
12493,eingliederungshilfe,"• Wer Hilfe braucht, muss sie bekommen.",0_long,Recht_und_Gesetz,2009-12-26T16:15:41Z,d8779288de353a0da9951dfcae710103,"0:= 1:=• 2:=Wer 3:=Hilfe 4:=braucht, 5:=muss 6:=sie 7:=bekommen.",2,"[[2, 3, 4], [5, 6, 7]]",1,1
42304,smalltalk,Das Wort Smalltalk ist ein Substantiv.,4_long,Sprache,2014-01-23T10:58:39Z,eaab3232dd7a824a6a774fd2f2814e47,0:=Das 1:=Wort 2:=Smalltalk 3:=ist 4:=ein 5:=Substantiv.,1,,0,0
27334,kultur,"Wenn sie viel lernen und viel Kultur machen, sind Menschen kultiviert.",10_long,Ohne_Kategorie|Seiten_mit_defekten_Dateilinks,2016-03-14T11:57:06Z,48f66906899cc4a9477b6c9e32ff4424,"0:=Wenn 1:=sie 2:=viel 3:=lernen 4:=und 5:=viel 6:=Kultur 7:=machen, 8:=\newline 9:=sind 10:=Menschen 11:=kultiviert.",3,"[[0, 1, 2, 3], [0, 1, 5, 6, 7], [9, 10, 11]]",1,2
9818,das-blaue-sofa,Das blaue Sofa gibt es auf Buchmessen.,0_long,Ohne_Kategorie,2014-10-08T15:05:20Z,af28a20dfb151690981ee13d72ce655c,0:=Das 1:=blaue 2:=Sofa 3:=gibt 4:=es 5:=auf 6:=Buchmessen.,2,"[[1], [3, 4, 5, 6]]",1,1
1762,anarchismus,Und sie gründen kleine Gruppen.,9_long,Politik|Seiten_mit_defekten_Dateilinks,2016-04-25T17:26:24Z,48f66906899cc4a9477b6c9e32ff4424,0:=Und 1:=sie 2:=gründen 3:=kleine 4:=Gruppen.,2,"[[0, 1, 2, 4], [3]]",1,1
12113,ecall,Die Technik kann in ein Auto eingebaut werden.,1_short,Ohne_Kategorie,2014-12-31T12:07:06Z,28d34f2e053dee2c0e9399a7924cd978,0:=Die 1:=Technik 2:=kann 3:=in 4:=ein 5:=Auto 6:=eingebaut 7:=werden.,1,,0,0
27137,krankheit,Arbeiten kann auch un-gesund sein.,6_long,Gesundheit|Hurraki:Überarbeiten|Seiten_mit_defekten_Dateilinks,2020-05-07T06:15:23Z,48f66906899cc4a9477b6c9e32ff4424,0:=Arbeiten 1:=kann 2:=auch 3:=un-gesund 4:=sein.,1,,0,0
12473,einfaches-leben,Sie sagen dazu: Konsum-verzicht.,3_long,Ohne_Kategorie,2015-04-06T13:18:53Z,af28a20dfb151690981ee13d72ce655c,0:=Sie 1:=sagen 2:=dazu: 3:=Konsum-verzicht.,1,,0,0
12221,egalitarismus,"Egalitarismus ist, wenn man an Gleichheit glaubt.",0_short,Haltung|Politische_Idee|Seiten_mit_defekten_Dateilinks,2022-09-22T12:10:23Z,48f66906899cc4a9477b6c9e32ff4424,"0:=Egalitarismus 1:=ist, 2:=wenn 3:=man 4:=an 5:=Gleichheit 6:=glaubt.",2,"[[0, 1], [2, 3, 4, 5, 6]]",1,1
1947,anonym,Eine Person ist anonym.,0_short,Ohne_Kategorie|Seiten_mit_defekten_Dateilinks,2020-12-21T18:37:41Z,b6c01781fe786ad5f897a3a52a684275,0:=Eine 1:=Person 2:=ist 3:=anonym.,1,,0,0
27341,kultur,Zum Beispiel was die Menschen in einem Land gerne essen.,17_long,Ohne_Kategorie|Seiten_mit_defekten_Dateilinks,2016-03-14T11:57:06Z,48f66906899cc4a9477b6c9e32ff4424,0:=Zum 1:=Beispiel 2:=was 3:=die 4:=Menschen 5:=in 6:=einem 7:=Land 8:=gerne 9:=essen.,2,"[[2, 3, 4, 8, 9], [5, 7]]",1,1
9860,datenschutz-grundverordnung,Das DSGVO ist eine Verordnung der Europäischen Union.,0_long,Recht_und_Gesetz,2018-06-04T15:22:46Z,48f66906899cc4a9477b6c9e32ff4424,0:=Das 1:=DSGVO 2:=ist 3:=eine 4:=Verordnung 5:=der 6:=Europäischen 7:=Union.,2,"[[1, 2, 4], [5, 6, 7]]",1,1
12094,ecall,Zum Beispiel: • ein Fahrer hat einen Unfall.,21_long,Ohne_Kategorie,2014-12-31T12:07:06Z,28d34f2e053dee2c0e9399a7924cd978,0:=Zum 1:=Beispiel: 2:=• 3:=ein 4:=Fahrer 5:=hat 6:=einen 7:=Unfall.,1,,0,0
1372,alternative-fur-deutschland,Die AfD ist eine starke Partei.,9_long,Politik|Aus_den_Nachrichten|Partei_in_Deutschland,2016-10-08T08:01:49Z,6275ee07d0785a2da491fbb224064f23,0:=Die 1:=AfD 2:=ist 3:=eine 4:=starke 5:=Partei.,2,"[[1, 2, 5], [4]]",1,1
12422,eiffelturm,Frankreich hat gesagt: Gustave Eiffel soll den Turm bauen.,3_long,Ort,2015-03-31T17:25:55Z,45975183761f50ed006efcbab4df0803,0:=Frankreich 1:=hat 2:=gesagt: 3:=\newline 4:=Gustave 5:=Eiffel 6:=soll 7:=den 8:=Turm 9:=bauen.,2,"[[0, 1, 2], [4, 5, 6, 8, 9]]",1,1
12265,ehegattensplitting,Beide müssen Steuern zahlen.,21_long,Seiten_mit_defekten_Dateilinks|Ohne_Kategorie,2014-07-17T09:07:41Z,cfbe77d115cd524def4ccbe596a54842,0:=Beide 1:=müssen 2:=Steuern 3:=zahlen.,1,,0,0
12456,einen-schlussstrich-ziehen,"Wenn man einen Schlussstrich unter etwas zieht, dann schließt man etwas ab.",1_short,Redewendungen|Seiten_mit_defekten_Dateilinks,2021-12-30T22:23:38Z,e800bebc9060331edfac65e663a55570,"0:=Wenn 1:=man 2:=einen 3:=Schlussstrich 4:=unter 5:=etwas 6:=zieht, 7:=\newline 8:=dann 9:=schließt 10:=man 11:=etwas 12:=ab.",3,"[[0, 1, 3, 6], [3, 4, 5], [8, 9, 10, 11, 12]]",1,2
27236,krimkrise,Die Gruppen die sich streiten können sich nicht entscheiden.,1_long,Politik|Geopolitik|Seiten_mit_defekten_Dateilinks,2015-08-02T10:35:14Z,af28a20dfb151690981ee13d72ce655c,0:=Die 1:=Gruppen 2:=die 3:=sich 4:=streiten 5:=können 6:=sich 7:=nicht 8:=entscheiden.,2,"[[1, 5, 6, 7, 8], [2, 3, 4]]",1,1
42056,siri,Das Programm Siri gibt es für: • iPad,1_long,Computer,2012-09-13T08:37:54Z,72fb5f8156adf1b638fc9bd1fa6cdbcf,0:=Das 1:=Programm 2:=Siri 3:=gibt 4:=es 5:=für: 6:=• 7:=iPad,1,,0,0
27319,kulturbeutel,Es hat diese 2 Wörter: • Beutel (um etwas hinein zu tun),8_long,Ohne_Kategorie,2014-05-22T19:23:36Z,eaab3232dd7a824a6a774fd2f2814e47,0:=Es 1:=hat 2:=diese 3:=2 4:=Wörter: 5:=• 6:=Beutel 7:=(um 8:=etwas 9:=hinein 10:=zu 11:=tun),2,"[[0, 1, 2, 3, 4, 6], [7, 8, 9, 10, 11]]",1,1
2065,anschlag-in-ankara-2015,Das ist in der Türkei.,6_short,Ohne_Kategorie|Geschichte|Seiten_mit_defekten_Dateilinks,2015-10-12T15:11:33Z,af28a20dfb151690981ee13d72ce655c,0:=Das 1:=ist 2:=in 3:=der 4:=Türkei.,1,,0,0
26905,koran,Auf Türkisch schreibt man so: Kuran.,2_long,Religion|Seiten_mit_defekten_Dateilinks,2023-03-06T12:37:08Z,022a27447b80860fa0ec84e918eedf36,0:=Auf 1:=Türkisch 2:=schreibt 3:=man 4:=so: 5:=Kuran.,1,,0,0
1933,anonymitat,"Das Wort ""Anonymität"" kann auch heißen, dass man in einer großen Menge von Menschen nicht mehr wichtig ist.",8_long,Ohne_Kategorie,2015-01-03T20:19:29Z,5ddcf7455ff456f1eb3baf0107f54e42,"0:=Das 1:=Wort 2:=""Anonymität"" 3:=kann 4:=auch 5:=heißen, 6:= 7:=\newline 8:=dass 9:=man 10:=in 11:=einer 12:=großen 13:=Menge 14:=von 15:=Menschen 16:=nicht 17:=mehr 18:=wichtig 19:=ist.",3,"[[1, 2, 3, 4, 5], [8, 9, 16, 17, 18, 19], [12, 13, 14, 15]]",1,2
1204,allen-menschen-recht-getan-ist-eine-kunst-die-niemand-kann,Man kann nicht alle Wünsche erfüllen.,2_short,Sprichwörter|Seiten_mit_defekten_Dateilinks,2021-12-30T16:22:14Z,e800bebc9060331edfac65e663a55570,0:=Man 1:=kann 2:=nicht 3:=alle 4:=Wünsche 5:=erfüllen.,1,,0,0
12426,eiffelturm,Zwischen 80 und 250 Arbeiter haben am Turm mit gearbeitet.,7_long,Ort,2015-03-31T17:25:55Z,45975183761f50ed006efcbab4df0803,0:=Zwischen 1:=80 2:=und 3:=250 4:=Arbeiter 5:=haben 6:=am 7:=Turm 8:=mit 9:=gearbeitet.,2,"[[1], [3]]",1,1
10093,demenz,Die Menschen vergessen zum Beispiel: • wo sie gerade sind,6_long,Gesundheit|Seiten_mit_defekten_Dateilinks,2012-10-27T17:19:13Z,a6e7bfd89d5771b450c4ab0f5c2996e5,0:=Die 1:=Menschen 2:=vergessen 3:=zum 4:=Beispiel: 5:=• 6:=wo 7:=sie 8:=gerade 9:=sind,2,"[[1, 2], [6, 7, 8, 9]]",1,1
1049,alex-honnold,Alex Honnold ist ein bekannter Free Solo Kletterer.,0_short,Sport|Personen|Seiten_mit_defekten_Dateilinks,2021-07-16T21:06:31Z,e54ca469914bc262b958dc327fbe1253,0:=Alex 1:=Honnold 2:=ist 3:=ein 4:=bekannter 5:=Free 6:=Solo 7:=Kletterer.,2,"[[4], [5, 6, 7]]",1,1
1151,alkohol,Man sagt auch dazu: Ethyl-alkohol.,3_long,Essen_und_Trinken|Seiten_mit_defekten_Dateilinks|Wörter_mit_verschiedenen_Bedeutungen,2023-05-18T06:47:13Z,48f66906899cc4a9477b6c9e32ff4424,0:=Man 1:=sagt 2:=auch 3:=dazu: 4:=\newline 5:=Ethyl-alkohol.,1,,0,0
10082,dementi,Das Wort Dementi ist ein Substantiv.,1_long,Ohne_Kategorie,2013-12-03T10:18:21Z,eaab3232dd7a824a6a774fd2f2814e47,0:=Das 1:=Wort 2:=Dementi 3:=ist 4:=ein 5:=Substantiv.,1,,0,0
1923,annalena-baerbock,Und sie war Kanzler-kandidatin.,4_short,Aus_den_Nachrichten|Personen|Politik,2021-11-29T06:50:49Z,48f66906899cc4a9477b6c9e32ff4424,0:=Und 1:=sie 2:=war 3:=Kanzler-kandidatin.,1,,0,0
42275,slam,Slam gibt es: • beim Dichter Slam,3_short,Wörter_mit_verschiedenen_Bedeutungen,2014-08-05T19:10:37Z,eaab3232dd7a824a6a774fd2f2814e47,0:=Slam 1:=gibt 2:=es: 3:=• 4:=beim 5:=Dichter 6:=Slam,1,,0,0
26924,korea-konflikt,Sie haben Angst das Nord-korea Atom-waffen baut.,11_long,Geopolitik|Politik|Aus_den_Nachrichten,2018-02-18T07:36:44Z,48f66906899cc4a9477b6c9e32ff4424,0:=Sie 1:=haben 2:=Angst 3:=das 4:=Nord-korea 5:=Atom-waffen 6:=baut.,2,"[[0, 1, 2], [3, 4, 5, 6]]",1,1
9822,das-blaue-sofa,Auf dem Sofa sitzen bekannte Personen.,1_short,Ohne_Kategorie,2014-10-08T15:05:20Z,af28a20dfb151690981ee13d72ce655c,0:=Auf 1:=dem 2:=Sofa 3:=sitzen 4:=bekannte 5:=Personen.,2,"[[0, 2, 3, 5], [4]]",1,1
10152,demilitarisierung,"Man hatte Angst, dass es wieder zu einem Weltkrieg kommen könnte.",11_long,Ohne_Kategorie|Seiten_mit_defekten_Dateilinks,2016-01-20T18:01:41Z,950c751fae083d40469b6d3261a74515,"0:=Man 1:=hatte 2:=Angst, 3:=dass 4:=es 5:=wieder 6:=zu 7:=einem 8:=Weltkrieg 9:=kommen 10:=könnte.",2,"[[0, 1, 2], [3, 4, 5, 6, 8, 9, 10]]",1,1
9721,dabbawala,Damit die Dabba-walas wissen wohin das Essen gebracht werden muss.,9_long,Seiten_mit_defekten_Dateilinks|Essen_und_Trinken|Beruf,2019-03-23T09:47:38Z,48f66906899cc4a9477b6c9e32ff4424,0:=Damit 1:=die 2:=Dabba-walas 3:=wissen 4:=wohin 5:=das 6:=Essen 7:=gebracht 8:=werden 9:=muss.,2,"[[0, 2, 3], [4, 6, 7, 8, 9]]",1,1
42242,skriptkiddie,"Damit sind Computer-benutzer gemeint, die sich noch wenig mit Computern auskennen.",1_short,Ohne_Kategorie,2013-02-25T08:09:05Z,28d34f2e053dee2c0e9399a7924cd978,"0:=Damit 1:=sind 2:=Computer-benutzer 3:=gemeint, 4:=\newline 5:=die 6:=sich 7:=noch 8:=wenig 9:=mit 10:=Computern 11:=auskennen.",2,"[[0, 1, 2, 3], [5, 6, 7, 8, 9, 10, 11]]",1,1
1910,annalena-baerbock,Als Kind hat Annalena Trampolin-turnen gemacht.,3_long,Aus_den_Nachrichten|Personen|Politik,2021-11-29T06:50:49Z,48f66906899cc4a9477b6c9e32ff4424,0:=Als 1:=Kind 2:=hat 3:=Annalena 4:=Trampolin-turnen 5:=gemacht.,2,"[[0, 1], [2, 3, 4, 5]]",1,1
1158,alkohol,Viele Menschen trinken gerne Alkohol.,10_long,Essen_und_Trinken|Seiten_mit_defekten_Dateilinks|Wörter_mit_verschiedenen_Bedeutungen,2023-05-18T06:47:13Z,48f66906899cc4a9477b6c9e32ff4424,0:=Viele 1:=Menschen 2:=trinken 3:=gerne 4:=Alkohol.,1,,0,0
2003,anschlag-am-12-januar-2016-in-istanbul,Sein Name ist Nabil Fadli.,1_long,Ohne_Kategorie|Aus_den_Nachrichten|Geschichte|Seiten_mit_defekten_Dateilinks,2016-01-12T19:45:16Z,af28a20dfb151690981ee13d72ce655c,0:=Sein 1:=Name 2:=ist 3:=Nabil 4:=Fadli.,1,,0,0
1023,aleppo,Sie haben viele alte Häuser abgerissen.,10_long,Städte|Seiten_mit_defekten_Dateilinks,2016-09-26T14:57:00Z,7b5adf57ed2178795004f4c052333f37,0:=Sie 1:=haben 2:=viele 3:=alte 4:=Häuser 5:=abgerissen.,2,"[[0, 1, 4, 5], [2, 3]]",1,1
27241,krimkrise,Die Gruppen können sich nicht einigen wer auf der Insel bestimmen soll.,3_short,Politik|Geopolitik|Seiten_mit_defekten_Dateilinks,2015-08-02T10:35:14Z,af28a20dfb151690981ee13d72ce655c,0:=Die 1:=Gruppen 2:=können 3:=sich 4:=nicht 5:=einigen 6:=wer 7:=auf 8:=der 9:=Insel 10:=bestimmen 11:=soll.,2,"[[1, 2, 3, 4, 5], [6, 7, 9, 10, 11]]",1,1
1083,alexander-graham-bell,Sie haben sich an der Clarke School kennen gelernt.,31_long,Personen|Seiten_mit_defekten_Dateilinks,2022-03-03T19:51:00Z,28d34f2e053dee2c0e9399a7924cd978,0:=Sie 1:=haben 2:=sich 3:=an 4:=der 5:=Clarke 6:=School 7:=kennen 8:=gelernt.,1,,0,0
1765,anarchismus,Sie beraten was sie zu tun haben.,12_long,Politik|Seiten_mit_defekten_Dateilinks,2016-04-25T17:26:24Z,48f66906899cc4a9477b6c9e32ff4424,0:=Sie 1:=beraten 2:=was 3:=sie 4:=zu 5:=tun 6:=haben.,2,"[[0, 1], [2, 3, 4, 5, 6]]",1,1
1974,anschlag-am-1-januar-2017-istanbul,Der Geheim-dienst von Amerika sagt das stimmt nicht.,13_long,Aus_den_Nachrichten|Geschichte|Seiten_mit_defekten_Dateilinks,2017-01-03T08:02:25Z,48f66906899cc4a9477b6c9e32ff4424,0:=Der 1:=Geheim-dienst 2:=von 3:=Amerika 4:=sagt 5:=das 6:=stimmt 7:=nicht.,3,"[[1, 4], [1, 2, 3], [5, 6, 7]]",1,2
1047,alex-honnold,Über Alex Honnold gibt es einen Film.,3_long,Sport|Personen|Seiten_mit_defekten_Dateilinks,2021-07-16T21:06:31Z,e54ca469914bc262b958dc327fbe1253,0:=Über 1:=Alex 2:=Honnold 3:=gibt 4:=es 5:=einen 6:=Film.,1,,0,0
12339,ehrenburger,"Wenn die Auszeichnung von einer Schule kommt, sagt man: Ehren-bürger-würde.",5_short,Ohne_Kategorie|Seiten_mit_defekten_Dateilinks,2016-10-24T06:14:31Z,48f66906899cc4a9477b6c9e32ff4424,"0:=Wenn 1:=die 2:=Auszeichnung 3:=von 4:=einer 5:=Schule 6:=kommt, 7:=\newline 8:=sagt 9:=man: 10:=Ehren-bürger-würde.",2,"[[0, 2, 3, 5, 6], [8, 9, 10]]",1,1
26938,korea-konflikt,Und sie streiten sich um Kern-waffen von Nord-korea.,3_short,Geopolitik|Politik|Aus_den_Nachrichten,2018-02-18T07:36:44Z,48f66906899cc4a9477b6c9e32ff4424,0:=Und 1:=sie 2:=streiten 3:=sich 4:=um 5:=Kern-waffen 6:=von 7:=Nord-korea.,2,"[[1, 2, 3], [4, 5, 6, 7]]",1,1
1363,alternative-fur-deutschland,Die AfD ist eine Partei in Deutschland.,0_long,Politik|Aus_den_Nachrichten|Partei_in_Deutschland,2016-10-08T08:01:49Z,6275ee07d0785a2da491fbb224064f23,0:=Die 1:=AfD 2:=ist 3:=eine 4:=Partei 5:=in 6:=Deutschland.,2,"[[4], [5, 6]]",1,1
1038,aleviten,Die Aleviten sind eine Religions-gemeinschaft.,0_short,Religion,2008-02-02T09:57:28Z,e3afed0047b08059d0fada10f400c1e5,0:=Die 1:=Aleviten 2:=sind 3:=eine 4:=Religions-gemeinschaft.,1,,0,0
1076,alexander-graham-bell,Im Jahr 1870 zieht die Familie Bell nach Kanada.,24_long,Personen|Seiten_mit_defekten_Dateilinks,2022-03-03T19:51:00Z,28d34f2e053dee2c0e9399a7924cd978,0:=Im 1:=Jahr 2:=1870 3:=zieht 4:=die 5:=Familie 6:=Bell 7:=nach 8:=Kanada.,2,"[[0, 1, 2], [3, 5, 6, 7, 8]]",1,1
27009,korruption,Oder eine Person kann in ihrem Amt wichtige Entscheidungen treffen.,3_short,Politik|Recht_und_Gesetz,2008-10-10T21:54:55Z,e3afed0047b08059d0fada10f400c1e5,0:=Oder 1:=eine 2:=Person 3:=kann 4:=in 5:=ihrem 6:=Amt 7:=wichtige 8:=Entscheidungen 9:=treffen.,2,"[[2, 3, 7, 8, 9], [4, 5, 6]]",1,1
42102,sitelen-pona,Bei chinesischen Zeichen muss man mehr wissen.,6_long,Sprache|Seiten_mit_defekten_Dateilinks,2022-02-08T06:59:29Z,48f66906899cc4a9477b6c9e32ff4424,0:=Bei 1:=chinesischen 2:=Zeichen 3:=muss 4:=man 5:=mehr 6:=wissen.,1,,0,0
1408,altersarmut,Die Renten-kassen haben wenig Geld.,7_long,Politik|Arbeit|Seiten_mit_defekten_Dateilinks|Ohne_Kategorie,2017-12-24T13:05:44Z,48f66906899cc4a9477b6c9e32ff4424,0:=Die 1:=Renten-kassen 2:=haben 3:=wenig 4:=Geld.,1,,0,0
42270,slamball,Das besondere: beim Slamball gibt es Trampoline.,3_short,Sport,2014-08-26T12:02:12Z,eaab3232dd7a824a6a774fd2f2814e47,0:=Das 1:=besondere: 2:=beim 3:=Slamball 4:=gibt 5:=es 6:=Trampoline.,2,"[[1], [2, 3, 4, 5, 6]]",1,1
27187,kredenzen,Beim kredenzen schenkt man etwas zu trinken in ein Glas ein.,0_short,Essen_und_Trinken,2012-10-04T09:39:58Z,a9f29492ed8786de5125371472bcc003,0:=Beim 1:=kredenzen 2:=schenkt 3:=man 4:=etwas 5:=zu 6:=trinken 7:=in 8:=ein 9:=Glas 10:=ein.,2,"[[4, 5, 6], [7, 9, 10]]",1,1
26881,kopfsalat,Darum darf man diesen nicht drücken.,8_long,Essen_und_Trinken|Natur,2022-01-12T15:29:05Z,e800bebc9060331edfac65e663a55570,0:=Darum 1:=darf 2:=man 3:=diesen 4:=nicht 5:=drücken.,1,,0,0
12376,eierlegende-wollmilchsau,Oder alles nur gut ist (und es nichts schlechtes gibt).,2_short,Redewendungen,2013-10-21T08:18:22Z,eaab3232dd7a824a6a774fd2f2814e47,0:=Oder 1:=alles 2:=nur 3:=gut 4:=ist 5:=(und 6:=es 7:=nichts 8:=schlechtes 9:=gibt).,2,"[[1, 2, 3, 4], [6, 7, 8, 9]]",1,1
12162,echter-clownfisch,Manche Fische fressen Anemonen.,16_long,Tiere|Seiten_mit_defekten_Dateilinks,2021-05-15T15:50:47Z,7b5adf57ed2178795004f4c052333f37,0:=Manche 1:=Fische 2:=fressen 3:=Anemonen.,1,,0,0
12155,echter-clownfisch,Bei Gefahr verstecken sie sich die Clown-fische in der Anemone.,9_long,Tiere|Seiten_mit_defekten_Dateilinks,2021-05-15T15:50:47Z,7b5adf57ed2178795004f4c052333f37,0:=Bei 1:=Gefahr 2:=verstecken 3:=sie 4:=sich 5:=die 6:=Clown-fische 7:=in 8:=der 9:=Anemone.,2,"[[0, 1, 2, 3, 4, 6], [7, 9]]",1,1
1195,alleinunterhalter,Ein Allein-unter-halter ist ein Künstler.,1_short,Beruf|Seiten_mit_defekten_Dateilinks,2019-11-11T08:02:41Z,eaab3232dd7a824a6a774fd2f2814e47,0:=Ein 1:=Allein-unter-halter 2:=ist 3:=ein 4:=Künstler.,1,,0,0
1982,anschlag-am-1-januar-2017-istanbul,Der Anschlag in Istanbul ist am 1. Januar 2017 gewesen.,0_short,Aus_den_Nachrichten|Geschichte|Seiten_mit_defekten_Dateilinks,2017-01-03T08:02:25Z,48f66906899cc4a9477b6c9e32ff4424,0:=Der 1:=Anschlag 2:=in 3:=Istanbul 4:=ist 5:=am 6:=1. 7:=Januar 8:=2017 9:=gewesen.,2,"[[2, 3], [5, 6, 7, 8]]",1,1
10080,delfinschwimmen,Delfinschwimmen ist eine besondere Art zu schwimmen.,0_short,Sport,2012-02-28T10:46:24Z,d4171b2c36772be4cad75ef4078874bd,0:=Delfinschwimmen 1:=ist 2:=eine 3:=besondere 4:=Art 5:=zu 6:=schwimmen.,1,,0,0
2051,anschlag-in-ankara-2015,Die Menschen auf der Demonstration wollen das der Türkei-PKK-Konflikt aufhört.,1_long,Ohne_Kategorie|Geschichte|Seiten_mit_defekten_Dateilinks,2015-10-12T15:11:33Z,af28a20dfb151690981ee13d72ce655c,0:=Die 1:=Menschen 2:=auf 3:=der 4:=Demonstration 5:=wollen 6:=das 7:=der 8:=Türkei-PKK-Konflikt 9:=aufhört.,3,"[[1, 5], [1, 2, 4], [6, 8, 9]]",1,2
1111,algorithmus,Das Gegenteil von einem Algorithmus ist eine Heuristik.,1_long,Schule_und_Lernen|Computer|Internet|Seiten_mit_defekten_Dateilinks,2017-08-15T03:24:31Z,48f66906899cc4a9477b6c9e32ff4424,0:=Das 1:=Gegenteil 2:=von 3:=einem 4:=Algorithmus 5:=ist 6:=eine 7:=Heuristik.,1,,0,0
10085,dementi,Sie hat keinen neuen Hund.,4_long,Ohne_Kategorie,2013-12-03T10:18:21Z,eaab3232dd7a824a6a774fd2f2814e47,0:=Sie 1:=hat 2:=keinen 3:=neuen 4:=Hund.,1,,0,0
1922,annalena-baerbock,Annalena Baerbock ist Chefin der Partei die Grünen.,3_short,Aus_den_Nachrichten|Personen|Politik,2021-11-29T06:50:49Z,48f66906899cc4a9477b6c9e32ff4424,0:=Annalena 1:=Baerbock 2:=ist 3:=Chefin 4:=der 5:=Partei 6:=die 7:=Grünen.,2,"[[0, 1, 2, 3], [7]]",1,1
26888,kopfsalat,Die Blätter vom Kopf-salat kann man essen.,1_short,Essen_und_Trinken|Natur,2022-01-12T15:29:05Z,e800bebc9060331edfac65e663a55570,0:=Die 1:=Blätter 2:=vom 3:=Kopf-salat 4:=kann 5:=man 6:=essen.,1,,0,0
12437,eiffelturm,"Der Turm steht in Paris, Frankreich.",1_short,Ort,2015-03-31T17:25:55Z,45975183761f50ed006efcbab4df0803,"0:=Der 1:=Turm 2:=steht 3:=in 4:=Paris, 5:=Frankreich.",2,"[[4], [5]]",1,1
1801,angela-merkel,Angela Merkel wurde am 17. Juli 1954 in Hamburg geboren.,0_long,Personen|Politik|Hurraki:Überarbeiten,2008-02-02T10:48:33Z,e3afed0047b08059d0fada10f400c1e5,0:=Angela 1:=Merkel 2:=wurde 3:=am 4:=17. 5:=Juli 6:=1954 7:=in 8:=Hamburg 9:=geboren.,2,"[[3, 4, 5, 6], [7, 8]]",1,1
1714,anakonda,Eine Anakonda spürt mit ihrer Haut jede Bewegung.,22_long,Tiere|Reptilien,2021-03-30T09:18:50Z,5fa944995d8c21065f2309550624baf9,0:=Eine 1:=Anakonda 2:=spürt 3:=mit 4:=ihrer 5:=Haut 6:=jede 7:=Bewegung.,2,"[[1, 2, 6, 7], [3, 4, 5]]",1,1
12305,ehe,Oft macht man nach der Ehe eine Feier.,28_long,Recht_und_Gesetz,2019-01-14T08:43:52Z,48f66906899cc4a9477b6c9e32ff4424,0:=Oft 1:=macht 2:=man 3:=nach 4:=der 5:=Ehe 6:=eine 7:=Feier.,1,,0,0
1329,alltagsmaske,Damit keine Schad-stoffe in das Gesicht kommen.,4_short,Gesundheit|Aus_den_Nachrichten|Seiten_mit_defekten_Dateilinks,2021-07-16T07:58:18Z,48f66906899cc4a9477b6c9e32ff4424,0:=Damit 1:=keine 2:=Schad-stoffe 3:=in 4:=das 5:=Gesicht 6:=kommen.,1,,0,0
1716,anakonda,Eine Anakonda ist eine Schlange.,0_short,Tiere|Reptilien,2021-03-30T09:18:50Z,5fa944995d8c21065f2309550624baf9,0:=Eine 1:=Anakonda 2:=ist 3:=eine 4:=Schlange.,1,,0,0
42464,sodbrennen,"Manchmal aber auch, weil man krank ist.",13_long,Gesundheit,2009-07-13T17:40:11Z,4a7c0bf975893985e2e36604fef9654f,"0:=Manchmal 1:=aber 2:=auch, 3:=weil 4:=man 5:=krank 6:=ist.",1,,0,0
42176,skandal,Ein Skandal ist etwas das sehr viele Leute mitbekommen und das viele Leute ärgert.,0_short,Ohne_Kategorie,2013-07-23T22:12:13Z,72fb5f8156adf1b638fc9bd1fa6cdbcf,0:=Ein 1:=Skandal 2:=ist 3:=etwas 4:=das 5:=sehr 6:=viele 7:=Leute 8:=mitbekommen 9:= 10:=\newline 11:=und 12:=das 13:=viele 14:=Leute 15:=ärgert.,2,"[[4, 5, 6, 7, 8], [12, 13, 14, 15]]",1,1
9776,dandy-wortklarung,• Früher gab es eine Auto-marke mit dem Namen Dandy.,2_short,Wörter_mit_verschiedenen_Bedeutungen,2018-10-26T12:54:51Z,28d34f2e053dee2c0e9399a7924cd978,0:= 1:=• 2:=Früher 3:=gab 4:=es 5:=eine 6:=Auto-marke 7:=mit 8:=dem 9:=Namen 10:=Dandy.,1,,0,0
9975,dbt,"Das kann zum Beispiel sein, dass man sich selbst oder anderen weh tut.",8_short,,2020-07-04T07:35:34Z,4a8d7c87339c287de35ba4be954bbfbf,"0:=Das 1:=kann 2:=zum 3:=Beispiel 4:=sein, 5:=dass 6:=man 7:=sich 8:=selbst 9:=oder 10:=anderen 11:=weh 12:=tut.",3,"[[0, 1, 2, 3, 4], [5, 6, 7, 8, 11, 12], [5, 6, 10, 11, 12]]",1,2
42475,solander-box,Eine Solander-Box ist aus Holz oder Pappe.,0_long,Ohne_Kategorie,2014-05-06T15:05:38Z,af28a20dfb151690981ee13d72ce655c,0:=Eine 1:=Solander-Box 2:=ist 3:=aus 4:=Holz 5:=oder 6:=Pappe.,2,"[[4], [5]]",1,1
10099,demenz,"Wer Demenz hat, kann schlecht lernen.",12_long,Gesundheit|Seiten_mit_defekten_Dateilinks,2012-10-27T17:19:13Z,a6e7bfd89d5771b450c4ab0f5c2996e5,"0:=Wer 1:=Demenz 2:=hat, 3:=kann 4:=schlecht 5:=lernen.",2,"[[0, 1, 2], [3, 4, 5]]",1,1
1118,alice-miller,Millers Bücher kann man leichter verstehen.,3_long,Ohne_Kategorie|Seiten_mit_defekten_Dateilinks,2022-03-02T14:11:08Z,e800bebc9060331edfac65e663a55570,0:=Millers 1:=Bücher 2:=kann 3:=man 4:=leichter 5:=verstehen.,1,,0,0
1354,altenburg,Das sind 2 Kirch-türme aus roten Ziegel-steinen.,10_long,Städte,2019-03-20T11:00:48Z,ffaa744a207eb843b7f383adcf5da422,0:=Das 1:=sind 2:=2 3:=Kirch-türme 4:=aus 5:=roten 6:=Ziegel-steinen.,2,"[[1, 2], [4, 5, 6]]",1,1
9714,dabbawala,Sie sind so ähnlich wie ein Henkel-mann.,2_long,Seiten_mit_defekten_Dateilinks|Essen_und_Trinken|Beruf,2019-03-23T09:47:38Z,48f66906899cc4a9477b6c9e32ff4424,0:=Sie 1:=sind 2:=so 3:=ähnlich 4:=wie 5:=ein 6:=Henkel-mann.,1,,0,0
42174,skandal,Das heißt: es interessiert niemanden und ärgert auch niemanden.,5_long,Ohne_Kategorie,2013-07-23T22:12:13Z,72fb5f8156adf1b638fc9bd1fa6cdbcf,0:=Das 1:=heißt: 2:=es 3:=interessiert 4:=niemanden 5:=\newline 6:=und 7:=ärgert 8:=auch 9:=niemanden.,2,"[[2, 3, 4], [7, 8, 9]]",1,1
42238,skriptkiddie,"Um den Text der in solch einem Skript steht zu schreiben, braucht es gutes Computerwissen.",6_long,Ohne_Kategorie,2013-02-25T08:09:05Z,28d34f2e053dee2c0e9399a7924cd978,"0:=Um 1:=den 2:=Text 3:=der 4:=in 5:=solch 6:=einem 7:=Skript 8:=steht 9:=zu 10:=schreiben, 11:=\newline 12:=braucht 13:=es 14:=gutes 15:=Computerwissen.",3,"[[0, 2, 9, 10], [2, 3, 4, 5, 7, 8], [12, 13, 14, 15]]",1,2
10034,deep-web,Das Deep Web wird oft mit dem Darknet verwechselt.,5_short,Internet|Seiten_mit_defekten_Dateilinks,2016-07-31T15:22:03Z,76bf1508c054395f67a605468d76c22f,0:=Das 1:=Deep 2:=Web 3:=wird 4:=oft 5:=mit 6:=dem 7:=Darknet 8:=verwechselt.,1,,0,0
12427,eiffelturm,Ein Arbeiter ist dabei gestorben.,8_long,Ort,2015-03-31T17:25:55Z,45975183761f50ed006efcbab4df0803,0:=Ein 1:=Arbeiter 2:=ist 3:=dabei 4:=gestorben.,1,,0,0
12223,egalitarismus,Und alle Menschen gleich behandelt werden.,2_short,Haltung|Politische_Idee|Seiten_mit_defekten_Dateilinks,2022-09-22T12:10:23Z,48f66906899cc4a9477b6c9e32ff4424,0:=Und 1:=alle 2:=Menschen 3:=gleich 4:=behandelt 5:=werden.,1,,0,0
12420,eiffelturm,Im Jahr 1889 war die 100-Jahr-feier zur Französischen Revolution.,1_long,Ort,2015-03-31T17:25:55Z,45975183761f50ed006efcbab4df0803,0:=Im 1:=Jahr 2:=1889 3:=war 4:=die 5:=100-Jahr-feier 6:=zur 7:=Französischen 8:=Revolution.,1,,0,0
1804,angela-merkel,Und sie ist gleichzeitig Mitglied bei der Partei CDU geworden.,3_long,Personen|Politik|Hurraki:Überarbeiten,2008-02-02T10:48:33Z,e3afed0047b08059d0fada10f400c1e5,0:=Und 1:=sie 2:=ist 3:=gleichzeitig 4:=Mitglied 5:=bei 6:=der 7:=Partei 8:=CDU 9:=geworden.,3,"[[0, 1, 2, 4, 5, 7], [7, 8], [2, 3, 4, 9]]",1,2
991,alchemie,"Zum Beispiel, wollen sie kranke Menschen gesund machen.",4_long,Wissenschaft|Seiten_mit_defekten_Dateilinks,2022-10-03T06:15:06Z,48f66906899cc4a9477b6c9e32ff4424,"0:=Zum 1:=Beispiel, 2:=\newline 3:=wollen 4:=sie 5:=kranke 6:=Menschen 7:=gesund 8:=machen.",2,"[[3, 4], [5, 6, 7, 8]]",1,1
27123,krankenversicherung,"Wenn du arbeiten gehst, dann zahlen zwei Personen deine Kranken-versicherung: dein Chef und du.",4_long,Arbeit,2021-10-26T07:49:24Z,4e761a928113c1f23dda0939b1022778,"0:=Wenn 1:=du 2:=arbeiten 3:=gehst, 4:= 5:=\newline 6:=dann 7:=zahlen 8:=zwei 9:=Personen 10:=deine 11:=Kranken-versicherung: 12:= 13:=\newline 14:=dein 15:=Chef 16:=und 17:=du.",4,"[[0, 1, 2, 3], [6, 7, 8, 9, 10, 11], [7, 14, 15], [7, 17]]",1,3
12260,ehegattensplitting,"Das heißt, die Regel gilt auch für schwule und lesbische Paare.",16_long,Seiten_mit_defekten_Dateilinks|Ohne_Kategorie,2014-07-17T09:07:41Z,cfbe77d115cd524def4ccbe596a54842,"0:=Das 1:=heißt, 2:=die 3:=Regel 4:=gilt 5:=auch 6:=für 7:=schwule 8:=und 9:=lesbische 10:=Paare.",2,"[[7], [9]]",1,1
27288,kryptowahrung,Kryptowährung ist eine Art Geld.,0_short,Geld,2018-12-19T14:08:31Z,48f66906899cc4a9477b6c9e32ff4424,0:=Kryptowährung 1:=ist 2:=eine 3:=Art 4:=Geld.,1,,0,0
42218,sklave,Bis dahin sollen viele Fußball Stadien gebaut werden.,17_long,Ohne_Kategorie,2013-11-26T08:07:47Z,6275ee07d0785a2da491fbb224064f23,0:=Bis 1:=dahin 2:=sollen 3:=viele 4:=Fußball 5:=Stadien 6:=gebaut 7:=werden.,1,,0,0
10159,demografie,• wie viele Menschen sind in das Land gekommen,5_long,Wissenschaft|Gesellschaft|Seiten_mit_defekten_Dateilinks,2021-02-01T07:51:47Z,10d328ecc07ab3b6c356d5ccb8a5c8d3,0:= 1:=• 2:=wie 3:=viele 4:=Menschen 5:=sind 6:=in 7:=das 8:=Land 9:=gekommen,1,,0,0
9924,daumelinchen,Däumelinchen ist ein Märchen.,0_short,Seiten_mit_defekten_Dateilinks|Ohne_Kategorie,2022-02-06T16:32:07Z,e800bebc9060331edfac65e663a55570,0:=Däumelinchen 1:=ist 2:=ein 3:=Märchen.,1,,0,0
9763,dampflokomotive,In der Lokomotive sitzt ein Fahrer und ein Heizer.,1_long,Verkehr|Seiten_mit_defekten_Dateilinks,2023-01-30T15:21:08Z,99280970af8d54864c10b22240ecda16,0:=In 1:=der 2:=Lokomotive 3:=sitzt 4:=ein 5:=Fahrer 6:=und 7:=ein 8:=Heizer.,2,"[[5], [8]]",1,1
9726,dabbawala,Man kann eigenes Essen beim Dabba-wala bestellen.,2_short,Seiten_mit_defekten_Dateilinks|Essen_und_Trinken|Beruf,2019-03-23T09:47:38Z,48f66906899cc4a9477b6c9e32ff4424,0:=Man 1:=kann 2:=eigenes 3:=Essen 4:=beim 5:=Dabba-wala 6:=bestellen.,3,"[[0, 3, 6], [2, 3], [4, 5]]",1,2
9792,danemark,Die Währung in Dänemark ist die dänische Krone.,12_long,Ohne_Kategorie|Seiten_mit_defekten_Dateilinks,2023-04-04T08:35:33Z,f3d525674a904e48b4a41a13ef2a54a5,0:=Die 1:=Währung 2:=in 3:=Dänemark 4:=ist 5:=die 6:=dänische 7:=Krone.,1,,0,0
1318,allgemeines-gleichbehandlungsgesetz,Das Allgemeine Gleich-behandlungs-gesetz ist ein Gesetz.,0_short,Politik|Recht_und_Gesetz|Seiten_mit_defekten_Dateilinks,2008-02-02T09:59:38Z,e3afed0047b08059d0fada10f400c1e5,0:=Das 1:=Allgemeine 2:=Gleich-behandlungs-gesetz 3:=ist 4:=ein 5:=Gesetz.,1,,0,0
12180,echter-clownfisch,Der Echte Clown-fisch hat eine leuchtende orange Farbe.,2_short,Tiere|Seiten_mit_defekten_Dateilinks,2021-05-15T15:50:47Z,7b5adf57ed2178795004f4c052333f37,0:=Der 1:=Echte 2:=Clown-fisch 3:=hat 4:=eine 5:=leuchtende 6:=orange 7:=Farbe.,2,"[[5], [6]]",1,1
12124,echelon,Das Echelon Spionage Netz geht um die ganze Welt.,5_long,Ohne_Kategorie,2013-06-28T07:05:37Z,6275ee07d0785a2da491fbb224064f23,0:=Das 1:=Echelon 2:=Spionage 3:=Netz 4:=geht 5:=um 6:=die 7:=ganze 8:=Welt.,1,,0,0
9780,danemark,Dänemark hat eine lange Küste und viele Inseln.,0_long,Ohne_Kategorie|Seiten_mit_defekten_Dateilinks,2023-04-04T08:35:33Z,f3d525674a904e48b4a41a13ef2a54a5,0:=Dänemark 1:=hat 2:=eine 3:=lange 4:=Küste 5:=und 6:=viele 7:=Inseln.,3,"[[0, 1, 4], [3, 4], [0, 1, 6, 7]]",1,2
1314,allgemeines-gleichbehandlungsgesetz,Das Gleich-behandlungs-gesetz ist vom Bundestag beschlossen worden.,10_long,Politik|Recht_und_Gesetz|Seiten_mit_defekten_Dateilinks,2008-02-02T09:59:38Z,e3afed0047b08059d0fada10f400c1e5,0:=Das 1:=Gleich-behandlungs-gesetz 2:=ist 3:=vom 4:=Bundestag 5:=beschlossen 6:=worden.,2,"[[1, 2, 5, 6], [3, 4]]",1,1
26904,koran,Auf Arabisch schreibt man so: Quran.,1_long,Religion|Seiten_mit_defekten_Dateilinks,2023-03-06T12:37:08Z,022a27447b80860fa0ec84e918eedf36,0:=Auf 1:=Arabisch 2:=schreibt 3:=man 4:=so: 5:=Quran.,1,,0,0
1890,anlauttabelle,Die Bilder sind zusammen mit den Buchstaben.,1_long,Schule_und_Lernen,2014-08-26T17:59:17Z,af28a20dfb151690981ee13d72ce655c,0:=Die 1:=Bilder 2:=sind 3:=zusammen 4:=mit 5:=den 6:=Buchstaben.,1,,0,0
997,alchemie,Es werden Versuche und Experimente gemacht.,1_short,Wissenschaft|Seiten_mit_defekten_Dateilinks,2022-10-03T06:15:06Z,48f66906899cc4a9477b6c9e32ff4424,0:=Es 1:=werden 2:=Versuche 3:=und 4:=Experimente 5:=gemacht.,2,"[[2], [4]]",1,1
42353,sneak-preview,Ein Sneak Preview Film ist ein sehr neuer Film.,0_long,Film_und_Kino|Seiten_mit_defekten_Dateilinks,2017-10-23T06:43:33Z,48f66906899cc4a9477b6c9e32ff4424,0:=Ein 1:=Sneak 2:=Preview 3:=Film 4:=ist 5:=ein 6:=sehr 7:=neuer 8:=Film.,1,,0,0
1740,anamnese,Das erste Gespräch zwischen Therapeut und Patient heißt: Anamnese.,0_long,Gesundheit|Seiten_mit_defekten_Dateilinks,2020-12-30T16:21:28Z,071517655685f140a415c26a1bfd2837,0:=Das 1:=erste 2:=Gespräch 3:=zwischen 4:=Therapeut 5:=und 6:=Patient 7:=heißt: 8:=Anamnese.,2,"[[1, 7, 8], [3, 4, 5, 6]]",1,1
10092,demenz,Menschen mit Demenz vergessen Sachen.,5_long,Gesundheit|Seiten_mit_defekten_Dateilinks,2012-10-27T17:19:13Z,a6e7bfd89d5771b450c4ab0f5c2996e5,0:=Menschen 1:=mit 2:=Demenz 3:=vergessen 4:=Sachen.,1,,0,0
1428,altes-agypten,Das Alte Ägypten war eine Gesellschaft.,0_short,Geschichte,2020-09-17T09:34:33Z,46c3c87395bab21fd30e35b682a73fd0,0:=Das 1:=Alte 2:=Ägypten 3:=war 4:=eine 5:=Gesellschaft.,1,,0,0
12139,echelon,Das macht dann der Geheimdienst von Großbritannien.,20_long,Ohne_Kategorie,2013-06-28T07:05:37Z,6275ee07d0785a2da491fbb224064f23,0:=Das 1:=macht 2:=dann 3:=der 4:=Geheimdienst 5:=von 6:=Großbritannien.,1,,0,0
1420,alter,Es gibt eine Wissenschaft des Alters: die Gerontologie.,7_long,Seiten_mit_defekten_Dateilinks|Biologie,2012-11-03T22:15:00Z,a6e7bfd89d5771b450c4ab0f5c2996e5,0:=Es 1:=gibt 2:=eine 3:=Wissenschaft 4:=des 5:=Alters: 6:=die 7:=Gerontologie.,1,,0,0
12198,edward-snowden,"Edward Snowden wurde am 21. Juni 1983 in Elizabeth City, USA geboren.",0_long,Personen,2013-07-05T06:23:04Z,6275ee07d0785a2da491fbb224064f23,"0:=Edward 1:=Snowden 2:= 3:=wurde 4:=am 5:=21. 6:=Juni 7:=1983 8:=in 9:=Elizabeth 10:=City, 11:=USA 12:=geboren.",3,"[[4, 5, 6, 7], [8, 9, 10], [8, 11]]",1,2
1269,allerheiligen,Der Feier-tag ist zwischen dem 31. Oktober und dem 6. November.,53_long,Religion|Seiten_mit_defekten_Dateilinks,2015-11-01T12:22:09Z,7b5adf57ed2178795004f4c052333f37,0:=Der 1:=Feier-tag 2:=ist 3:=zwischen 4:=dem 5:=31. 6:=Oktober 7:=und 8:=dem 9:=6. 10:=November.,2,"[[5, 6], [9, 10]]",1,1
27051,krafttraining,Man macht die gleiche Bewegung hinter-einander.,6_long,Sport|Seiten_mit_defekten_Dateilinks,2019-10-28T08:05:49Z,eaab3232dd7a824a6a774fd2f2814e47,0:=Man 1:=macht 2:=die 3:=gleiche 4:=Bewegung 5:=hinter-einander.,1,,0,0
1990,anschlag-am-1-januar-2017-istanbul,Das ist in der Türkei.,8_short,Aus_den_Nachrichten|Geschichte|Seiten_mit_defekten_Dateilinks,2017-01-03T08:02:25Z,48f66906899cc4a9477b6c9e32ff4424,0:=Das 1:=ist 2:=in 3:=der 4:=Türkei.,1,,0,0
27042,kraftknoten,"Das heißt, die Krankenversicherung muss den Kraftknoten bezahlen.",1_long,Hilfsmittel,2008-02-12T19:08:32Z,e3afed0047b08059d0fada10f400c1e5,"0:=Das 1:=heißt, 2:=die 3:=Krankenversicherung 4:=muss 5:=den 6:=Kraftknoten 7:=bezahlen.",1,,0,0
1434,altestenrat,Diese Personen müssen Erfahrung haben.,3_long,Recht_und_Gesetz|Politik|Seiten_mit_defekten_Dateilinks,2015-05-17T14:32:45Z,af28a20dfb151690981ee13d72ce655c,0:=Diese 1:=Personen 2:=müssen 3:=Erfahrung haben.,1,,0,0
42491,soldat,"Ein Soldat arbeitet für eine Armee, oder für das Militär",1_short,Hurraki:Überarbeiten|Personen|Beruf|Bundeswehr,2010-03-12T11:26:02Z,f9b0bd285ddc0c9ffae07d47947d7844,"0:=Ein 1:=Soldat 2:=arbeitet 3:=für 4:=eine 5:=Armee, 6:= 7:=\newline 8:=oder 9:=für 10:=das 11:=Militär",2,"[[3, 5], [9, 11]]",1,1
10151,demilitarisierung,Unter anderem beseitigte man die Armee in Deutschland.,10_long,Ohne_Kategorie|Seiten_mit_defekten_Dateilinks,2016-01-20T18:01:41Z,950c751fae083d40469b6d3261a74515,0:=Unter 1:=anderem 2:=beseitigte 3:=man 4:=die 5:=Armee 6:=in 7:=Deutschland.,2,"[[0, 1, 2, 3, 5], [6, 7]]",1,1
26853,kopfballtischtennis,Nach dem Kopf-Stoß muss aber 1 Körper-Teil auf dem Boden sein.,2_long,Sport,2013-10-04T08:34:55Z,d4171b2c36772be4cad75ef4078874bd,0:=Nach 1:=dem 2:=Kopf-Stoß 3:=muss 4:=aber 5:=1 6:=Körper-Teil 7:=auf 8:=dem 9:=Boden 10:=sein.,2,"[[0, 2], [3, 4, 5, 6, 7, 9, 10]]",1,1
1826,anglizismus,Die Wörter kommen aus der englischen Sprache.,1_long,Sprache|Seiten_mit_defekten_Dateilinks,2018-07-04T04:58:19Z,48f66906899cc4a9477b6c9e32ff4424,0:=Die 1:=Wörter 2:=kommen 3:=aus 4:=der 5:=englischen 6:=Sprache.,1,,0,0
1795,anarchismus,Beim Anarchismus gibt es keine großen Chefs.,2_short,Politik|Seiten_mit_defekten_Dateilinks,2016-04-25T17:26:24Z,48f66906899cc4a9477b6c9e32ff4424,0:=Beim 1:=Anarchismus 2:=gibt 3:=es 4:=keine 5:=großen 6:=Chefs.,2,"[[0, 1, 2, 3, 4], [5]]",1,1
42473,software,Software sagt dem Gerät was es machen muss.,2_short,Computer|Hurraki:Überarbeiten|Seiten_mit_defekten_Dateilinks,2012-09-13T07:56:43Z,72fb5f8156adf1b638fc9bd1fa6cdbcf,0:=Software 1:=sagt 2:=dem 3:=Gerät 4:=was 5:=es 6:=machen 7:=muss.,2,"[[0, 1, 3], [4, 5, 6, 7]]",1,1
9786,danemark,"Dänemark ist bekannt für Schlösser, Kathedralen und Museen.",6_long,Ohne_Kategorie|Seiten_mit_defekten_Dateilinks,2023-04-04T08:35:33Z,f3d525674a904e48b4a41a13ef2a54a5,"0:=Dänemark 1:=ist 2:=bekannt 3:=für 4:=Schlösser, 5:=Kathedralen 6:=und 7:=Museen.",3,"[[4], [5], [7]]",1,2
998,alchemie,Damit man versteht wie etwas funktioniert.,2_short,Wissenschaft|Seiten_mit_defekten_Dateilinks,2022-10-03T06:15:06Z,48f66906899cc4a9477b6c9e32ff4424,0:=Damit 1:=man 2:=versteht 3:=wie 4:=etwas 5:=funktioniert.,2,"[[0, 1, 2], [3, 4, 5]]",1,1
9940,daumenregister,Es sieht aus wie eine Treppenstufe.,1_long,Sprache,2014-03-10T10:47:38Z,eaab3232dd7a824a6a774fd2f2814e47,0:=Es 1:=sieht 2:=aus 3:=wie 4:=eine 5:=Treppenstufe.,1,,0,0
992,alchemie,Alchemisten haben Athanoren benutzt.,5_long,Wissenschaft|Seiten_mit_defekten_Dateilinks,2022-10-03T06:15:06Z,48f66906899cc4a9477b6c9e32ff4424,0:=Alchemisten 1:=haben 2:=Athanoren 3:=benutzt.,1,,0,0
1684,an-12-unfall-in-juba,Der AN-12 Unfall in Juba ist am 4. November 2015 gewesen.,0_short,Ohne_Kategorie|Hurraki:Überarbeiten|Aus_den_Nachrichten|Seiten_mit_defekten_Dateilinks,2015-11-07T08:34:15Z,48f66906899cc4a9477b6c9e32ff4424,0:=Der 1:=AN-12 2:=Unfall 3:=in 4:=Juba 5:=ist 6:=am 7:=4. 8:=November 9:=2015 10:=gewesen.,3,"[[1], [3, 4], [6, 7, 8, 9]]",1,2
42479,solander-box,Erfunden wurde die Solander-Box von: • Daniel Solander,4_long,Ohne_Kategorie,2014-05-06T15:05:38Z,af28a20dfb151690981ee13d72ce655c,0:=Erfunden 1:=wurde 2:=die 3:=Solander-Box 4:=von: 5:=• 6:=Daniel 7:=Solander,1,,0,0
26953,korperbemalung,Oder sie haben die Hände zum malen benutzt.,12_long,Kleider|Seiten_mit_defekten_Dateilinks,2015-06-05T15:33:34Z,eaab3232dd7a824a6a774fd2f2814e47,0:=Oder 1:=sie 2:=haben 3:=die 4:=Hände 5:=zum 6:=malen 7:=benutzt.,2,"[[0, 1, 2, 7], [5, 6]]",1,1
1058,alexander-graham-bell,Der Vater hat eine Laut-schrift erfunden.,6_long,Personen|Seiten_mit_defekten_Dateilinks,2022-03-03T19:51:00Z,28d34f2e053dee2c0e9399a7924cd978,0:=Der 1:=Vater 2:=hat 3:=eine 4:=Laut-schrift 5:=erfunden.,1,,0,0
26880,kopfsalat,Kopf-salat ist empfindlich.,7_long,Essen_und_Trinken|Natur,2022-01-12T15:29:05Z,e800bebc9060331edfac65e663a55570,0:=Kopf-salat 1:=ist 2:=empfindlich.,1,,0,0
41997,sim-karte,"Wenn man eine SIM-Karte kauft, bekommt eine Geheim-Nummer dazu.",4_long,Ohne_Kategorie,2012-11-20T07:21:45Z,28d34f2e053dee2c0e9399a7924cd978,"0:=Wenn 1:=man 2:=eine 3:=SIM-Karte 4:=kauft, 5:= 6:= 7:=\newline 8:=bekommt 9:=eine 10:=Geheim-Nummer 11:=dazu.",2,"[[0, 1, 3, 4], [8, 10, 11]]",1,1
27264,kriterium,Ein Kriterium ist eine Eigenschaft.,0_short,Ohne_Kategorie|Seiten_mit_defekten_Dateilinks,2017-08-29T13:47:33Z,8e384e35a2bd67eaeb964edc16d2f92c,0:=Ein 1:=Kriterium 2:=ist 3:=eine 4:=Eigenschaft.,1,,0,0
1844,angriff-in-las-vegas,Im Auto hatte er auch Sprengstoff.,10_long,Geschichte|Aus_den_Nachrichten|Hurraki:Überarbeiten|Seiten_mit_defekten_Dateilinks,2017-10-11T05:48:19Z,48f66906899cc4a9477b6c9e32ff4424,0:=Im 1:=Auto 2:=hatte 3:=er 4:=auch 5:=Sprengstoff.,1,,0,0
27115,krankenversicherungskarte,Diese Karte gibt es in Deutschland.,1_short,Ohne_Kategorie,2014-06-26T07:56:07Z,cfbe77d115cd524def4ccbe596a54842,0:=Diese 1:=Karte 2:=gibt 3:=es 4:=in 5:=Deutschland.,1,,0,0
27122,krankenversicherung,Deine Kranken-versicherung zahlt die Behandlung.,3_long,Arbeit,2021-10-26T07:49:24Z,4e761a928113c1f23dda0939b1022778,0:=Deine 1:=Kranken-versicherung 2:=zahlt 3:=die 4:=Behandlung.,1,,0,0
27273,kryptowahrung,Es gibt über 4000 verschiedene Krypto-währungen.,4_long,Geld,2018-12-19T14:08:31Z,48f66906899cc4a9477b6c9e32ff4424,0:=Es 1:=gibt 2:=über 3:=4000 4:=verschiedene 5:=Krypto-währungen.,1,,0,0
42361,sneak-preview,Man bezahlt nach dem Film nur wenn man möchte.,8_long,Film_und_Kino|Seiten_mit_defekten_Dateilinks,2017-10-23T06:43:33Z,48f66906899cc4a9477b6c9e32ff4424,0:=Man 1:=bezahlt 2:=nach 3:=dem 4:=Film 5:=nur 6:=wenn 7:=man 8:=möchte.,2,"[[2, 4], [5, 6, 7, 8]]",1,1
27336,kultur,"Zum Beispiel damit, was sie für Kleider tragen.",12_long,Ohne_Kategorie|Seiten_mit_defekten_Dateilinks,2016-03-14T11:57:06Z,48f66906899cc4a9477b6c9e32ff4424,"0:=Zum 1:=Beispiel 2:=damit, 3:= 4:=\newline 5:=was 6:=sie 7:=für 8:=Kleider 9:=tragen.",1,,0,0
1664,amtssprache,In manchen Ländern gibt es verschiedene Amts-sprachen.,3_long,Sprache|Öffentliche_Verwaltung|Seiten_mit_defekten_Dateilinks,2015-07-21T11:36:14Z,eaab3232dd7a824a6a774fd2f2814e47,0:=In 1:=manchen 2:=Ländern 3:=gibt 4:=es 5:=verschiedene 6:=Amts-sprachen.,2,"[[1], [5]]",1,1
1127,alice-miller,Sie beschreibt in ihren Büchern Kindes-misshandlung.,2_short,Ohne_Kategorie|Seiten_mit_defekten_Dateilinks,2022-03-02T14:11:08Z,e800bebc9060331edfac65e663a55570,0:=Sie 1:=beschreibt 2:=in 3:=ihren 4:=Büchern 5:=Kindes-misshandlung.,2,"[[0, 1, 5], [2, 3, 4]]",1,1
1916,annalena-baerbock,Sie ist Mitglied in der Partei Die Grünen.,9_long,Aus_den_Nachrichten|Personen|Politik,2021-11-29T06:50:49Z,48f66906899cc4a9477b6c9e32ff4424,0:=Sie 1:=ist 2:=Mitglied 3:=in 4:=der 5:=Partei 6:=Die 7:=Grünen.,2,"[[3, 5], [6, 7]]",1,1
9868,datenschutz-grundverordnung,Am 14. April 2016 hat die Europäischen Union den Vorschlag angenommen.,8_long,Recht_und_Gesetz,2018-06-04T15:22:46Z,48f66906899cc4a9477b6c9e32ff4424,0:=Am 1:=14. 2:=April 3:=2016 4:=hat 5:=die 6:=Europäischen 7:=Union 8:=den 9:=Vorschlag 10:=angenommen.,2,"[[0, 1, 2, 3], [4, 6, 7, 9, 10]]",1,1
42087,sitar,Der Körper der Sitar ist ein getrockneter Kürbis.,3_long,Ohne_Kategorie,2012-12-12T07:56:56Z,7b5adf57ed2178795004f4c052333f37,0:=Der 1:=Körper 2:=der 3:=Sitar 4:=ist 5:=ein 6:=getrockneter 7:=Kürbis.,1,,0,0
1893,anlauttabelle,Dazu sagt man auch: Anlaut.,4_long,Schule_und_Lernen,2014-08-26T17:59:17Z,af28a20dfb151690981ee13d72ce655c,0:=Dazu 1:=sagt 2:=man 3:=auch: 4:=Anlaut.,1,,0,0
1271,allerheiligen,Der Feier-tag ist zwischen dem 31. Oktober und dem 6. November.,55_long,Religion|Seiten_mit_defekten_Dateilinks,2015-11-01T12:22:09Z,7b5adf57ed2178795004f4c052333f37,0:=Der 1:=Feier-tag 2:=ist 3:=zwischen 4:=dem 5:=31. 6:=Oktober 7:=und 8:=dem 9:=6. 10:=November.,2,"[[5, 6], [9, 10]]",1,1
42124,sitzfuball,Die Spieler rutschen auf dem Boden.,3_long,Sport,2008-05-06T08:00:41Z,ba4bddd086162b3f83a1be81c78c36e0,0:=Die 1:=Spieler 2:=rutschen 3:=auf 4:=dem 5:=Boden.,1,,0,0
12369,eierlegende-wollmilchsau,In diesem Bild kommt vor: • ein Huhn das Eier legt,2_long,Redewendungen,2013-10-21T08:18:22Z,eaab3232dd7a824a6a774fd2f2814e47,0:=In 1:=diesem 2:=Bild 3:=kommt 4:=vor: 5:=• 6:=ein 7:=Huhn 8:=das 9:=Eier 10:=legt,3,"[[0, 2, 3, 4], [7], [8, 9, 10]]",1,2
1686,an-12-unfall-in-juba,Der Absturz ist kurz nach dem Abflug passiert.,2_short,Ohne_Kategorie|Hurraki:Überarbeiten|Aus_den_Nachrichten|Seiten_mit_defekten_Dateilinks,2015-11-07T08:34:15Z,48f66906899cc4a9477b6c9e32ff4424,0:=Der 1:=Absturz 2:=ist 3:=kurz 4:=nach 5:=dem 6:=Abflug 7:=passiert.,1,,0,0
1139,alkoholkrankheit,Die Alkohol-krankheit kann man heilen.,10_long,Ohne_Kategorie|Seiten_mit_defekten_Dateilinks,2023-03-06T15:49:02Z,017ecada082ed42bbfc77d89d4b14406,0:=Die 1:=Alkohol-krankheit 2:=kann 3:=man 4:=heilen.,1,,0,0
9734,dagger-complex,Dagger Complex wird so gesprochen:,2_long,Ohne_Kategorie,2013-09-01T17:43:42Z,6275ee07d0785a2da491fbb224064f23,0:=Dagger 1:=Complex 2:=wird 3:=so 4:=gesprochen:,1,,0,0
10149,demilitarisierung,1945 verlor Deutschland den Zweiten Weltkrieg.,8_long,Ohne_Kategorie|Seiten_mit_defekten_Dateilinks,2016-01-20T18:01:41Z,950c751fae083d40469b6d3261a74515,0:=1945 1:=verlor 2:=Deutschland 3:=den 4:=Zweiten 5:=Weltkrieg.,2,"[[0], [1, 2, 4, 5]]",1,1
1168,alkohol,Daher soll man nur wenig Alkohol trinken.,20_long,Essen_und_Trinken|Seiten_mit_defekten_Dateilinks|Wörter_mit_verschiedenen_Bedeutungen,2023-05-18T06:47:13Z,48f66906899cc4a9477b6c9e32ff4424,0:=Daher 1:=soll 2:=man 3:=nur 4:=wenig 5:=Alkohol 6:=trinken.,1,,0,0
1201,allen-menschen-recht-getan-ist-eine-kunst-die-niemand-kann,Diese Geschichte ist eine Metapher.,2_long,Sprichwörter|Seiten_mit_defekten_Dateilinks,2021-12-30T16:22:14Z,e800bebc9060331edfac65e663a55570,0:=Diese 1:=Geschichte 2:=ist 3:=eine 4:=Metapher.,1,,0,0
1715,anakonda,Im Wasser spürt sie das am besten.,23_long,Tiere|Reptilien,2021-03-30T09:18:50Z,5fa944995d8c21065f2309550624baf9,0:=Im 1:=Wasser 2:=spürt 3:=sie 4:=das 5:=am 6:=besten.,1,,0,0
42482,soldat-auf-zeit,"Ein Soldat, der immer bei der Armee bleiben will ist ein Berufssoldat.",0_long,Beruf|Militär,2014-01-31T06:51:10Z,6275ee07d0785a2da491fbb224064f23,"0:=Ein 1:=Soldat, 2:=der 3:=immer 4:=bei 5:=der 6:=Armee 7:=bleiben 8:=will 9:=ist 10:=ein 11:=Berufssoldat.",2,"[[1, 9, 11], [2, 3, 4, 6, 7, 8]]",1,1
42148,sitzvolleyball,Zwischen den Gewinn-sätzen gibt es immer eine Pause.,21_long,Sport|Paralympics,2012-01-30T18:24:13Z,d4171b2c36772be4cad75ef4078874bd,0:=Zwischen 1:=den 2:=Gewinn-sätzen 3:=gibt 4:=es 5:=immer 6:=eine 7:=Pause.,1,,0,0
2020,anschlag-am-12-januar-2016-in-istanbul,Der Anschlag ist in der Stadt Istanbul gewesen.,6_short,Ohne_Kategorie|Aus_den_Nachrichten|Geschichte|Seiten_mit_defekten_Dateilinks,2016-01-12T19:45:16Z,af28a20dfb151690981ee13d72ce655c,0:=Der 1:=Anschlag 2:=ist 3:=in 4:=der 5:=Stadt 6:=Istanbul 7:=gewesen.,2,"[[3, 6], [5, 6]]",1,1
1371,alternative-fur-deutschland,Weil es viele Rechts-extreme Politker in der AfD gibt.,8_long,Politik|Aus_den_Nachrichten|Partei_in_Deutschland,2016-10-08T08:01:49Z,6275ee07d0785a2da491fbb224064f23,0:=Weil 1:=es 2:=viele 3:=Rechts-extreme 4:=Politker 5:=in 6:=der 7:=AfD 8:=gibt.,2,"[[0, 1, 2, 4, 5, 7, 8], [3]]",1,1
42231,sklave,Dieser Mensch gehört einem anderen Mensch.,1_short,Ohne_Kategorie,2013-11-26T08:07:47Z,6275ee07d0785a2da491fbb224064f23,0:=Dieser 1:=Mensch 2:=gehört 3:=einem 4:=anderen 5:=Mensch.,1,,0,0
12332,ehrenburger,Ehren-bürger kann man auch nach dem Tod werden.,4_long,Ohne_Kategorie|Seiten_mit_defekten_Dateilinks,2016-10-24T06:14:31Z,48f66906899cc4a9477b6c9e32ff4424,0:=Ehren-bürger 1:=kann 2:=man 3:=auch 4:=nach 5:=dem 6:=Tod 7:=werden.,1,,0,0
1991,anschlag-am-10-dezember-2016-in-istanbul,Am 10. Dezember 2016 hat es diese 2 Anschläge gegeben.,0_long,Aus_den_Nachrichten|Geschichte|Seiten_mit_defekten_Dateilinks,2016-12-15T07:06:25Z,af28a20dfb151690981ee13d72ce655c,0:=Am 1:=10. 2:=Dezember 3:=2016 4:=hat 5:=es 6:=diese 7:=2 8:=Anschläge 9:=gegeben.,2,"[[0, 1, 2, 3], [4, 5, 6, 7, 8, 9]]",1,1
12475,einfaches-leben,Sie beobachten sich selber bei ihrem Kauf-verhalten.,5_long,Ohne_Kategorie,2015-04-06T13:18:53Z,af28a20dfb151690981ee13d72ce655c,0:=Sie 1:=beobachten 2:=sich 3:=selber 4:=bei 5:=ihrem 6:=Kauf-verhalten.,1,,0,0
27235,krimkrise,Die Krim-krise ist eine Krise.,0_long,Politik|Geopolitik|Seiten_mit_defekten_Dateilinks,2015-08-02T10:35:14Z,af28a20dfb151690981ee13d72ce655c,0:=Die 1:=Krim-krise 2:=ist 3:=eine 4:=Krise.,1,,0,0
1031,aleppo,Aleppo ist die zweit-größte Stadt in Syrien.,1_short,Städte|Seiten_mit_defekten_Dateilinks,2016-09-26T14:57:00Z,7b5adf57ed2178795004f4c052333f37,0:=Aleppo 1:=ist 2:=die 3:=zweit-größte 4:=Stadt 5:=in 6:=Syrien.,2,"[[3, 4], [5, 6]]",1,1
9829,das-gespenst-von-canterville,Im Jahr 1887: Steht diese Geschichte in einer Londoner Zeitschrift.,2_short,Ohne_Kategorie|Seiten_mit_defekten_Dateilinks,2022-01-21T16:42:12Z,e800bebc9060331edfac65e663a55570,0:=Im 1:=Jahr 2:=1887: 3:=\newline 4:=Steht 5:=diese 6:=Geschichte 7:=in 8:=einer 9:=Londoner 10:=Zeitschrift.,3,"[[0, 1, 2], [4, 5, 6, 7, 10], [9, 10]]",1,2
1068,alexander-graham-bell,In seiner Freizeit forscht er.,16_long,Personen|Seiten_mit_defekten_Dateilinks,2022-03-03T19:51:00Z,28d34f2e053dee2c0e9399a7924cd978,0:=In 1:=seiner 2:=Freizeit 3:=forscht 4:=er.,1,,0,0
12105,ecall,Zum Beispiel: • der Autofahrer soll der Chef von seinen eCall Daten sein,32_long,Ohne_Kategorie,2014-12-31T12:07:06Z,28d34f2e053dee2c0e9399a7924cd978,0:=Zum 1:=Beispiel: 2:=• 3:=der 4:=Autofahrer 5:=soll 6:=der 7:=Chef 8:=von 9:=seinen 10:=eCall 11:=Daten 12:=sein,1,,0,0
1366,alternative-fur-deutschland,Die AfD gibt es seit dem 6. Februar.,3_long,Politik|Aus_den_Nachrichten|Partei_in_Deutschland,2016-10-08T08:01:49Z,6275ee07d0785a2da491fbb224064f23,0:=Die 1:=AfD 2:=gibt 3:=es 4:=seit 5:=dem 6:=6. 7:=Februar.,1,,0,0
12508,einkommen-aus-besitz,Das Haus gehört dir.,9_long,Geld,2021-10-30T11:15:40Z,4e761a928113c1f23dda0939b1022778,0:=Das 1:=Haus 2:=gehört 3:=dir.,1,,0,0
27262,kriterium,Mein Kriterium: Das Auto soll rot sein.,2_long,Ohne_Kategorie|Seiten_mit_defekten_Dateilinks,2017-08-29T13:47:33Z,8e384e35a2bd67eaeb964edc16d2f92c,0:=Mein 1:=Kriterium: 2:=Das 3:=Auto 4:=soll 5:=rot 6:=sein.,2,"[[0, 1], [3, 4, 5, 6]]",1,1
1697,anakonda,200 Kilogramm können 2 erwachsene Männer sein.,5_long,Tiere|Reptilien,2021-03-30T09:18:50Z,5fa944995d8c21065f2309550624baf9,0:=200 1:=Kilogramm 2:=können 3:=2 4:=erwachsene 5:=Männer 6:=sein.,1,,0,0
1877,animal-liberation-front,Zum Beispiel: • Die Gruppe befreit Tiere aus Versuchslaboren,8_long,Ohne_Kategorie,,,0:=Zum 1:=Beispiel: 2:=• 3:=Die 4:=Gruppe 5:=befreit 6:=Tiere 7:=aus 8:=Versuchslaboren,2,"[[4, 5], [7, 8]]",1,1
12165,echter-clownfisch,Der Clown-fisch beschützt dann die Anemone.,19_long,Tiere|Seiten_mit_defekten_Dateilinks,2021-05-15T15:50:47Z,7b5adf57ed2178795004f4c052333f37,0:=Der 1:=Clown-fisch 2:=beschützt 3:=dann 4:=die 5:=Anemone.,1,,0,0
12430,eiffelturm,Aber der Turm war auch praktisch.,11_long,Ort,2015-03-31T17:25:55Z,45975183761f50ed006efcbab4df0803,0:=Aber 1:=der 2:=Turm 3:=war 4:=auch 5:=praktisch.,1,,0,0
27203,kreisfreie-stadt,Oder ein Auto zulassen.,3_short,Ohne_Kategorie|Hurraki:Überarbeiten|Seiten_mit_defekten_Dateilinks,2016-03-10T09:53:45Z,12c8e777393d6f1673ab5f7a7cd789da,0:=Oder 1:=ein 2:=Auto 3:=zulassen.,1,,0,0
27072,krankenkasse,"Wer wenig Geld hat, muss weniger Mitglieds-beitrag zahlen.",3_long,Gesundheit|Recht_und_Gesetz|Seiten_mit_defekten_Dateilinks,2020-08-04T13:39:48Z,cfbe77d115cd524def4ccbe596a54842,"0:=Wer 1:=wenig 2:=Geld 3:=hat, 4:=muss 5:=weniger 6:=Mitglieds-beitrag 7:=zahlen.",2,"[[0, 1, 2, 3], [4, 5, 6, 7]]",1,1
1018,aleppo,In Aleppo gibt es auch Christ.,5_long,Städte|Seiten_mit_defekten_Dateilinks,2016-09-26T14:57:00Z,7b5adf57ed2178795004f4c052333f37,0:=In 1:=Aleppo 2:=gibt 3:=es 4:=auch 5:=Christ.,1,,0,0
2070,anschlag-in-ankara-2016,Es hat eine Explosion und viel Feuer gegeben.,4_long,Ohne_Kategorie|Aus_den_Nachrichten|Geschichte|Seiten_mit_defekten_Dateilinks,2016-02-21T09:24:48Z,af28a20dfb151690981ee13d72ce655c,0:=Es 1:=hat 2:=eine 3:=Explosion 4:=und 5:=viel 6:=Feuer 7:=gegeben.,2,"[[3], [5, 6]]",1,1
1850,angriff-in-las-vegas,Stephen Paddock wollte sehr viele Menschen töten.,16_long,Geschichte|Aus_den_Nachrichten|Hurraki:Überarbeiten|Seiten_mit_defekten_Dateilinks,2017-10-11T05:48:19Z,48f66906899cc4a9477b6c9e32ff4424,0:=Stephen 1:=Paddock 2:=wollte 3:=sehr 4:=viele 5:=Menschen 6:=töten.,1,,0,0
2114,anschlag-in-bangkok-im-august-2015,Die Bombe wurde in der Nähe von einer Einkaufs-straße gezündet.,6_short,Ohne_Kategorie|Geschichte|Seiten_mit_defekten_Dateilinks,2015-08-17T20:33:11Z,af28a20dfb151690981ee13d72ce655c,0:=Die 1:=Bombe 2:=wurde 3:=in 4:=der 5:=Nähe 6:=von 7:=einer 8:=Einkaufs-straße 9:=gezündet.,2,"[[1], [3, 5, 6, 8]]",1,1
27002,korruption,Er hat die Menschen die Geld gespendet haben betrogen.,7_long,Politik|Recht_und_Gesetz,2008-10-10T21:54:55Z,e3afed0047b08059d0fada10f400c1e5,0:=Er 1:=hat 2:=die 3:=Menschen 4:=die 5:=Geld 6:=gespendet 7:=haben 8:=betrogen.,2,"[[0, 1, 8], [4, 5, 6, 7]]",1,1
27267,kryptomnesie,Die Person denkt das diese Informartion oder die Idee von ihr sind.,1_short,Gesundheit,2013-01-26T10:24:13Z,a9f29492ed8786de5125371472bcc003,0:=Die 1:=Person 2:=denkt 3:=das 4:=diese 5:=Informartion 6:=oder 7:=die 8:=Idee 9:=von 10:=ihr 11:=sind.,3,"[[1, 2], [3, 5, 9, 10, 11], [3, 8, 9, 10, 11]]",1,2
1690,an-12-unfall-in-juba,"Niemand weiß genau, warum das Flugzeug abgestürzt ist.",6_short,Ohne_Kategorie|Hurraki:Überarbeiten|Aus_den_Nachrichten|Seiten_mit_defekten_Dateilinks,2015-11-07T08:34:15Z,48f66906899cc4a9477b6c9e32ff4424,"0:=Niemand 1:=weiß 2:=genau, 3:=warum 4:=das 5:=Flugzeug 6:=abgestürzt 7:=ist.",2,"[[0, 1, 2], [3, 5, 6, 7]]",1,1
2011,anschlag-am-12-januar-2016-in-istanbul,"Das heißt, Informationen weiter zu geben ist verboten.",9_long,Ohne_Kategorie|Aus_den_Nachrichten|Geschichte|Seiten_mit_defekten_Dateilinks,2016-01-12T19:45:16Z,af28a20dfb151690981ee13d72ce655c,"0:=Das 1:=heißt, 2:= 3:=\newline 4:=Informationen 5:=weiter 6:=zu 7:=geben 8:=ist 9:=verboten.",2,"[[4, 5, 6, 7], [8, 9]]",1,1
12483,einfuhlungsvermogen,Mit dem Herzen von Anderen zu fühlen.,2_long,Ohne_Kategorie|Seiten_mit_defekten_Dateilinks|Hurraki:Überarbeiten,2022-01-07T12:36:11Z,e800bebc9060331edfac65e663a55570,0:=Mit 1:=dem 2:=Herzen 3:=von 4:=Anderen 5:=zu 6:=fühlen.,1,,0,0
2089,anschlag-in-ankara-2016,Die Täter sind dabei selbst gestorben.,6_short,Ohne_Kategorie|Aus_den_Nachrichten|Geschichte|Seiten_mit_defekten_Dateilinks,2016-02-21T09:24:48Z,af28a20dfb151690981ee13d72ce655c,0:=Die 1:=Täter 2:=sind 3:=dabei 4:=selbst 5:=gestorben.,1,,0,0
1739,analphabet,Eine Person die nicht richtig lesen und schreiben kann.,1_short,Ohne_Kategorie|Seiten_mit_defekten_Dateilinks,2015-09-08T10:46:12Z,cfbe77d115cd524def4ccbe596a54842,0:=Eine 1:=Person 2:=die 3:=nicht 4:=richtig 5:=lesen 6:=und 7:=schreiben 8:=kann.,2,"[[5], [7]]",1,1
9878,datenschutz-grundverordnung,Oder wie man mit Telefon-nummern umgehen muss.,18_long,Recht_und_Gesetz,2018-06-04T15:22:46Z,48f66906899cc4a9477b6c9e32ff4424,0:=Oder 1:=wie 2:=man 3:=mit 4:=Telefon-nummern 5:=umgehen 6:=muss.,1,,0,0
27312,kulturbeutel,Damit man diese Sachen leichter mitnehmen kann.,1_long,Ohne_Kategorie,2014-05-22T19:23:36Z,eaab3232dd7a824a6a774fd2f2814e47,0:=Damit 1:=man 2:=diese 3:=Sachen 4:=leichter 5:=mitnehmen 6:=kann.,1,,0,0
2026,anschlag-auf-charlie-hebdo,2 Männer haben mit Waffen auf andere Menschen geschossen.,1_short,Politik|Attentat,2015-01-08T12:46:55Z,af28a20dfb151690981ee13d72ce655c,0:=2 1:=Männer 2:=haben 3:=mit 4:=Waffen 5:=auf 6:=andere 7:=Menschen 8:=geschossen.,3,"[[0, 1], [3, 4], [5, 6, 7]]",1,2
42037,singles-day,Sie wollen beim feiern neue Leute kennen-lernen.,3_short,Gedenktage_und_Aktionstage|Seiten_mit_defekten_Dateilinks,2017-11-19T11:29:31Z,48f66906899cc4a9477b6c9e32ff4424,0:=Sie 1:=wollen 2:=beim 3:=feiern 4:=neue 5:=Leute 6:=kennen-lernen.,1,,0,0
12141,echelon,Diesen Trick benutzten die Geheimdienste auch bei anderen Abhörtechniken.,22_long,Ohne_Kategorie,2013-06-28T07:05:37Z,6275ee07d0785a2da491fbb224064f23,0:=Diesen 1:=Trick 2:=benutzten 3:=die 4:=Geheimdienste 5:=auch 6:=bei 7:=anderen 8:=Abhörtechniken.,1,,0,0
1861,angriff-in-las-vegas,In den USA ist es sehr leicht eine Waffe zu kaufen.,27_long,Geschichte|Aus_den_Nachrichten|Hurraki:Überarbeiten|Seiten_mit_defekten_Dateilinks,2017-10-11T05:48:19Z,48f66906899cc4a9477b6c9e32ff4424,0:=In 1:=den 2:=USA 3:=ist 4:=es 5:=sehr 6:=leicht 7:=eine 8:=Waffe 9:=zu 10:=kaufen.,3,"[[0, 2], [3, 4, 5, 6], [8, 9, 10]]",1,2
10133,demeter,Zusammen mit Poseidon hat Demeter den Sohn Areion.,13_long,Seiten_mit_defekten_Dateilinks|Ohne_Kategorie,2022-01-29T14:24:42Z,e800bebc9060331edfac65e663a55570,0:=Zusammen 1:=mit 2:=Poseidon 3:=hat 4:=Demeter 5:=den 6:=Sohn 7:=Areion.,3,"[[0, 1, 2], [3, 4, 6], [6, 7]]",1,2
1999,anschlag-am-10-dezember-2016-in-istanbul,Die Täter sind dabei selbst gestorben.,7_short,Aus_den_Nachrichten|Geschichte|Seiten_mit_defekten_Dateilinks,2016-12-15T07:06:25Z,af28a20dfb151690981ee13d72ce655c,0:=Die 1:=Täter 2:=sind 3:=dabei 4:=selbst 5:=gestorben.,1,,0,0
1437,altestenrat,Und er unterstützt den Bundestagspräsidenten bei seiner Arbeit.,6_long,Recht_und_Gesetz|Politik|Seiten_mit_defekten_Dateilinks,2015-05-17T14:32:45Z,af28a20dfb151690981ee13d72ce655c,0:=Und 1:=er 2:=unterstützt 3:=den 4:=Bundestagspräsidenten 5:=bei 6:=seiner 7:=Arbeit.,2,"[[1, 2, 4], [5, 6, 7]]",1,1
12202,edward-snowden,Danach hat er als Computer Techniker für Geheimdienste gearbeitet.,4_long,Personen,2013-07-05T06:23:04Z,6275ee07d0785a2da491fbb224064f23,0:=Danach 1:=hat 2:=er 3:=als 4:=Computer 5:=Techniker 6:=für 7:=Geheimdienste 8:=gearbeitet.,2,"[[4, 5], [6, 7]]",1,1
1808,angela-merkel,Angela Merkel ist eine Politikerin.,0_short,Personen|Politik|Hurraki:Überarbeiten,2008-02-02T10:48:33Z,e3afed0047b08059d0fada10f400c1e5,0:=Angela 1:=Merkel 2:=ist 3:=eine 4:=Politikerin.,1,,0,0
27113,krankenversicherungskarte,Auf dieser Karte können mehr Daten gespeichert werden.,13_long,Ohne_Kategorie,2014-06-26T07:56:07Z,cfbe77d115cd524def4ccbe596a54842,0:=Auf 1:=dieser 2:=Karte 3:=können 4:=mehr 5:=Daten 6:=gespeichert 7:=werden.,2,"[[0, 2], [3, 4, 5, 6, 7]]",1,1
1336,alte-welt,Jetzt wissen die Menschen das es 4 Erd-teile gibt.,4_long,Länder|Seiten_mit_defekten_Dateilinks,2019-07-23T04:59:35Z,48f66906899cc4a9477b6c9e32ff4424,0:=Jetzt 1:=wissen 2:=die 3:=Menschen 4:=das 5:=es 6:=4 7:=Erd-teile 8:=gibt.,2,"[[0, 1, 3], [4, 5, 6, 7, 8]]",1,1
42125,sitzfuball,Der Torwart darf knien.,4_long,Sport,2008-05-06T08:00:41Z,ba4bddd086162b3f83a1be81c78c36e0,0:=Der 1:=Torwart 2:=darf 3:=knien.,1,,0,0
12521,einkommen,Marco hat mit seiner Arbeit ein Ein-kommen.,3_long,Geld,2021-10-27T16:11:52Z,4e761a928113c1f23dda0939b1022778,0:=Marco 1:=hat 2:=mit 3:=seiner 4:=Arbeit 5:=ein 6:=Ein-kommen.,2,"[[0, 1, 6], [2, 3, 4]]",1,1
42427,sockenhalter,Socken-halter gibt es für Frauen.,0_long,Kleider|Seiten_mit_defekten_Dateilinks,2017-01-21T07:54:59Z,48f66906899cc4a9477b6c9e32ff4424,0:=Socken-halter 1:=gibt 2:=es 3:=für 4:=Frauen.,1,,0,0
27350,kultusminister,Der Chef vom Kultusminister ist der Ministerpräsident.,1_long,Politik,2009-11-27T17:58:10Z,1165823e29d5567f66ef3bbbcbfabcad,0:=Der 1:=Chef 2:=vom 3:=Kultusminister 4:=ist 5:=der 6:=Ministerpräsident.,1,,0,0
27329,kultur,Für verschiedene Menschen hat es verschiedene Bedeutungen.,5_long,Ohne_Kategorie|Seiten_mit_defekten_Dateilinks,2016-03-14T11:57:06Z,48f66906899cc4a9477b6c9e32ff4424,0:=Für 1:=verschiedene 2:=Menschen 3:=hat 4:=es 5:=verschiedene 6:=Bedeutungen.,1,,0,0
1231,allerheiligen,Also Heilige die nur Gott kennt.,15_long,Religion|Seiten_mit_defekten_Dateilinks,2015-11-01T12:22:09Z,7b5adf57ed2178795004f4c052333f37,0:=Also 1:=Heilige 2:=die 3:=nur 4:=Gott 5:=kennt.,2,"[[1], [2, 3, 4, 5]]",1,1
10131,demeter,Zusammen mit Iasion hat Demeter einen Sohn.,11_long,Seiten_mit_defekten_Dateilinks|Ohne_Kategorie,2022-01-29T14:24:42Z,e800bebc9060331edfac65e663a55570,0:=Zusammen 1:=mit 2:=Iasion 3:=hat 4:=Demeter 5:=einen 6:=Sohn.,2,"[[0, 1, 2], [3, 4, 6]]",1,1
26988,korruption-in-der-fifa,Die FIFA soll sehr viel Geld genommen haben.,11_long,Sport|Recht_und_Gesetz|Seiten_mit_defekten_Dateilinks,2015-05-28T14:24:34Z,af28a20dfb151690981ee13d72ce655c,0:=Die 1:=FIFA 2:=soll 3:=sehr 4:=viel 5:=Geld 6:=genommen 7:=haben.,1,,0,0
26929,korea-konflikt,Und früher hat die Sowjetunion auch Nord-korea unterstützt.,16_long,Geopolitik|Politik|Aus_den_Nachrichten,2018-02-18T07:36:44Z,48f66906899cc4a9477b6c9e32ff4424,0:=Und 1:=früher 2:=hat 3:=die 4:=Sowjetunion 5:=auch 6:=Nord-korea 7:=unterstützt.,2,"[[1], [2, 4, 5, 6, 7]]",1,1
1356,altenburg,Das Rathaus ist 455 Jahre alt.,12_long,Städte,2019-03-20T11:00:48Z,ffaa744a207eb843b7f383adcf5da422,0:=Das 1:=Rathaus 2:=ist 3:=455 4:=Jahre 5:=alt.,1,,0,0
1132,alkoholkrankheit,Das heißt: Man kann nicht aufhören mit Alkohol-trinken.,3_long,Ohne_Kategorie|Seiten_mit_defekten_Dateilinks,2023-03-06T15:49:02Z,017ecada082ed42bbfc77d89d4b14406,0:=Das 1:=heißt: 2:= 3:=\newline 4:=Man 5:=kann 6:=nicht 7:=aufhören 8:=mit 9:=Alkohol-trinken.,1,,0,0
12425,eiffelturm,Im Jahr 1889 waren sie fertig.,6_long,Ort,2015-03-31T17:25:55Z,45975183761f50ed006efcbab4df0803,0:=Im 1:=Jahr 2:=1889 3:=waren 4:=sie 5:=fertig.,1,,0,0
10022,deckname,Ein Deck-name ist ein falscher Name.,0_short,Ohne_Kategorie|Seiten_mit_defekten_Dateilinks,2016-01-19T20:23:11Z,48f66906899cc4a9477b6c9e32ff4424,0:=Ein 1:=Deck-name 2:=ist 3:=ein 4:=falscher 5:=Name.,2,"[[1, 2], [4]]",1,1
27026,kosewort,Ein Kosewort ist ein Kurz-wort für einen Namen.,0_short,Sprache,2014-02-25T10:11:04Z,eaab3232dd7a824a6a774fd2f2814e47,0:=Ein 1:=Kosewort 2:=ist 3:=ein 4:=Kurz-wort 5:=für 6:=einen 7:=Namen.,2,"[[1, 2, 4], [5, 7]]",1,1
1849,angriff-in-las-vegas,"Er wollte beobachten, ob jemand zu seinem Hotel-zimmer kommt.",15_long,Geschichte|Aus_den_Nachrichten|Hurraki:Überarbeiten|Seiten_mit_defekten_Dateilinks,2017-10-11T05:48:19Z,48f66906899cc4a9477b6c9e32ff4424,"0:=Er 1:=wollte 2:=beobachten, 3:=ob 4:=jemand 5:=zu 6:=seinem 7:=Hotel-zimmer 8:=kommt.",3,"[[0, 1, 2], [3, 4, 8], [5, 6, 7]]",1,2
12410,eifersucht,Er will sich das nicht gefallen lassen.,14_long,Ohne_Kategorie|Seiten_mit_defekten_Dateilinks,2022-01-03T17:00:58Z,e800bebc9060331edfac65e663a55570,0:=Er 1:=will 2:=sich 3:=das 4:=nicht 5:=gefallen 6:=lassen.,1,,0,0
10153,demilitarisierung,Als Demilitarisierung bezeichnet man die Beseitung einer Armee.,0_short,Ohne_Kategorie|Seiten_mit_defekten_Dateilinks,2016-01-20T18:01:41Z,950c751fae083d40469b6d3261a74515,0:=Als 1:=Demilitarisierung 2:=bezeichnet 3:=man 4:=die 5:=Beseitung 6:=einer 7:=Armee.,1,,0,0
26872,kopfgeld,Oder eine Person die aus dem Gefängnis aus-gebrochen ist.,4_short,Recht_und_Gesetz|Seiten_mit_defekten_Dateilinks,2021-09-09T06:31:21Z,48f66906899cc4a9477b6c9e32ff4424,0:=Oder 1:=eine 2:=Person 3:=die 4:=aus 5:=dem 6:=Gefängnis 7:=aus-gebrochen 8:=ist.,2,"[[2, 7], [4, 6]]",1,1
9664,currywurst,Die Curry-wurst ist eine Brat-wurst.,1_long,Essen_und_Trinken,2019-05-23T21:15:19Z,cb1e31ab104c40efee60452f9427ce6d,0:=Die 1:=Curry-wurst 2:=ist 3:=eine 4:=Brat-wurst.,1,,0,0
12275,ehegattensplitting,In Deutschland gibt es verschiedene Regeln für die Steuer.,0_short,Seiten_mit_defekten_Dateilinks|Ohne_Kategorie,2014-07-17T09:07:41Z,cfbe77d115cd524def4ccbe596a54842,0:=In 1:=Deutschland 2:=gibt 3:=es 4:=verschiedene 5:=Regeln 6:=für 7:=die 8:=Steuer.,1,,0,0
27343,kultur,Kultur ist alles was von Menschen gemacht worden ist.,0_short,Ohne_Kategorie|Seiten_mit_defekten_Dateilinks,2016-03-14T11:57:06Z,48f66906899cc4a9477b6c9e32ff4424,0:=Kultur 1:=ist 2:=alles 3:=was 4:=von 5:=Menschen 6:=gemacht 7:=worden 8:=ist.,2,"[[0, 1, 2], [3, 4, 5, 6, 7, 8]]",1,1
42195,skirtini,Ein Skirtini besteht aus 2 Teilen.,0_long,Kleider,2014-08-03T09:42:21Z,28d34f2e053dee2c0e9399a7924cd978,0:=Ein 1:=Skirtini 2:=besteht 3:=aus 4:=2 5:=Teilen.,1,,0,0
2147,anschlag-in-charlottesville,Der Anschlag in Charlottesville ist im August 2017 passiert.,0_short,Aus_den_Nachrichten|Hurraki:Überarbeiten|Seiten_mit_defekten_Dateilinks,2017-08-20T04:11:19Z,48f66906899cc4a9477b6c9e32ff4424,0:=Der 1:=Anschlag 2:=in 3:=Charlottesville 4:=ist 5:=im 6:=August 7:=2017 8:=passiert.,2,"[[2, 3], [5, 6, 7]]",1,1
42324,smartphone,Der Touchscreen reagiert sofort wenn man drauf drückt.,8_long,Computer|Internet,2012-08-24T08:57:32Z,72fb5f8156adf1b638fc9bd1fa6cdbcf,0:=Der 1:=Touchscreen 2:=reagiert 3:=sofort 4:=wenn 5:=man 6:=drauf 7:=drückt.,2,"[[1, 2, 3], [4, 5, 6, 7]]",1,1
27028,kosmopolitismus,"Das heißt, wie man die Welt sieht.",1_long,Ohne_Kategorie|Seiten_mit_defekten_Dateilinks,2019-06-16T07:49:02Z,48f66906899cc4a9477b6c9e32ff4424,"0:=Das 1:=heißt, 2:=\newline 3:=wie 4:=man 5:=die 6:=Welt 7:=sieht.",1,,0,0
1979,anschlag-am-1-januar-2017-istanbul,Im Jahr 2016 hat es 20 Anschläge gegeben.,18_long,Aus_den_Nachrichten|Geschichte|Seiten_mit_defekten_Dateilinks,2017-01-03T08:02:25Z,48f66906899cc4a9477b6c9e32ff4424,0:=Im 1:=Jahr 2:=2016 3:=hat 4:=es 5:=20 6:=Anschläge 7:=gegeben.,2,"[[0, 1, 2], [3, 4, 5, 6, 7]]",1,1
1881,animal-liberation-front,• Die Gruppe hat eine Wurstfabrik angezündet.,12_long,Ohne_Kategorie,,,0:= 1:=• 2:=Die 3:=Gruppe 4:=hat 5:=eine 6:=Wurstfabrik 7:=angezündet.,1,,0,0
12429,eiffelturm,Der Turm soll nach 20 Jahren wieder abgebaut werden.,10_long,Ort,2015-03-31T17:25:55Z,45975183761f50ed006efcbab4df0803,0:=Der 1:=Turm 2:=soll 3:=nach 4:=20 5:=Jahren 6:=wieder 7:=abgebaut 8:=werden.,2,"[[1, 2, 6, 7, 8], [3, 4, 5]]",1,1
26925,korea-konflikt,Viele Politiker wollen das es Sanktionen gegen Nord-korea gibt.,12_long,Geopolitik|Politik|Aus_den_Nachrichten,2018-02-18T07:36:44Z,48f66906899cc4a9477b6c9e32ff4424,0:=Viele 1:=Politiker 2:=wollen 3:=das 4:=es 5:=Sanktionen 6:=gegen 7:=Nord-korea 8:=gibt.,3,"[[0, 1, 2], [3, 4, 5, 8], [5, 6, 7]]",1,2
9964,david-bowie,David Bowie hat auch in Filmen mit gemacht.,17_long,Musik|Personen,2016-01-11T18:42:10Z,28d34f2e053dee2c0e9399a7924cd978,0:=David 1:=Bowie 2:=hat 3:=auch 4:=in 5:=Filmen 6:=mit 7:=gemacht.,1,,0,0
9852,dashcam,Das hießt: der Film wird auf einer Speicherkarte gespeichert.,4_long,Verkehr|Technik,2013-10-19T09:34:11Z,eaab3232dd7a824a6a774fd2f2814e47,0:=Das 1:=hießt: 2:=\newline 3:=der 4:=Film 5:=wird 6:=auf 7:=einer 8:=Speicherkarte 9:=gespeichert.,2,"[[4, 5, 9], [6, 8]]",1,1
12489,eingewohnungszeit,Eltern und Erzieher machen zusammen einen Plan für die Eingewöhnung.,1_short,Ohne_Kategorie|Seiten_mit_defekten_Dateilinks,2023-03-06T12:53:09Z,022a27447b80860fa0ec84e918eedf36,0:=Eltern 1:=und 2:=Erzieher 3:=machen 4:=zusammen 5:=einen 6:=Plan 7:=für 8:=die 9:=Eingewöhnung.,4,"[[0, 3, 6], [2, 3, 6], [4], [6, 7, 9]]",1,3
26874,kopfsalat,Wahrscheinlich stammt der Kopf-salat vom Wilden Lattich ab.,1_long,Essen_und_Trinken|Natur,2022-01-12T15:29:05Z,e800bebc9060331edfac65e663a55570,0:=Wahrscheinlich 1:=stammt 2:=der 3:=Kopf-salat 4:=vom 5:=Wilden 6:=Lattich 7:=ab.,1,,0,0
12112,ecall,eCall ist der Name von einer bestimmten Technik.,0_short,Ohne_Kategorie,2014-12-31T12:07:06Z,28d34f2e053dee2c0e9399a7924cd978,0:=eCall 1:=ist 2:=der 3:=Name 4:=von 5:=einer 6:=bestimmten 7:=Technik.,1,,0,0
12286,ehe,Und es gibt Regeln von Religionen.,9_long,Recht_und_Gesetz,2019-01-14T08:43:52Z,48f66906899cc4a9477b6c9e32ff4424,0:=Und 1:=es 2:=gibt 3:=Regeln 4:=von 5:=Religionen.,1,,0,0
42020,simultanschach,Der einzelne Spieler geht zu jedem Schach-brett.,8_long,Sport,2019-01-22T10:34:08Z,48f66906899cc4a9477b6c9e32ff4424,0:=Der 1:=einzelne 2:=Spieler 3:=geht 4:=zu 5:=jedem 6:=Schach-brett.,1,,0,0
1025,aleppo,Im Jahr 1986 hat die UNESCO gesagt: Die Alt-stadt von Aleppo ist jetzt Welt-kultur-erbe.,12_long,Städte|Seiten_mit_defekten_Dateilinks,2016-09-26T14:57:00Z,7b5adf57ed2178795004f4c052333f37,0:=Im 1:=Jahr 2:=1986 3:=hat 4:=die 5:=UNESCO 6:=gesagt: 7:=\newline 8:=Die 9:=Alt-stadt 10:=von 11:=Aleppo 12:=ist 13:=jetzt 14:=Welt-kultur-erbe.,4,"[[0, 1, 2], [3, 5, 6], [9, 10, 11, 12, 14], [13]]",1,3
12386,eierwarmer,Das warme Ei macht man in einen Eier-wärmer.,4_long,Essen_und_Trinken,2019-04-04T09:58:35Z,48f66906899cc4a9477b6c9e32ff4424,0:=Das 1:=warme 2:=Ei 3:=macht 4:=man 5:=in 6:=einen 7:=Eier-wärmer.,1,,0,0
9730,dabbawala,Das Essen wird in Dosen ver-packt.,6_short,Seiten_mit_defekten_Dateilinks|Essen_und_Trinken|Beruf,2019-03-23T09:47:38Z,48f66906899cc4a9477b6c9e32ff4424,0:=Das 1:=Essen 2:=wird 3:=in 4:=Dosen 5:=ver-packt.,1,,0,0
9788,danemark,Das Klima in Dänemark ist oft kühl und feucht.,8_long,Ohne_Kategorie|Seiten_mit_defekten_Dateilinks,2023-04-04T08:35:33Z,f3d525674a904e48b4a41a13ef2a54a5,0:=Das 1:=Klima 2:=in 3:=Dänemark 4:=ist 5:=oft 6:=kühl 7:=und 8:=feucht.,2,"[[6], [8]]",1,1
42410,social-media,Zum Beispiel in einem sozialen Netzwerk Bilder zeigen.,4_long,Internet|Seiten_mit_defekten_Dateilinks,2017-04-06T06:33:10Z,48f66906899cc4a9477b6c9e32ff4424,0:=Zum 1:=Beispiel 2:=in 3:=einem 4:=sozialen 5:=Netzwerk 6:=Bilder 7:=zeigen.,2,"[[2, 4, 5], [6, 7]]",1,1
1471,altstadt,Eine Alt-stadt ist vor dem 20. Jahr-hundert gebaut.,7_long,Stadt,2019-05-13T09:38:11Z,48f66906899cc4a9477b6c9e32ff4424,0:=Eine 1:=Alt-stadt 2:=ist 3:=vor 4:=dem 5:=20. 6:=Jahr-hundert 7:=gebaut.,1,,0,0
9938,daumenkino,"Wenn man schnell durch blättert, sieht es so aus als ob ein Film ab-läuft.",2_short,Film_und_Kino|Technik,2014-03-01T15:38:30Z,eaab3232dd7a824a6a774fd2f2814e47,"0:=Wenn 1:=man 2:=schnell 3:=durch 4:=blättert, 5:=\newline 6:=sieht 7:=es 8:=so 9:=aus 10:=als 11:=ob 12:=ein 13:=Film 14:=ab-läuft.",4,"[[0, 1, 3, 4], [2, 3, 4], [6, 7, 8, 9], [10, 11, 13, 14]]",1,3
1703,anakonda,Sie liegt im Wasser und wartet da auf ihr Essen.,11_long,Tiere|Reptilien,2021-03-30T09:18:50Z,5fa944995d8c21065f2309550624baf9,0:=Sie 1:=liegt 2:=im 3:=Wasser 4:=und 5:=wartet 6:=da 7:=auf 8:=ihr 9:=Essen.,2,"[[1, 2, 3], [5, 6, 7, 8, 9]]",1,1
12414,eifersucht,Eifersucht kann in Gedanken und Gefühlen vorkommen.,0_short,Ohne_Kategorie|Seiten_mit_defekten_Dateilinks,2022-01-03T17:00:58Z,e800bebc9060331edfac65e663a55570,0:=Eifersucht 1:=kann 2:=in 3:=Gedanken 4:=und 5:=Gefühlen 6:=vorkommen.,2,"[[3], [5]]",1,1
1649,amtseid,Ein Amts-eid ist ein Eid.,0_long,Recht_und_Gesetz,2022-05-29T05:19:00Z,48f66906899cc4a9477b6c9e32ff4424,0:=Ein 1:=Amts-eid 2:=ist 3:=ein 4:=Eid.,1,,0,0
12572,eins,Eins (1) kann man als Zeichen schreiben.,8_short,Seiten_mit_defekten_Dateilinks|Ohne_Kategorie,2018-11-19T09:26:30Z,48f66906899cc4a9477b6c9e32ff4424,0:=Eins 1:=(1) 2:=kann 3:=man 4:=als 5:=Zeichen 6:=schreiben.,1,,0,0
1272,allerheiligen,Allerheiligen ist ein Feier-tag.,0_short,Religion|Seiten_mit_defekten_Dateilinks,2015-11-01T12:22:09Z,7b5adf57ed2178795004f4c052333f37,0:=Allerheiligen 1:=ist 2:=ein 3:=Feier-tag.,1,,0,0
1699,anakonda,Eine große Anakonda isst Kaimane oder Raub-katzen.,7_long,Tiere|Reptilien,2021-03-30T09:18:50Z,5fa944995d8c21065f2309550624baf9,0:=Eine 1:=große 2:=Anakonda 3:=isst 4:=Kaimane 5:=oder 6:=Raub-katzen.,2,"[[4], [6]]",1,1
12225,egypt-air-flug-181,Er kommt aus dem Land Ägypten.,1_long,Verkehr|Aus_den_Nachrichten|Seiten_mit_defekten_Dateilinks,2016-03-30T16:42:16Z,48f66906899cc4a9477b6c9e32ff4424,0:=Er 1:=kommt 2:=aus 3:=dem 4:=Land 5:=Ägypten.,1,,0,0
12560,eins,In Deutschland bedeutet Eins (1) dass man etwas sehr gut gemacht hat.,4_long,Seiten_mit_defekten_Dateilinks|Ohne_Kategorie,2018-11-19T09:26:30Z,48f66906899cc4a9477b6c9e32ff4424,0:=In 1:=Deutschland 2:=bedeutet 3:=Eins 4:=(1) 5:=dass 6:=man 7:=etwas 8:=sehr 9:=gut 10:=gemacht 11:=hat.,4,"[[0, 1], [2, 3], [2, 4], [5, 6, 7, 8, 10, 11]]",1,3
1688,an-12-unfall-in-juba,Das heißt: das Flugzeug ist auf den Boden ge-stürzt.,4_short,Ohne_Kategorie|Hurraki:Überarbeiten|Aus_den_Nachrichten|Seiten_mit_defekten_Dateilinks,2015-11-07T08:34:15Z,48f66906899cc4a9477b6c9e32ff4424,0:=Das 1:=heißt: 2:=das 3:=Flugzeug 4:=ist 5:=auf 6:=den 7:=Boden 8:=ge-stürzt.,1,,0,0
42104,sitelen-pona,Die meisten Sitelen Pona-zeichen kann man sich gut merken.,8_long,Sprache|Seiten_mit_defekten_Dateilinks,2022-02-08T06:59:29Z,48f66906899cc4a9477b6c9e32ff4424,0:=Die 1:=meisten 2:=Sitelen 3:=Pona-zeichen 4:=kann 5:=man 6:=sich 7:=gut 8:=merken.,1,,0,0
9867,datenschutz-grundverordnung,Am 21. Oktober 2013 hat das Europäische Parlament ab-gestimmt.,7_long,Recht_und_Gesetz,2018-06-04T15:22:46Z,48f66906899cc4a9477b6c9e32ff4424,0:=Am 1:=21. 2:=Oktober 3:=2013 4:=hat 5:=das 6:=Europäische 7:=Parlament 8:=ab-gestimmt.,2,"[[0, 1, 2, 3], [4, 6, 7, 8]]",1,1
1312,allgemeines-gleichbehandlungsgesetz,Zum Beispiel müssen Frauen und Männer gleich behandelt werden.,8_long,Politik|Recht_und_Gesetz|Seiten_mit_defekten_Dateilinks,2008-02-02T09:59:38Z,e3afed0047b08059d0fada10f400c1e5,0:=Zum 1:=Beispiel 2:=müssen 3:=Frauen 4:=und 5:=Männer 6:=gleich 7:=behandelt 8:=werden.,1,,0,0
42367,sneak-preview,Und weil Sneak Preview Filme erst später in die Kinos kommen.,14_long,Film_und_Kino|Seiten_mit_defekten_Dateilinks,2017-10-23T06:43:33Z,48f66906899cc4a9477b6c9e32ff4424,0:=Und 1:=weil 2:=Sneak 3:=Preview 4:=Filme 5:=erst 6:=später 7:=in 8:=die 9:=Kinos 10:=kommen.,1,,0,0
12227,egypt-air-flug-181,Und er hat alle Menschen im Flugzeug als Geiseln genommen.,3_long,Verkehr|Aus_den_Nachrichten|Seiten_mit_defekten_Dateilinks,2016-03-30T16:42:16Z,48f66906899cc4a9477b6c9e32ff4424,0:=Und 1:=er 2:=hat 3:=alle 4:=Menschen 5:=im 6:=Flugzeug 7:=als 8:=Geiseln 9:=genommen.,2,"[[1, 2, 3, 7, 8, 9], [5, 6]]",1,1
27158,krass,Michael findet den Horrorfilm besonders.,3_long,Ohne_Kategorie,2011-12-02T12:05:23Z,a9f29492ed8786de5125371472bcc003,0:=Michael 1:=findet 2:=den 3:=Horrorfilm 4:=besonders.,1,,0,0
42264,slamball,Die Trampoline sind dazu da: dass die Spieler höher springen können.,0_long,Sport,2014-08-26T12:02:12Z,eaab3232dd7a824a6a774fd2f2814e47,0:=Die 1:=Trampoline 2:=sind 3:=dazu 4:=da: 5:=dass 6:=die 7:=Spieler 8:=höher 9:=springen 10:=können.,2,"[[1, 2, 3, 5], [5, 7, 8, 9, 10]]",1,1
12091,ecall,Für eCall gibt es ein Gesetz.,18_long,Ohne_Kategorie,2014-12-31T12:07:06Z,28d34f2e053dee2c0e9399a7924cd978,0:=Für 1:=eCall 2:=gibt 3:=es 4:=ein 5:=Gesetz.,1,,0,0
10062,dekollete,Ein Dekolleté kann erotisch sein.,0_long,Kleider|Sexualität,2015-03-31T08:46:42Z,eaab3232dd7a824a6a774fd2f2814e47,0:=Ein 1:=Dekolleté 2:=kann 3:=erotisch 4:=sein.,1,,0,0
27295,kugelgrill,Ein Kugelgrill hat eine Runde Form.,1_long,Essen_und_Trinken|Technik,2013-12-15T10:24:22Z,eaab3232dd7a824a6a774fd2f2814e47,0:=Ein 1:=Kugelgrill 2:=hat 3:=eine 4:=Runde 5:=Form.,1,,0,0
42496,soldner,Sie arbeiten nicht bei einer Streit-kraft.,4_long,Beruf|Seiten_mit_defekten_Dateilinks,2023-07-13T06:01:47Z,48f66906899cc4a9477b6c9e32ff4424,0:=Sie 1:=arbeiten 2:=nicht 3:=bei 4:=einer 5:=Streit-kraft.,1,,0,0
12229,egypt-air-flug-181,Er hat 64 Menschen als Geiseln im Flugzeug gefangen gehalten.,5_long,Verkehr|Aus_den_Nachrichten|Seiten_mit_defekten_Dateilinks,2016-03-30T16:42:16Z,48f66906899cc4a9477b6c9e32ff4424,0:=Er 1:=hat 2:=64 3:=Menschen 4:=als 5:=Geiseln 6:=im 7:=Flugzeug 8:=gefangen 9:=gehalten.,3,"[[0, 1, 2, 3, 8, 9], [4, 5], [6, 7]]",1,2
26911,koran,Der Islam ist eine Religion.,2_short,Religion|Seiten_mit_defekten_Dateilinks,2023-03-06T12:37:08Z,022a27447b80860fa0ec84e918eedf36,0:=Der 1:=Islam 2:=ist 3:=eine 4:=Religion.,1,,0,0
12128,echelon,"Zum Beispiel gab es in in Bad Aibling, Bayern diese Abhörtechnik.",9_long,Ohne_Kategorie,2013-06-28T07:05:37Z,6275ee07d0785a2da491fbb224064f23,"0:=Zum 1:=Beispiel 2:=gab 3:=es 4:=in 5:=in 6:=Bad 7:=Aibling, 8:=Bayern 9:=diese 10:=Abhörtechnik.",2,"[[6, 7], [8]]",1,1
12222,egalitarismus,"Zum Beispiel, dass jeder Mensch die gleichen Chancen hat.",1_short,Haltung|Politische_Idee|Seiten_mit_defekten_Dateilinks,2022-09-22T12:10:23Z,48f66906899cc4a9477b6c9e32ff4424,"0:=Zum 1:=Beispiel, 2:=dass 3:=jeder 4:=Mensch 5:=die 6:=gleichen 7:=Chancen 8:=hat.",1,,0,0
42165,sixtinische-kapelle,Die Sixtinische Kapelle ist eine kleine Kirche.,0_short,Ort|Seiten_mit_defekten_Dateilinks,2013-03-12T07:06:15Z,7b5adf57ed2178795004f4c052333f37,0:=Die 1:=Sixtinische 2:=Kapelle 3:=ist 4:=eine 5:=kleine 6:=Kirche.,2,"[[1, 2, 3], [5]]",1,1
27118,krankenversicherungskarte,In Österreich heißt die Karte: e-card,4_short,Ohne_Kategorie,2014-06-26T07:56:07Z,cfbe77d115cd524def4ccbe596a54842,0:=In 1:=Österreich 2:=heißt 3:=die 4:=Karte: 5:=e-card,1,,0,0
2110,anschlag-in-bangkok-im-august-2015,"Das ist passiert, weil jemand eine Bombe gezündet hat.",2_short,Ohne_Kategorie|Geschichte|Seiten_mit_defekten_Dateilinks,2015-08-17T20:33:11Z,af28a20dfb151690981ee13d72ce655c,"0:=Das 1:=ist 2:=passiert, 3:= 4:=\newline 5:=weil 6:=jemand 7:=eine 8:=Bombe 9:=gezündet 10:=hat.",2,"[[0, 1, 2], [5, 6, 8, 9, 10]]",1,1
42461,sodbrennen,Aber manchmal kommt die Säure doch raus.,10_long,Gesundheit,2009-07-13T17:40:11Z,4a7c0bf975893985e2e36604fef9654f,0:=Aber 1:=manchmal 2:=kommt 3:=die 4:=Säure 5:=doch 6:=raus.,1,,0,0
12095,ecall,Er hat kein Handy dabei.,22_long,Ohne_Kategorie,2014-12-31T12:07:06Z,28d34f2e053dee2c0e9399a7924cd978,0:=Er 1:=hat 2:=kein 3:=Handy 4:=dabei.,1,,0,0
42205,sklave,Die Gefangenen wurden zu Sklaven gemacht.,4_long,Ohne_Kategorie,2013-11-26T08:07:47Z,6275ee07d0785a2da491fbb224064f23,0:=Die 1:=Gefangenen 2:=wurden 3:=zu 4:=Sklaven 5:=gemacht.,1,,0,0
1732,analphabet,Er kann ein bisschen lesen.,13_long,Ohne_Kategorie|Seiten_mit_defekten_Dateilinks,2015-09-08T10:46:12Z,cfbe77d115cd524def4ccbe596a54842,0:=Er 1:=kann 2:=ein 3:=bisschen 4:=lesen.,1,,0,0
10028,deep-learning,"Aus den Daten die man in das Übersetzungs-programm eingibt, lernt das Übersetzungs-programm neue Sachen.",3_short,Computer|Hurraki:Überarbeiten|Seiten_mit_defekten_Dateilinks,2016-11-27T18:31:11Z,48f66906899cc4a9477b6c9e32ff4424,"0:=Aus 1:=den 2:=Daten 3:=die 4:=man 5:=in 6:=das 7:=Übersetzungs-programm 8:=eingibt, 9:=\newline 10:=lernt 11:=das 12:=Übersetzungs-programm 13:=neue 14:=Sachen.",4,"[[0, 2], [3, 4, 8], [5, 7], [10, 12, 13, 14]]",1,3
9680,cyanogenmod,zum Beispiel: • weil die Handy-firma noch nicht die neuste Android Version für das eigene Handy gemacht hat,5_long,Computer,2013-11-27T06:06:48Z,28d34f2e053dee2c0e9399a7924cd978,0:=zum 1:=Beispiel: 2:=• 3:=weil 4:=die 5:=Handy-firma 6:=noch 7:=nicht 8:=die 9:=neuste 10:=Android 11:=Version 12:=für 13:=das 14:=eigene 15:=Handy 16:=gemacht 17:=hat,3,"[[3, 5, 6, 7, 9, 10, 11, 16, 17], [9, 10, 11], [12, 14, 15]]",1,2
9685,cyanogenmod,CyanogenMod ist ein Betriebs-system für das Smart-phone.,0_short,Computer,2013-11-27T06:06:48Z,28d34f2e053dee2c0e9399a7924cd978,0:=CyanogenMod 1:=ist 2:=ein 3:=Betriebs-system 4:=für 5:=das 6:=Smart-phone.,2,"[[3], [4, 6]]",1,1
2095,anschlag-in-bangkok-im-august-2015,Viele glauben das es wegen politischer Meinungen gemacht worden ist.,3_long,Ohne_Kategorie|Geschichte|Seiten_mit_defekten_Dateilinks,2015-08-17T20:33:11Z,af28a20dfb151690981ee13d72ce655c,0:=Viele 1:=glauben 2:=das 3:=es 4:=wegen 5:=politischer 6:=Meinungen 7:=gemacht 8:=worden 9:=ist.,3,"[[0, 1], [2, 3, 4, 6, 7, 8, 9], [5, 6]]",1,2
27338,kultur,Jede Zeit hat verschiedene Kulturen.,14_long,Ohne_Kategorie|Seiten_mit_defekten_Dateilinks,2016-03-14T11:57:06Z,48f66906899cc4a9477b6c9e32ff4424,0:=Jede 1:=Zeit 2:=hat 3:=verschiedene 4:=Kulturen.,1,,0,0
1245,allerheiligen,Die Geschäfte sind zu.,29_long,Religion|Seiten_mit_defekten_Dateilinks,2015-11-01T12:22:09Z,7b5adf57ed2178795004f4c052333f37,0:=Die 1:=Geschäfte 2:=sind 3:=zu.,1,,0,0
27326,kultur,Das Wort Kultur kann eine Menschen-gruppe sein die etwas macht.,2_long,Ohne_Kategorie|Seiten_mit_defekten_Dateilinks,2016-03-14T11:57:06Z,48f66906899cc4a9477b6c9e32ff4424,0:=Das 1:=Wort 2:=Kultur 3:=kann 4:=eine 5:=Menschen-gruppe 6:=sein 7:=die 8:=etwas 9:=macht.,2,"[[1, 2, 3, 5, 6], [7, 8, 9]]",1,1
42358,sneak-preview,Sneak Preview Filme gibt es seit den 1930er Jahren.,5_long,Film_und_Kino|Seiten_mit_defekten_Dateilinks,2017-10-23T06:43:33Z,48f66906899cc4a9477b6c9e32ff4424,0:=Sneak 1:=Preview 2:=Filme 3:=gibt 4:=es 5:=seit 6:=den 7:=1930er 8:=Jahren.,1,,0,0
1187,alleinstehend,Das Wort alleinstehend bedeutet alleine.,0_short,Ohne_Kategorie|Seiten_mit_defekten_Dateilinks,2015-11-18T14:59:56Z,48f66906899cc4a9477b6c9e32ff4424,0:=Das 1:=Wort 2:=alleinstehend 3:=bedeutet 4:=alleine.,1,,0,0
1227,allerheiligen,"Mehr Heilige, als es Tage im Jahr gibt.",11_long,Religion|Seiten_mit_defekten_Dateilinks,2015-11-01T12:22:09Z,7b5adf57ed2178795004f4c052333f37,"0:=Mehr 1:=Heilige, 2:=\newline 3:=als 4:=es 5:=Tage 6:=im 7:=Jahr 8:=gibt.",1,,0,0
26884,kopfsalat,Aus Kopf-salat kann man einen Blatt-salat machen.,11_long,Essen_und_Trinken|Natur,2022-01-12T15:29:05Z,e800bebc9060331edfac65e663a55570,0:=Aus 1:=Kopf-salat 2:=kann 3:=man 4:=einen 5:=Blatt-salat 6:=machen.,1,,0,0
42078,sit-in,"Sie zeigen, dass sie Rassismus schlecht finden.",7_long,Politik,2018-05-01T06:26:34Z,48f66906899cc4a9477b6c9e32ff4424,"0:=Sie 1:=zeigen, 2:=dass 3:=sie 4:=Rassismus 5:=schlecht 6:=finden.",2,"[[0, 1], [2, 3, 4, 5, 6]]",1,1
2058,anschlag-in-ankara-2015,Die Menschen auf der Demo wollen das der Türkei-PKK-Konflikt aufhört.,8_long,Ohne_Kategorie|Geschichte|Seiten_mit_defekten_Dateilinks,2015-10-12T15:11:33Z,af28a20dfb151690981ee13d72ce655c,0:=Die 1:=Menschen 2:=auf 3:=der 4:=Demo 5:=wollen 6:=das 7:=der 8:=Türkei-PKK-Konflikt 9:=aufhört.,3,"[[1, 5], [1, 2, 4], [6, 8, 9]]",1,2
10160,demografie,• wie viele Menschen sind ausgewandert,6_long,Wissenschaft|Gesellschaft|Seiten_mit_defekten_Dateilinks,2021-02-01T07:51:47Z,10d328ecc07ab3b6c356d5ccb8a5c8d3,0:= 1:=• 2:=wie 3:=viele 4:=Menschen 5:=sind 6:=ausgewandert,1,,0,0
42034,singles-day,Der Singles' Day ist ein Aktionstag.,0_short,Gedenktage_und_Aktionstage|Seiten_mit_defekten_Dateilinks,2017-11-19T11:29:31Z,48f66906899cc4a9477b6c9e32ff4424,0:=Der 1:=Singles' 2:=Day 3:=ist 4:=ein 5:=Aktionstag.,1,,0,0
2017,anschlag-am-12-januar-2016-in-istanbul,Ein Mann hat sich auf einem Platz mit vielen Menschen in die Luft gesprengt.,3_short,Ohne_Kategorie|Aus_den_Nachrichten|Geschichte|Seiten_mit_defekten_Dateilinks,2016-01-12T19:45:16Z,af28a20dfb151690981ee13d72ce655c,0:=Ein 1:=Mann 2:=hat 3:=sich 4:=auf 5:=einem 6:=Platz 7:=mit 8:=vielen 9:=Menschen 10:=in 11:=die 12:=Luft 13:=gesprengt.,3,"[[10, 11, 12, 13], [4, 5, 6, 10, 11, 12, 13], [6, 7, 8, 9]]",1,2
1252,allerheiligen,In der Schweiz ist an Allerheiligen in manchen Kantonen Feier-tag.,36_long,Religion|Seiten_mit_defekten_Dateilinks,2015-11-01T12:22:09Z,7b5adf57ed2178795004f4c052333f37,0:=In 1:=der 2:=Schweiz 3:=ist 4:=an 5:=Allerheiligen 6:=in 7:=manchen 8:=Kantonen 9:=Feier-tag.,2,"[[0, 2], [6, 7, 8]]",1,1
9704,d-a-ch,"D-A-CH ist ein kurzes Wort für diese 3 Länder: Deutschland, Österreich, Schweiz",0_short,Geopolitik,2014-02-20T08:33:55Z,eaab3232dd7a824a6a774fd2f2814e47,"0:=D-A-CH 1:=ist 2:=ein 3:=kurzes 4:=Wort 5:=für 6:=diese 7:=3 8:=Länder: 9:=\newline 10:=Deutschland, 11:=Österreich, 12:=Schweiz",4,"[[6, 7, 8], [10], [11], [12]]",1,3
42209,sklave,Dort wurden sie zu Sklaven.,8_long,Ohne_Kategorie,2013-11-26T08:07:47Z,6275ee07d0785a2da491fbb224064f23,0:=Dort 1:=wurden 2:=sie 3:=zu 4:=Sklaven.,1,,0,0
42412,social-media,Das kann jeder machen.,6_long,Internet|Seiten_mit_defekten_Dateilinks,2017-04-06T06:33:10Z,48f66906899cc4a9477b6c9e32ff4424,0:=Das 1:=kann 2:=jeder 3:=machen.,1,,0,0
9893,datenschutz,Darum müssen Daten ge-schützt werden.,3_long,Recht_und_Gesetz|Seiten_mit_defekten_Dateilinks,2022-10-29T04:32:19Z,48f66906899cc4a9477b6c9e32ff4424,0:=Darum 1:=müssen 2:=Daten 3:=ge-schützt 4:=werden.,1,,0,0
1376,alternative-fur-deutschland,"Viele Politiker von anderen Parteien sind gegen die AfD. Weil die Partei Versprechen macht, die falsch sind.",13_long,Politik|Aus_den_Nachrichten|Partei_in_Deutschland,2016-10-08T08:01:49Z,6275ee07d0785a2da491fbb224064f23,"0:=Viele 1:=Politiker 2:=von 3:=anderen 4:=Parteien 5:=sind 6:=gegen 7:=die 8:=AfD. 9:=\newline 10:=Weil 11:=die 12:=Partei 13:=Versprechen 14:=macht, 15:=die 16:=falsch 17:=sind.",4,"[[0, 1, 5, 6, 8], [1, 2, 3, 4], [10, 12, 13, 14], [15, 16, 17]]",1,3
12525,einkommen,Ein-kommens-arten sind zum Beispiel: • Transfer-Ein-kommen,7_long,Geld,2021-10-27T16:11:52Z,4e761a928113c1f23dda0939b1022778,0:=Ein-kommens-arten 1:=sind 2:=zum 3:=Beispiel: 4:=• 5:=Transfer-Ein-kommen,1,,0,0
1944,anonymous-gruppe,Anonymous ist ein Internet-phänomen.,6_long,Internet|Computer,2015-02-25T20:52:12Z,58d6d1d5aca5e9e6ed470dcf6dafeb4e,0:=Anonymous 1:=ist 2:=ein 3:=Internet-phänomen.,1,,0,0
1343,alte-welt,Sie kennen aber keine anderen Teile der Erde.,4_short,Länder|Seiten_mit_defekten_Dateilinks,2019-07-23T04:59:35Z,48f66906899cc4a9477b6c9e32ff4424,0:=Sie 1:=kennen 2:=aber 3:=keine 4:=anderen 5:=Teile 6:=der 7:=Erde.,1,,0,0
12460,einfache-sprache,Einfache Sprache ist für viele Menschen wichtig.,2_long,Sprache|Hurraki|Leichte_Sprache,2015-01-01T19:58:21Z,be9da3e660311583f64df8d974bcb2fe,0:=Einfache 1:=Sprache 2:=ist 3:=für 4:=viele 5:=Menschen 6:=wichtig.,1,,0,0
42396,social-bot,Der Social Bot macht Werbung.,6_long,Internet|Seiten_mit_defekten_Dateilinks,2017-08-13T08:57:11Z,28d34f2e053dee2c0e9399a7924cd978,0:=Der 1:=Social 2:=Bot 3:=macht 4:=Werbung.,1,,0,0
42294,slogan,Slogans werden oft in der Werbung benutzt.,0_long,Sprache,2014-06-14T07:48:37Z,eaab3232dd7a824a6a774fd2f2814e47,0:=Slogans 1:=werden 2:=oft 3:=in 4:=der 5:=Werbung 6:=benutzt.,1,,0,0
27037,kosmopolitismus,Das Gegenteil von Kosmo-politis-mus ist Nationalis-mus.,10_long,Ohne_Kategorie|Seiten_mit_defekten_Dateilinks,2019-06-16T07:49:02Z,48f66906899cc4a9477b6c9e32ff4424,0:=Das 1:=Gegenteil 2:=von 3:=Kosmo-politis-mus 4:=ist 5:=Nationalis-mus.,1,,0,0
2042,anschlag-auf-den-bus-von-borussia-dortmund,Er wollte das die Aktien vom Fußball-verein Borussia Dortmund weniger Wert sind.,14_long,Aus_den_Nachrichten|Hurraki:Überarbeiten|Geschichte|Seiten_mit_defekten_Dateilinks,2017-04-15T05:42:54Z,48f66906899cc4a9477b6c9e32ff4424,0:=Er 1:=wollte 2:=das 3:=die 4:=Aktien 5:=vom 6:=Fußball-verein 7:=Borussia 8:=Dortmund 9:=weniger 10:=Wert 11:=sind.,3,"[[0, 1], [2, 4, 9, 10, 11], [4, 5, 6, 7, 8]]",1,2
27171,krawatte,Es gibt Krawatten in verschiedene Farben.,9_long,Kleider,2015-04-06T18:57:54Z,4189117576b2876ec34dc7db77b24cb6,0:=Es 1:=gibt 2:=Krawatten 3:=in 4:=verschiedene 5:=Farben.,1,,0,0
1237,allerheiligen,Am Tag nach Allerheiligen ist Allerseelen.,21_long,Religion|Seiten_mit_defekten_Dateilinks,2015-11-01T12:22:09Z,7b5adf57ed2178795004f4c052333f37,0:=Am 1:=Tag 2:=nach 3:=Allerheiligen 4:=ist 5:=Allerseelen.,1,,0,0
1073,alexander-graham-bell,Seit dem Jahr 1868 gibt Alexander Graham Bell Sprech-unterricht.,21_long,Personen|Seiten_mit_defekten_Dateilinks,2022-03-03T19:51:00Z,28d34f2e053dee2c0e9399a7924cd978,0:=Seit 1:=dem 2:=Jahr 3:=1868 4:=gibt 5:=Alexander 6:=Graham 7:=Bell 8:=Sprech-unterricht.,2,"[[0, 2, 3], [4, 5, 6, 7, 8]]",1,1
42296,slogan,Das Wort Slogan ist ein Substantiv.,2_long,Sprache,2014-06-14T07:48:37Z,eaab3232dd7a824a6a774fd2f2814e47,0:=Das 1:=Wort 2:=Slogan 3:=ist 4:=ein 5:=Substantiv.,1,,0,0
9869,datenschutz-grundverordnung,Am 24. Mai 2016 ist die DSGVO gültig geworden.,9_long,Recht_und_Gesetz,2018-06-04T15:22:46Z,48f66906899cc4a9477b6c9e32ff4424,0:=Am 1:=24. 2:=Mai 3:=2016 4:=ist 5:=die 6:=DSGVO 7:=gültig 8:=geworden.,2,"[[0, 1, 2, 3], [4, 6, 7, 8]]",1,1
9716,dabbawala,Viele gibt es in großen Städten.,4_long,Seiten_mit_defekten_Dateilinks|Essen_und_Trinken|Beruf,2019-03-23T09:47:38Z,48f66906899cc4a9477b6c9e32ff4424,0:=Viele 1:=gibt 2:=es 3:=in 4:=großen 5:=Städten.,1,,0,0
1975,anschlag-am-1-januar-2017-istanbul,"Angela Merkel hat gesagt, dass der Anschlag böse und schrecklich gewesen ist.",14_long,Aus_den_Nachrichten|Geschichte|Seiten_mit_defekten_Dateilinks,2017-01-03T08:02:25Z,48f66906899cc4a9477b6c9e32ff4424,"0:=Angela 1:=Merkel 2:=hat 3:=gesagt, 4:=\newline 5:=dass 6:=der 7:=Anschlag 8:=böse 9:=und 10:=schrecklich 11:=gewesen 12:=ist.",3,"[[0, 1, 2, 3], [5, 7, 8, 11, 12], [5, 7, 10, 11, 12]]",1,2
1121,alice-miller,Weil sie die Triebtheorie für eine Illusion hält.,6_long,Ohne_Kategorie|Seiten_mit_defekten_Dateilinks,2022-03-02T14:11:08Z,e800bebc9060331edfac65e663a55570,0:=Weil 1:=sie 2:=die 3:=Triebtheorie 4:=für 5:=eine 6:=Illusion 7:=hält.,1,,0,0
42167,sixtinische-kapelle,In dieser Kapelle ist auch das Kon­kla­ve.,2_short,Ort|Seiten_mit_defekten_Dateilinks,2013-03-12T07:06:15Z,7b5adf57ed2178795004f4c052333f37,0:=In 1:=dieser 2:=Kapelle 3:=ist 4:=auch 5:=das 6:=Kon­kla­ve.,1,,0,0
2016,anschlag-am-12-januar-2016-in-istanbul,Und viele Menschen sind verletzt worden.,2_short,Ohne_Kategorie|Aus_den_Nachrichten|Geschichte|Seiten_mit_defekten_Dateilinks,2016-01-12T19:45:16Z,af28a20dfb151690981ee13d72ce655c,0:=Und 1:=viele 2:=Menschen 3:=sind 4:=verletzt 5:=worden.,1,,0,0
42047,sinnfrei,"Etwas ist sinnfrei, wenn es keine Bedeutung hat.",1_short,Ohne_Kategorie,2012-04-16T13:00:48Z,eaab3232dd7a824a6a774fd2f2814e47,"0:=Etwas 1:=ist 2:=sinnfrei, 3:=\newline 4:=wenn 5:=es 6:=keine 7:=Bedeutung 8:=hat.",2,"[[0, 1, 2], [4, 5, 6, 7, 8]]",1,1
42241,skriptkiddie,Ein Skriptkiddie ist eine Person.,0_short,Ohne_Kategorie,2013-02-25T08:09:05Z,28d34f2e053dee2c0e9399a7924cd978,0:=Ein 1:=Skriptkiddie 2:=ist 3:=eine 4:=Person.,1,,0,0
1087,alexander-mitscherlich,Alexander Mitscherlich kommt am 20. September 1908 auf die Welt.,0_long,Ohne_Kategorie|Seiten_mit_defekten_Dateilinks,2022-02-28T12:34:31Z,e800bebc9060331edfac65e663a55570,0:=Alexander 1:=Mitscherlich 2:=kommt 3:=am 4:=20. 5:=September 6:=1908 7:=auf 8:=die 9:=Welt.,1,,0,0
2024,anschlag-auf-charlie-hebdo,Es war ein Terror Anschlag.,2_long,Politik|Attentat,2015-01-08T12:46:55Z,af28a20dfb151690981ee13d72ce655c,0:=Es 1:=war 2:=ein 3:=Terror 4:=Anschlag.,1,,0,0
1653,amtseid,Und was man versprechen muss.,4_long,Recht_und_Gesetz,2022-05-29T05:19:00Z,48f66906899cc4a9477b6c9e32ff4424,0:=Und 1:=was 2:=man 3:=versprechen 4:=muss.,1,,0,0
2074,anschlag-in-ankara-2016,Manche sagen es ist die PKK Gruppe gewesen.,8_long,Ohne_Kategorie|Aus_den_Nachrichten|Geschichte|Seiten_mit_defekten_Dateilinks,2016-02-21T09:24:48Z,af28a20dfb151690981ee13d72ce655c,0:=Manche 1:=sagen 2:=es 3:=ist 4:=die 5:=PKK 6:=Gruppe 7:=gewesen.,1,,0,0
26915,korea-konflikt,Er hat im Jahr 1945 angefangen.,2_long,Geopolitik|Politik|Aus_den_Nachrichten,2018-02-18T07:36:44Z,48f66906899cc4a9477b6c9e32ff4424,0:=Er 1:=hat 2:=im 3:=Jahr 4:=1945 5:=angefangen.,1,,0,0
27080,krankenkasse,Die Kranken-kasse zahlt zum Beispiel für: • Medikamente,11_long,Gesundheit|Recht_und_Gesetz|Seiten_mit_defekten_Dateilinks,2020-08-04T13:39:48Z,cfbe77d115cd524def4ccbe596a54842,0:=Die 1:=Kranken-kasse 2:=zahlt 3:=zum 4:=Beispiel 5:=für: 6:=• 7:=Medikamente,1,,0,0
1384,alternative-fur-deutschland,Und sie finden Abtreibung schlecht.,4_short,Politik|Aus_den_Nachrichten|Partei_in_Deutschland,2016-10-08T08:01:49Z,6275ee07d0785a2da491fbb224064f23,0:=Und 1:=sie 2:=finden 3:=Abtreibung 4:=schlecht.,1,,0,0
27214,krieg,Heutzutage gibt es keine Kriegerklärung mehr.,3_long,Ohne_Kategorie|Seiten_mit_defekten_Dateilinks,2015-10-10T20:54:29Z,687c465aa14a2b3047e6e0c21fbc9670,0:=Heutzutage 1:=gibt 2:=es 3:=keine 4:=Kriegerklärung 5:=mehr.,1,,0,0
1383,alternative-fur-deutschland,Und sie wollen weniger Flüchtlinge haben.,3_short,Politik|Aus_den_Nachrichten|Partei_in_Deutschland,2016-10-08T08:01:49Z,6275ee07d0785a2da491fbb224064f23,0:=Und 1:=sie 2:=wollen 3:=weniger 4:=Flüchtlinge 5:=haben.,1,,0,0
1945,anonymous-gruppe,"Die Anonymous-Gruppe sind verschiedene Menschen, die zusammen gegen bestimmte Sachen protestieren.",0_short,Internet|Computer,2015-02-25T20:52:12Z,58d6d1d5aca5e9e6ed470dcf6dafeb4e,"0:=Die 1:=Anonymous-Gruppe 2:=sind 3:=verschiedene 4:=Menschen, 5:= 6:=\newline 7:=die 8:=zusammen 9:=gegen 10:=bestimmte 11:=Sachen 12:=protestieren.",3,"[[1, 2, 3, 4], [8, 9, 11, 12], [10, 11]]",1,2
9976,dbt,"DBT hilft einem dabei, das nicht mehr zu machen.",9_short,,2020-07-04T07:35:34Z,4a8d7c87339c287de35ba4be954bbfbf,"0:=DBT 1:=hilft 2:=einem 3:=dabei, 4:=das 5:=nicht 6:=mehr 7:=zu 8:=machen.",2,"[[0, 1, 2, 3], [4, 5, 6, 7, 8]]",1,1
1070,alexander-graham-bell,Sein Vater unterrichtet in einer Universität in London.,18_long,Personen|Seiten_mit_defekten_Dateilinks,2022-03-03T19:51:00Z,28d34f2e053dee2c0e9399a7924cd978,0:=Sein 1:=Vater 2:=unterrichtet 3:=in 4:=einer 5:=Universität 6:=in 7:=London.,2,"[[3, 5], [6, 7]]",1,1
42193,skilanglauf,Es wird bergrunter oder bergauf gefahren.,2_short,Sport,2014-02-10T11:25:18Z,d4171b2c36772be4cad75ef4078874bd,0:=Es 1:=wird 2:=bergrunter 3:=oder 4:=bergauf 5:=gefahren.,2,"[[2], [4]]",1,1
9803,das-a-und-o,So spricht Gott der Herr.,1_long,Redewendungen|Seiten_mit_defekten_Dateilinks,2021-12-29T12:53:48Z,e800bebc9060331edfac65e663a55570,0:=So 1:=spricht 2:=Gott 3:=der 4:=Herr.,2,"[[0, 1], [4]]",1,1
1290,alles,Alles ist die größtmögliche Anzahl.,1_short,Ohne_Kategorie|Seiten_mit_defekten_Dateilinks,2019-06-26T11:09:50Z,0cb9cde516c38ed84dc1f3f2b5556ed3,0:=Alles 1:=ist 2:=die 3:=größtmögliche 4:=Anzahl.,1,,0,0
42168,sixtinische-kapelle,Das heißt: Hier treffen sich die Kardinäle und wählen den Papst.,3_short,Ort|Seiten_mit_defekten_Dateilinks,2013-03-12T07:06:15Z,7b5adf57ed2178795004f4c052333f37,0:=Das 1:=heißt: 2:=\newline 3:=Hier 4:=treffen 5:=sich 6:=die 7:=Kardinäle 8:=und 9:=\newline 10:=wählen 11:=den 12:=Papst.,2,"[[3, 4, 5, 7], [10, 12]]",1,1
9989,de-facto,"Das beudeutet, dass etwas ""wirklich"" so ist.",1_short,Ohne_Kategorie,2012-04-11T08:37:32Z,c2a3161aaa81e977e80fd1ffa03a4bb0,"0:=Das 1:=beudeutet, 2:=\newline 3:=dass 4:=etwas 5:=""wirklich"" 6:=so 7:=ist.",1,,0,0
26978,korruption-in-der-fifa,Und am selben Tag wurden 7 Mitarbeiter von der Polizei verhaftet.,1_long,Sport|Recht_und_Gesetz|Seiten_mit_defekten_Dateilinks,2015-05-28T14:24:34Z,af28a20dfb151690981ee13d72ce655c,0:=Und 1:=am 2:=selben 3:=Tag 4:=wurden 5:=7 6:=Mitarbeiter 7:=von 8:=der 9:=Polizei 10:=verhaftet.,3,"[[0, 1, 2, 3], [4, 5, 6, 10], [7, 9, 10]]",1,2
27266,kryptomnesie,Bei einer Kryptomnesie hat jemand eine Idee oder Information.,0_short,Gesundheit,2013-01-26T10:24:13Z,a9f29492ed8786de5125371472bcc003,0:=Bei 1:=einer 2:=Kryptomnesie 3:=hat 4:=jemand 5:=eine 6:=Idee 7:=oder 8:=Information.,2,"[[6], [8]]",1,1
9814,das-bildnis-des-dorian-gray,Im Jahr 1891: Kommt der Roman als Buch heraus.,4_short,Lesen_und_Bücher,2022-01-22T14:04:56Z,e800bebc9060331edfac65e663a55570,0:=Im 1:=Jahr 2:=1891: 3:=\newline 4:=Kommt 5:=der 6:=Roman 7:=als 8:=Buch 9:=heraus.,3,"[[0, 1, 2], [4, 6, 9], [7, 8]]",1,2
42326,smartphone,Viele sagen zu der Software: App.,10_long,Computer|Internet,2012-08-24T08:57:32Z,72fb5f8156adf1b638fc9bd1fa6cdbcf,0:=Viele 1:=sagen 2:=zu 3:=der 4:=Software: 5:=App.,1,,0,0
9995,debatte,Das Wort Debatte kommt aus der französischen Sprache.,0_long,Seiten_mit_defekten_Dateilinks|Ohne_Kategorie,2015-01-30T06:01:49Z,6275ee07d0785a2da491fbb224064f23,0:=Das 1:=Wort 2:=Debatte 3:=kommt 4:=aus 5:=der 6:=französischen 7:=Sprache.,1,,0,0
9968,dbt,Damit hilft man Menschen mit Borderline-Persönlichkeits-störung.,1_short,,2020-07-04T07:35:34Z,4a8d7c87339c287de35ba4be954bbfbf,0:=Damit 1:=hilft 2:=man 3:=Menschen 4:=mit 5:=Borderline-Persönlichkeits-störung.,2,"[[0, 1, 2, 3], [4, 5]]",1,1
9887,datenschutz-grundverordnung,Außer die Person gibt eine Erlaubnis dafür.,8_short,Recht_und_Gesetz,2018-06-04T15:22:46Z,48f66906899cc4a9477b6c9e32ff4424,0:=Außer 1:=die 2:=Person 3:=gibt 4:=eine 5:=Erlaubnis 6:=dafür.,1,,0,0
12522,einkommen,Ein-kommens-arten sind zum Beispiel: • Ein-kommen aus selbst-ständiger Tätigkeit,4_long,Geld,2021-10-27T16:11:52Z,4e761a928113c1f23dda0939b1022778,0:=Ein-kommens-arten 1:=sind 2:=zum 3:=Beispiel: 4:=• 5:=Ein-kommen 6:=aus 7:=selbst-ständiger 8:=Tätigkeit,2,"[[0, 1, 2, 3], [5, 6, 7, 8]]",1,1
26899,koprolalie,Gegen Koprolalie kann helfen: • Psychotherapie,10_long,Gesundheit,2014-04-25T20:23:18Z,af28a20dfb151690981ee13d72ce655c,0:=Gegen 1:=Koprolalie 2:=kann 3:=helfen: 4:=• 5:=Psychotherapie,1,,0,0
12529,einladung,Das Gegenteil von einer Einladung ist eine Ausladung.,0_long,Ohne_Kategorie|Seiten_mit_defekten_Dateilinks,2019-02-15T07:34:41Z,d49497e3abada5f79c3745c314471167,0:=Das 1:=Gegenteil 2:=von 3:=einer 4:=Einladung 5:=ist 6:=eine 7:=Ausladung.,1,,0,0
27285,kryptowahrung,Das heißt man bekommt wenig dafür.,16_long,Geld,2018-12-19T14:08:31Z,48f66906899cc4a9477b6c9e32ff4424,0:=Das 1:=heißt 2:=man 3:=bekommt 4:=wenig 5:=dafür.,1,,0,0
12182,echter-clownfisch,Die Streifen haben einen schwarzen Rand.,4_short,Tiere|Seiten_mit_defekten_Dateilinks,2021-05-15T15:50:47Z,7b5adf57ed2178795004f4c052333f37,0:=Die 1:=Streifen 2:=haben 3:=einen 4:=schwarzen 5:=Rand.,1,,0,0
9987,de-facto,"Es heißt auf deutsch ""von der Tat her, den Tatsachen nach"".",1_long,Ohne_Kategorie,2012-04-11T08:37:32Z,c2a3161aaa81e977e80fd1ffa03a4bb0,"0:=Es 1:=heißt 2:=auf 3:=deutsch 4:=""von 5:=der 6:=Tat 7:=her, 8:=den 9:=Tatsachen 10:=nach"".",2,"[[4, 6, 7], [9, 10]]",1,1
42114,sitelen-sitelen,Sitelen Sitelen ist eine Hieroglyphen-schrift.,0_short,Seiten_mit_defekten_Dateilinks|Ohne_Kategorie,2022-02-09T12:13:55Z,e800bebc9060331edfac65e663a55570,0:=Sitelen 1:=Sitelen 2:=ist 3:=eine 4:=Hieroglyphen-schrift.,1,,0,0
12313,ehe,Aber nur wenn der Ehe-partner es selber nicht kann.,36_long,Recht_und_Gesetz,2019-01-14T08:43:52Z,48f66906899cc4a9477b6c9e32ff4424,0:=Aber 1:=nur 2:=wenn 3:=der 4:=Ehe-partner 5:=es 6:=selber 7:=nicht 8:=kann.,1,,0,0
1767,anarchismus,Jeder soll freiwillig in einer Gruppe mit-machen können.,14_long,Politik|Seiten_mit_defekten_Dateilinks,2016-04-25T17:26:24Z,48f66906899cc4a9477b6c9e32ff4424,0:=Jeder 1:=soll 2:=freiwillig 3:=in 4:=einer 5:=Gruppe 6:=mit-machen 7:=können.,3,"[[0, 1, 6, 7], [2], [3, 5]]",1,2
1989,anschlag-am-1-januar-2017-istanbul,Der Anschlag ist in der Stadt Istanbul gewesen.,7_short,Aus_den_Nachrichten|Geschichte|Seiten_mit_defekten_Dateilinks,2017-01-03T08:02:25Z,48f66906899cc4a9477b6c9e32ff4424,0:=Der 1:=Anschlag 2:=ist 3:=in 4:=der 5:=Stadt 6:=Istanbul 7:=gewesen.,1,,0,0
1864,angriff-in-las-vegas,Am 1. Oktober 2017 ist ein Angriff in Las Vegas passiert.,0_short,Geschichte|Aus_den_Nachrichten|Hurraki:Überarbeiten|Seiten_mit_defekten_Dateilinks,2017-10-11T05:48:19Z,48f66906899cc4a9477b6c9e32ff4424,0:=Am 1:=1. 2:=Oktober 3:=2017 4:=ist 5:=ein 6:=Angriff 7:=in 8:=Las 9:=Vegas 10:=passiert.,2,"[[0, 1, 2, 3], [7, 8, 9]]",1,1
42178,skateboard,Ein Skateüboard ist ungefähr • 30 Zentimeter breit,1_long,Fortbewegung|Sport,2008-09-23T17:46:59Z,be4178123f065f8d36c5093129c005dc,0:=Ein 1:=Skateüboard 2:=ist 3:=ungefähr 4:=• 5:=30 6:=Zentimeter 7:=breit,1,,0,0
42211,sklave,Das war ein Ergebnis von dem Amerikanischen Bürgerkrieg.,10_long,Ohne_Kategorie,2013-11-26T08:07:47Z,6275ee07d0785a2da491fbb224064f23,0:=Das 1:=war 2:=ein 3:=Ergebnis 4:=von 5:=dem 6:=Amerikanischen 7:=Bürgerkrieg.,1,,0,0
10008,debatte,Eine Debatte ist ein Streit-gespräch.,0_short,Seiten_mit_defekten_Dateilinks|Ohne_Kategorie,2015-01-30T06:01:49Z,6275ee07d0785a2da491fbb224064f23,0:=Eine 1:=Debatte 2:=ist 3:=ein 4:=Streit-gespräch.,1,,0,0
42082,sit-in,Mit einem Sit-in will man etwas erreichen.,3_short,Politik,2018-05-01T06:26:34Z,48f66906899cc4a9477b6c9e32ff4424,0:=Mit 1:=einem 2:=Sit-in 3:=will 4:=man 5:=etwas 6:=erreichen.,1,,0,0
10033,deep-web,Du kannst sie nur lesen wenn du das Pass-wort kennst.,4_short,Internet|Seiten_mit_defekten_Dateilinks,2016-07-31T15:22:03Z,76bf1508c054395f67a605468d76c22f,0:=Du 1:=kannst 2:=sie 3:=nur 4:=lesen 5:=wenn 6:=du 7:=das 8:=Pass-wort 9:=kennst.,2,"[[0, 1, 2, 3, 4], [5, 6, 8, 9]]",1,1
42095,sitcom,Sitcom ist ein anderes Wort für lustige Fernsehsendung.,0_short,Radio_und_Fernsehen,2011-12-15T11:32:02Z,eaab3232dd7a824a6a774fd2f2814e47,0:=Sitcom 1:=ist 2:=ein 3:=anderes 4:=Wort 5:=für 6:= 7:=lustige 8:=Fernsehsendung.,1,,0,0
1717,anakonda,Eine Anakonda ist die größte Schlange der Welt.,1_short,Tiere|Reptilien,2021-03-30T09:18:50Z,5fa944995d8c21065f2309550624baf9,0:=Eine 1:=Anakonda 2:=ist 3:=die 4:=größte 5:=Schlange 6:=der 7:=Welt.,1,,0,0
1673,amtszeit,"Wenn eine Amts-zeit fertig ist, muss jemand neues das Amt machen.",0_long,Politik|Seiten_mit_defekten_Dateilinks,2021-08-04T05:14:14Z,0061a5419063d58697cea347295a4554,"0:=Wenn 1:=eine 2:=Amts-zeit 3:=fertig 4:=ist, 5:=\newline 6:=muss 7:=jemand 8:=neues 9:=das 10:=Amt 11:=machen.",2,"[[0, 2, 3, 4], [6, 7, 8, 10, 11]]",1,1
1753,anarchismus,Im Anarchismus gibt es keine Regierung.,0_long,Politik|Seiten_mit_defekten_Dateilinks,2016-04-25T17:26:24Z,48f66906899cc4a9477b6c9e32ff4424,0:=Im 1:=Anarchismus 2:=gibt 3:=es 4:=keine 5:=Regierung.,1,,0,0
12312,ehe,Man darf für den Ehe-partner Sachen entscheiden.,35_long,Recht_und_Gesetz,2019-01-14T08:43:52Z,48f66906899cc4a9477b6c9e32ff4424,0:=Man 1:=darf 2:=für 3:=den 4:=Ehe-partner 5:=Sachen 6:=entscheiden.,1,,0,0
1063,alexander-graham-bell,Dann konnte sie ihn besser hören.,11_long,Personen|Seiten_mit_defekten_Dateilinks,2022-03-03T19:51:00Z,28d34f2e053dee2c0e9399a7924cd978,0:=Dann 1:=konnte 2:=sie 3:=ihn 4:=besser 5:=hören.,1,,0,0
2029,anschlag-auf-den-bus-von-borussia-dortmund,Sie sind zu einem UEFA Spiel gefahren.,1_long,Aus_den_Nachrichten|Hurraki:Überarbeiten|Geschichte|Seiten_mit_defekten_Dateilinks,2017-04-15T05:42:54Z,48f66906899cc4a9477b6c9e32ff4424,0:=Sie 1:=sind 2:=zu 3:=einem 4:=UEFA 5:=Spiel 6:=gefahren.,1,,0,0
9880,datenschutz-grundverordnung,Es schützt Angaben und Daten von Personen.,1_short,Recht_und_Gesetz,2018-06-04T15:22:46Z,48f66906899cc4a9477b6c9e32ff4424,0:=Es 1:=schützt 2:=Angaben 3:=und 4:=Daten 5:=von 6:=Personen.,2,"[[2], [4]]",1,1
10150,demilitarisierung,"In der Potsdamer Konferenz wurde besprochen, was mit Deutschland passieren sollte.",9_long,Ohne_Kategorie|Seiten_mit_defekten_Dateilinks,2016-01-20T18:01:41Z,950c751fae083d40469b6d3261a74515,"0:=In 1:=der 2:=Potsdamer 3:=Konferenz 4:=wurde 5:=besprochen, 6:=was 7:=mit 8:=Deutschland 9:=passieren 10:=sollte.",4,"[[0, 2, 3], [4, 5], [6, 9, 10], [7, 8]]",1,3
1207,allenthalben,Das Gegenteil von allenthalben ist nirgends.,0_long,Ohne_Kategorie,2012-12-27T11:05:09Z,72fb5f8156adf1b638fc9bd1fa6cdbcf,0:=Das 1:=Gegenteil 2:=von 3:=allenthalben 4:=ist 5:=nirgends.,1,,0,0
1780,anarchismus,Es soll kein Mensch über einen anderen bestimmen.,27_long,Politik|Seiten_mit_defekten_Dateilinks,2016-04-25T17:26:24Z,48f66906899cc4a9477b6c9e32ff4424,0:=Es 1:=soll 2:=kein 3:=Mensch 4:=über 5:=einen 6:=anderen 7:=bestimmen.,1,,0,0
42408,social-media,Zum Beispiel eine Bewertung über ein Restaurant schreiben.,2_long,Internet|Seiten_mit_defekten_Dateilinks,2017-04-06T06:33:10Z,48f66906899cc4a9477b6c9e32ff4424,0:=Zum 1:=Beispiel 2:=eine 3:=Bewertung 4:=über 5:=ein 6:=Restaurant 7:=schreiben.,2,"[[3, 7], [4, 6]]",1,1
42092,sitcom,Sitcom ist die Abkürzung für situation comedy.,1_long,Radio_und_Fernsehen,2011-12-15T11:32:02Z,eaab3232dd7a824a6a774fd2f2814e47,0:=Sitcom 1:=ist 2:=die 3:=Abkürzung 4:=für 5:=situation 6:=comedy.,1,,0,0
26970,korpergewicht,Es ist un-gesund.,5_long,Gesundheit|Seiten_mit_defekten_Dateilinks,2019-12-27T09:05:27Z,eaab3232dd7a824a6a774fd2f2814e47,0:=Es 1:=ist 2:=un-gesund.,1,,0,0
12191,edgar-allan-poe,Verne ist einer der ersten Science-Fiction Schrift-steller.,6_long,Personen,2022-01-19T07:15:51Z,e800bebc9060331edfac65e663a55570,0:=Verne 1:=ist 2:=einer 3:=der 4:=ersten 5:=Science-Fiction 6:=Schrift-steller.,2,"[[2, 3, 4, 5], [0, 1]]",1,1
12464,einfache-sprache,Bei der Einfacher Sprache können die Sätze bis zu 15 Wörter haben.,6_long,Sprache|Hurraki|Leichte_Sprache,2015-01-01T19:58:21Z,be9da3e660311583f64df8d974bcb2fe,0:=Bei 1:=der 2:=Einfacher 3:=Sprache 4:=können 5:=die 6:=Sätze 7:=bis 8:=zu 9:=15 10:=Wörter 11:=haben.,1,,0,0
12527,einkommen,Ein-kommen ist ein Substantiv.,9_long,Geld,2021-10-27T16:11:52Z,4e761a928113c1f23dda0939b1022778,0:=Ein-kommen 1:=ist 2:=ein 3:=Substantiv.,1,,0,0
42403,social-bot,Ein Social Bot ist ein Computer-programm.,0_short,Internet|Seiten_mit_defekten_Dateilinks,2017-08-13T08:57:11Z,28d34f2e053dee2c0e9399a7924cd978,0:=Ein 1:=Social 2:=Bot 3:=ist 4:=ein 5:=Computer-programm.,1,,0,0
1689,an-12-unfall-in-juba,Der Unfall ist in der Nähe vom Fluss Weißer Nil passiert.,5_short,Ohne_Kategorie|Hurraki:Überarbeiten|Aus_den_Nachrichten|Seiten_mit_defekten_Dateilinks,2015-11-07T08:34:15Z,48f66906899cc4a9477b6c9e32ff4424,0:=Der 1:=Unfall 2:=ist 3:=in 4:=der 5:=Nähe 6:=vom 7:=Fluss 8:=Weißer 9:=Nil 10:=passiert.,2,"[[1, 2, 3, 5, 6, 10], [8, 9]]",1,1
42052,sinnieren,Das Wort sinnieren ist ein Verb.,4_long,Ohne_Kategorie,2012-02-18T10:58:42Z,a9f29492ed8786de5125371472bcc003,0:=Das 1:=Wort 2:=sinnieren 3:=ist 4:=ein 5:=Verb.,1,,0,0
9768,dampflokomotive,Die Lok zieht den Zug.,1_short,Verkehr|Seiten_mit_defekten_Dateilinks,2023-01-30T15:21:08Z,99280970af8d54864c10b22240ecda16,0:=Die 1:=Lok 2:=zieht 3:=den 4:=Zug.,1,,0,0
2008,anschlag-am-12-januar-2016-in-istanbul,Nabil Fadli ist 28 Jahre alt gewesen.,6_long,Ohne_Kategorie|Aus_den_Nachrichten|Geschichte|Seiten_mit_defekten_Dateilinks,2016-01-12T19:45:16Z,af28a20dfb151690981ee13d72ce655c,0:=Nabil 1:=Fadli 2:=ist 3:=28 4:=Jahre 5:=alt 6:=gewesen.,1,,0,0
1024,aleppo,"Und neue, moderne Wohn-blöcke gebaut.",11_long,Städte|Seiten_mit_defekten_Dateilinks,2016-09-26T14:57:00Z,7b5adf57ed2178795004f4c052333f37,"0:=Und 1:=neue, 2:=moderne 3:=Wohn-blöcke 4:=gebaut.",2,"[[2], [3]]",1,1
12196,edgar-allan-poe,Er hat Horror-geschichten geschrieben.,1_short,Personen,2022-01-19T07:15:51Z,e800bebc9060331edfac65e663a55570,0:=Er 1:=hat 2:=Horror-geschichten 3:=geschrieben.,1,,0,0
10029,deep-web,Das Deep Web sind Seiten im Internet.,0_short,Internet|Seiten_mit_defekten_Dateilinks,2016-07-31T15:22:03Z,76bf1508c054395f67a605468d76c22f,0:=Das 1:=Deep 2:=Web 3:=sind 4:=Seiten 5:=im 6:=Internet.,1,,0,0
27144,krankheit,Krankheiten untersuchen Experten von der Patho-logie.,13_long,Gesundheit|Hurraki:Überarbeiten|Seiten_mit_defekten_Dateilinks,2020-05-07T06:15:23Z,48f66906899cc4a9477b6c9e32ff4424,0:=Krankheiten 1:=untersuchen 2:=Experten 3:=von 4:=der 5:=Patho-logie.,2,"[[0, 1], [3, 5]]",1,1
27333,kultur,Menschen lernen von Kultur.,9_long,Ohne_Kategorie|Seiten_mit_defekten_Dateilinks,2016-03-14T11:57:06Z,48f66906899cc4a9477b6c9e32ff4424,0:=Menschen 1:=lernen 2:=von 3:=Kultur.,1,,0,0
42424,social-media,Und man kann gemeinsam mit anderen Benutzer Sachen machen.,4_short,Internet|Seiten_mit_defekten_Dateilinks,2017-04-06T06:33:10Z,48f66906899cc4a9477b6c9e32ff4424,0:=Und 1:=man 2:=kann 3:=gemeinsam 4:=mit 5:=anderen 6:=Benutzer 7:=Sachen 8:=machen.,1,,0,0
1466,altstadt,So wie sie früher einmal ausgesehen hat.,2_long,Stadt,2019-05-13T09:38:11Z,48f66906899cc4a9477b6c9e32ff4424,0:=So 1:=wie 2:=sie 3:=früher 4:=einmal 5:=ausgesehen 6:=hat.,1,,0,0
12471,einfaches-leben,"Die Menschen die ein einfaches Leben leben, möchten nicht so viele Dinge besitzen.",1_long,Ohne_Kategorie,2015-04-06T13:18:53Z,af28a20dfb151690981ee13d72ce655c,"0:=Die 1:=Menschen 2:=die 3:=ein 4:=einfaches 5:=Leben 6:=leben, 7:=\newline 8:=möchten 9:=nicht 10:=so 11:=viele 12:=Dinge 13:=besitzen.",2,"[[4, 5, 6], [8, 9, 10, 11, 12, 13]]",1,1
1218,allerheiligen,Zum Beispiel: • Menschen die für ihre Religion gestorben sind,2_long,Religion|Seiten_mit_defekten_Dateilinks,2015-11-01T12:22:09Z,7b5adf57ed2178795004f4c052333f37,0:=Zum 1:=Beispiel: 2:=• 3:=Menschen 4:=die 5:=für 6:=ihre 7:=Religion 8:=gestorben 9:=sind,1,,0,0
1899,anlauttabelle,Eine Anlauttabelle wird zum Lernen benutzt.,0_short,Schule_und_Lernen,2014-08-26T17:59:17Z,af28a20dfb151690981ee13d72ce655c,0:=Eine 1:=Anlauttabelle 2:=wird 3:=zum 4:=Lernen 5:=benutzt.,1,,0,0
27010,korruption,Die Person benutzt den Beruf.,4_short,Politik|Recht_und_Gesetz,2008-10-10T21:54:55Z,e3afed0047b08059d0fada10f400c1e5,0:=Die 1:=Person 2:=benutzt 3:=den 4:=Beruf.,1,,0,0
12491,eingewohnungszeit,Später bleibt das Kind für 2 oder 3 Stunden alleine.,3_short,Ohne_Kategorie|Seiten_mit_defekten_Dateilinks,2023-03-06T12:53:09Z,022a27447b80860fa0ec84e918eedf36,0:=Später 1:=bleibt 2:=das 3:=Kind 4:=für 5:=2 6:=oder 7:=3 8:=Stunden 9:=alleine.,3,"[[0], [1, 3, 4, 5, 8, 9], [1, 3, 4, 7, 8, 9]]",1,2
12523,einkommen,Ein-kommens-arten sind zum Beispiel: • Ein-kommen aus nicht-selbst-ständiger Tätigkeit,5_long,Geld,2021-10-27T16:11:52Z,4e761a928113c1f23dda0939b1022778,0:=Ein-kommens-arten 1:=sind 2:=zum 3:=Beispiel: 4:=• 5:=Ein-kommen 6:=aus 7:=nicht-selbst-ständiger 8:=Tätigkeit,2,"[[0, 1, 2, 3], [5, 6, 7, 8]]",1,1
26903,koran,Der Koran war zuerst auf Arabisch geschrieben.,0_long,Religion|Seiten_mit_defekten_Dateilinks,2023-03-06T12:37:08Z,022a27447b80860fa0ec84e918eedf36,0:=Der 1:=Koran 2:=war 3:=zuerst 4:=auf 5:=Arabisch 6:=geschrieben.,1,,0,0
42347,smartwatch,Eine Smart-watch ist eine Computer-Uhr.,0_short,Zeit|Technik|Computer|Internet,2014-01-03T14:38:26Z,ac95c75a4819ddeb76a125281a8c84d9,0:=Eine 1:=Smart-watch 2:=ist 3:=eine 4:=Computer-Uhr.,1,,0,0
1020,aleppo,Im Jahr 1952 hat ein Architekt neue Straßen geplant.,7_long,Städte|Seiten_mit_defekten_Dateilinks,2016-09-26T14:57:00Z,7b5adf57ed2178795004f4c052333f37,0:=Im 1:=Jahr 2:=1952 3:=hat 4:=ein 5:=Architekt 6:=neue 7:=Straßen 8:=geplant.,2,"[[0, 1, 2], [3, 5, 6, 7, 8]]",1,1
1968,anschlag-am-1-januar-2017-istanbul,Die Polizei in der Türkei sagt: der Mann hat Terrorismus gemacht.,7_long,Aus_den_Nachrichten|Geschichte|Seiten_mit_defekten_Dateilinks,2017-01-03T08:02:25Z,48f66906899cc4a9477b6c9e32ff4424,0:=Die 1:=Polizei 2:=in 3:=der 4:=Türkei 5:=sagt: 6:=der 7:=Mann 8:=hat 9:=Terrorismus 10:=gemacht.,3,"[[1, 5], [2, 4], [7, 8, 9, 10]]",1,2
9810,das-bildnis-des-dorian-gray,Das Bildnis des Dorian Gray ist ein Roman.,0_short,Lesen_und_Bücher,2022-01-22T14:04:56Z,e800bebc9060331edfac65e663a55570,0:=Das 1:=Bildnis 2:=des 3:=Dorian 4:=Gray 5:=ist 6:=ein 7:=Roman.,1,,0,0
26875,kopfsalat,Wilder Lattich ist eine Steppen-pflanze.,2_long,Essen_und_Trinken|Natur,2022-01-12T15:29:05Z,e800bebc9060331edfac65e663a55570,0:=Wilder 1:=Lattich 2:=ist 3:=eine 4:=Steppen-pflanze.,1,,0,0
1161,alkohol,Das heißt: Wenn man viel davon trinkt wird man krank.,13_long,Essen_und_Trinken|Seiten_mit_defekten_Dateilinks|Wörter_mit_verschiedenen_Bedeutungen,2023-05-18T06:47:13Z,48f66906899cc4a9477b6c9e32ff4424,0:=Das 1:=heißt: 2:=\newline 3:=Wenn 4:=man 5:=viel 6:=davon 7:=trinkt 8:=wird 9:=man 10:=krank.,2,"[[3, 4, 5, 6, 7], [8, 9, 10]]",1,1
1099,alexander-sergejewitsch-puschkin,"Er stirbt am 10. Februar 1837. In Sankt Petersburg, Russland.",2_long,Personen|Seiten_mit_defekten_Dateilinks,2022-02-23T15:16:44Z,e800bebc9060331edfac65e663a55570,"0:=Er 1:=stirbt 2:=am 3:= 4:=10. 5:=Februar 6:=1837. 7:=\newline 8:=In 9:=Sankt 10:=Petersburg, 11:=Russland.",3,"[[2, 3, 4, 5, 6], [8, 9, 10], [8, 11]]",1,2
1677,amtszeit,Diese Amts-zeit dauert 4 Jahre.,3_short,Politik|Seiten_mit_defekten_Dateilinks,2021-08-04T05:14:14Z,0061a5419063d58697cea347295a4554,0:=Diese 1:=Amts-zeit 2:=dauert 3:=4 4:=Jahre.,1,,0,0
27209,krempe,Der Rand seines Hutes hilft ihm nicht erkannt zu werden.,5_long,Kleider,2011-11-10T10:47:27Z,eaab3232dd7a824a6a774fd2f2814e47,0:=Der 1:=Rand 2:=seines 3:=Hutes 4:=hilft 5:=ihm 6:=nicht 7:=erkannt 8:=zu 9:=werden.,1,,0,0
27006,korruption,Korruption ist ein lateinisches Wort.,0_short,Politik|Recht_und_Gesetz,2008-10-10T21:54:55Z,e3afed0047b08059d0fada10f400c1e5,0:=Korruption 1:=ist 2:=ein 3:=lateinisches 4:=Wort.,2,"[[3], [4]]",1,1
42402,social-bot,Sie haben andere Aufgaben.,12_long,Internet|Seiten_mit_defekten_Dateilinks,2017-08-13T08:57:11Z,28d34f2e053dee2c0e9399a7924cd978,0:=Sie 1:=haben 2:=andere 3:=Aufgaben.,1,,0,0
1144,alkoholkrankheit,Alkohol-krankheit ist eine Krankheit.,0_short,Ohne_Kategorie|Seiten_mit_defekten_Dateilinks,2023-03-06T15:49:02Z,017ecada082ed42bbfc77d89d4b14406,0:=Alkohol-krankheit 1:=ist 2:=eine 3:=Krankheit.,1,,0,0
27340,kultur,Und auch Länder haben verschiedene Kulturen.,16_long,Ohne_Kategorie|Seiten_mit_defekten_Dateilinks,2016-03-14T11:57:06Z,48f66906899cc4a9477b6c9e32ff4424,0:=Und 1:=auch 2:=Länder 3:=haben 4:=verschiedene 5:=Kulturen.,1,,0,0
1709,anakonda,Das Herz des Opfers hört dann auf zu schlagen.,17_long,Tiere|Reptilien,2021-03-30T09:18:50Z,5fa944995d8c21065f2309550624baf9,0:=Das 1:=Herz 2:=des 3:=Opfers 4:=hört 5:=dann 6:=auf 7:=zu 8:=schlagen.,1,,0,0
42198,skirtini,Skirt ist das englische Wort für Rock.,3_long,Kleider,2014-08-03T09:42:21Z,28d34f2e053dee2c0e9399a7924cd978,0:=Skirt 1:=ist 2:=das 3:=englische 4:=Wort 5:=für 6:=Rock.,2,"[[3], [5, 6]]",1,1
12089,ecall,Zum Beispiel: • wie viele Leute sitzen im Auto,16_long,Ohne_Kategorie,2014-12-31T12:07:06Z,28d34f2e053dee2c0e9399a7924cd978,0:=Zum 1:=Beispiel: 2:=• 3:=wie 4:=viele 5:=Leute 6:=sitzen 7:=im 8:=Auto,1,,0,0
10061,deflation,Zum Beispiel: Wenn man für Milch weniger Geld zahlen muss als letztes Jahr.,1_short,Geld|Seiten_mit_defekten_Dateilinks,2014-03-06T06:33:24Z,6275ee07d0785a2da491fbb224064f23,0:=Zum 1:=Beispiel: 2:=\newline 3:=Wenn 4:=man 5:=für 6:=Milch 7:=weniger 8:=Geld 9:=zahlen 10:=muss 11:=als 12:=letztes 13:=Jahr.,3,"[[3, 4, 7, 8, 9, 10], [5, 6], [11, 12, 13]]",1,2
9779,dandy,Ein Dandy ist ein Mann der sehr auffallende Kleider anzieht.,0_short,Kleider,2013-12-05T08:56:11Z,eaab3232dd7a824a6a774fd2f2814e47,0:=Ein 1:=Dandy 2:=ist 3:=ein 4:=Mann 5:=der 6:=sehr 7:=auffallende 8:=Kleider 9:=anzieht.,2,"[[1, 2, 4], [5, 6, 7, 8, 9]]",1,1
2082,anschlag-in-ankara-2016,Der letzte ist am 12. Januar 2016 gewesen.,16_long,Ohne_Kategorie|Aus_den_Nachrichten|Geschichte|Seiten_mit_defekten_Dateilinks,2016-02-21T09:24:48Z,af28a20dfb151690981ee13d72ce655c,0:=Der 1:=letzte 2:=ist 3:=am 4:=12. 5:=Januar 6:=2016 7:=gewesen.,1,,0,0
9697,cyber-monday,Er ist jedes Jahr im November.,1_short,Gedenktage_und_Aktionstage|Seiten_mit_defekten_Dateilinks,2019-12-05T21:56:26Z,48f66906899cc4a9477b6c9e32ff4424,0:=Er 1:=ist 2:=jedes 3:=Jahr 4:=im 5:=November.,1,,0,0
26896,koprolalie,Gegen Koprolalie kann helfen: • Medikamente,7_long,Gesundheit,2014-04-25T20:23:18Z,af28a20dfb151690981ee13d72ce655c,0:=Gegen 1:=Koprolalie 2:=kann 3:=helfen: 4:=• 5:=Medikamente,1,,0,0
1755,anarchismus,Manchmal kann es aber Anführer geben.,2_long,Politik|Seiten_mit_defekten_Dateilinks,2016-04-25T17:26:24Z,48f66906899cc4a9477b6c9e32ff4424,0:=Manchmal 1:=kann 2:=es 3:=aber 4:=Anführer 5:=geben.,1,,0,0
10075,delfinschwimmen,Beim Delfinschwimmen bewegt der Sportler beide Arme gleichzeitig.,0_long,Sport,2012-02-28T10:46:24Z,d4171b2c36772be4cad75ef4078874bd,0:=Beim 1:=Delfinschwimmen 2:=bewegt 3:=der 4:=Sportler 5:=beide 6:=Arme 7:=gleichzeitig.,2,"[[0, 1, 2, 4, 5, 6], [7]]",1,1
42077,sit-in,Und Studenten benutzen Sit-ins gegen Rassismus.,6_long,Politik,2018-05-01T06:26:34Z,48f66906899cc4a9477b6c9e32ff4424,0:=Und 1:=Studenten 2:=benutzen 3:=Sit-ins 4:=gegen 5:=Rassismus.,1,,0,0
12487,eingabe-und-ausgabe,Die Ausgabe ist das Ergebnis.,3_short,Computer,2012-11-09T22:05:06Z,eaab3232dd7a824a6a774fd2f2814e47,0:=Die 1:=Ausgabe 2:=ist 3:=das 4:=Ergebnis.,1,,0,0
26873,kopfsalat,Kopf-salat ist eine Pflanze.,0_long,Essen_und_Trinken|Natur,2022-01-12T15:29:05Z,e800bebc9060331edfac65e663a55570,0:=Kopf-salat 1:=ist 2:=eine 3:=Pflanze.,1,,0,0
12320,ehe,Oder sie wollen eine andere Staats-bürger-schaft haben.,43_long,Recht_und_Gesetz,2019-01-14T08:43:52Z,48f66906899cc4a9477b6c9e32ff4424,0:=Oder 1:=sie 2:=wollen 3:=eine 4:=andere 5:=Staats-bürger-schaft 6:=haben.,1,,0,0
10089,demenz,Meistens bekommen ältere Menschen Demenz.,2_long,Gesundheit|Seiten_mit_defekten_Dateilinks,2012-10-27T17:19:13Z,a6e7bfd89d5771b450c4ab0f5c2996e5,0:=Meistens 1:=bekommen 2:=ältere 3:=Menschen 4:=Demenz.,1,,0,0
42411,social-media,Mit Social Media kann man Wissen und Informationen teilen.,5_long,Internet|Seiten_mit_defekten_Dateilinks,2017-04-06T06:33:10Z,48f66906899cc4a9477b6c9e32ff4424,0:=Mit 1:=Social 2:=Media 3:=kann 4:=man 5:=Wissen 6:=und 7:=Informationen 8:=teilen.,2,"[[5], [7]]",1,1
1726,analphabet,Er hat es aber mal gelernt.,7_long,Ohne_Kategorie|Seiten_mit_defekten_Dateilinks,2015-09-08T10:46:12Z,cfbe77d115cd524def4ccbe596a54842,0:=Er 1:=hat 2:=es 3:=aber 4:=mal 5:=gelernt.,1,,0,0
1723,analphabet,Das gibt es oft in Entwicklungs-ländern.,4_long,Ohne_Kategorie|Seiten_mit_defekten_Dateilinks,2015-09-08T10:46:12Z,cfbe77d115cd524def4ccbe596a54842,0:=Das 1:=gibt 2:=es 3:=oft 4:=in 5:=Entwicklungs-ländern.,1,,0,0
27268,kryptomnesie,In Wirklichkeit ist die Idee oder die Information aber von jemand anderem.,2_short,Gesundheit,2013-01-26T10:24:13Z,a9f29492ed8786de5125371472bcc003,0:=In 1:=Wirklichkeit 2:=ist 3:=die 4:=Idee 5:=oder 6:=die 7:=Information 8:=aber 9:=von 10:=jemand 11:=anderem.,2,"[[4], [7]]",1,1
12098,ecall,• oder man weiß nicht genau wo man ist.,25_long,Ohne_Kategorie,2014-12-31T12:07:06Z,28d34f2e053dee2c0e9399a7924cd978,0:= 1:=• 2:=oder 3:=man 4:=weiß 5:=nicht 6:=genau 7:=wo 8:=man 9:=ist.,2,"[[3, 4, 5], [8, 9]]",1,1
42221,sklave,Manchen hat man den Ausweis weg genommen.,20_long,Ohne_Kategorie,2013-11-26T08:07:47Z,6275ee07d0785a2da491fbb224064f23,0:=Manchen 1:=hat 2:=man 3:=den 4:=Ausweis 5:=weg 6:=genommen.,1,,0,0
42035,singles-day,Am Singles' Day feiern Menschen die alleine leben.,1_short,Gedenktage_und_Aktionstage|Seiten_mit_defekten_Dateilinks,2017-11-19T11:29:31Z,48f66906899cc4a9477b6c9e32ff4424,0:=Am 1:=Singles' 2:=Day 3:=feiern 4:=Menschen 5:=die 6:=alleine 7:=leben.,2,"[[0, 1, 2, 3], [5, 6, 7]]",1,1
27298,kugelgrill,"Das heißt, die Wärme kommt nicht nur von unten.",4_long,Essen_und_Trinken|Technik,2013-12-15T10:24:22Z,eaab3232dd7a824a6a774fd2f2814e47,"0:=Das 1:=heißt, 2:=\newline 3:=die 4:=Wärme 5:=kommt 6:=nicht 7:=nur 8:=von 9:=unten.",1,,0,0
12315,ehe,Es gibt viele Gründe warum Menschen eine Ehe machen.,38_long,Recht_und_Gesetz,2019-01-14T08:43:52Z,48f66906899cc4a9477b6c9e32ff4424,0:=Es 1:=gibt 2:=viele 3:=Gründe 4:=warum 5:=Menschen 6:=eine 7:=Ehe 8:=machen.,2,"[[0, 1, 2, 3], [4, 5, 7, 8]]",1,1
27213,krieg,Früher wurden Kriege bekannt gegeben.,2_long,Ohne_Kategorie|Seiten_mit_defekten_Dateilinks,2015-10-10T20:54:29Z,687c465aa14a2b3047e6e0c21fbc9670,0:=Früher 1:=wurden 2:=Kriege 3:=bekannt 4:=gegeben.,1,,0,0
27131,krankheit,Bei einer Krankheit funktionieren Körper-teile schlecht.,0_long,Gesundheit|Hurraki:Überarbeiten|Seiten_mit_defekten_Dateilinks,2020-05-07T06:15:23Z,48f66906899cc4a9477b6c9e32ff4424,0:=Bei 1:=einer 2:=Krankheit 3:=funktionieren 4:=Körper-teile 5:=schlecht.,1,,0,0
12470,einfaches-leben,Ein einfaches Leben ist das Gegenteil von: Überfluss-leben.,0_long,Ohne_Kategorie,2015-04-06T13:18:53Z,af28a20dfb151690981ee13d72ce655c,0:=Ein 1:=einfaches 2:=Leben 3:=ist 4:=das 5:=Gegenteil 6:=von: 7:=Überfluss-leben.,1,,0,0
27044,kraftknoten,Mit einem Kraftknoten kann man einen Rollstuhl im Auto befestigen.,1_short,Hilfsmittel,2008-02-12T19:08:32Z,e3afed0047b08059d0fada10f400c1e5,0:=Mit 1:=einem 2:=Kraftknoten 3:=kann 4:=man 5:=einen 6:=Rollstuhl 7:=im 8:=Auto 9:=befestigen.,2,"[[6, 9], [7, 8]]",1,1
10011,debut,Man zeigt sie zum ersten mal anderen Menschen.,1_short,Ohne_Kategorie|Seiten_mit_defekten_Dateilinks,2020-11-24T09:29:50Z,cb58e1150e0b08f129454e5a88dec780,0:=Man 1:=zeigt 2:=sie 3:=zum 4:=ersten 5:=mal 6:=anderen 7:=Menschen.,2,"[[3, 4, 5], [6, 7]]",1,1
42277,sledge-eishockey,Davon ist einer der Torwart.,1_long,Sport|Paralympics,2012-01-07T18:34:17Z,d4171b2c36772be4cad75ef4078874bd,0:=Davon 1:=ist 2:=einer 3:=der 4:=Torwart.,1,,0,0
9999,debatte,Und sie sagen Gegen-argumente.,4_long,Seiten_mit_defekten_Dateilinks|Ohne_Kategorie,2015-01-30T06:01:49Z,6275ee07d0785a2da491fbb224064f23,0:=Und 1:=sie 2:=sagen 3:=Gegen-argumente.,1,,0,0
1778,anarchismus,Das ist vom Jahr 1936 bis zum Jahr 1939 gewesen.,25_long,Politik|Seiten_mit_defekten_Dateilinks,2016-04-25T17:26:24Z,48f66906899cc4a9477b6c9e32ff4424,0:=Das 1:=ist 2:=vom 3:=Jahr 4:=1936 5:=bis 6:=zum 7:=Jahr 8:=1939 9:=gewesen.,2,"[[2, 3, 4], [5, 6, 7, 8]]",1,1
1475,altstadt,Damit man sieht wie die Stadt früher ausgesehen hat.,11_long,Stadt,2019-05-13T09:38:11Z,48f66906899cc4a9477b6c9e32ff4424,0:=Damit 1:=man 2:=sieht 3:=wie 4:=die 5:=Stadt 6:=früher 7:=ausgesehen 8:=hat.,3,"[[0, 1, 2], [3, 5, 7, 8], [6]]",1,2
2067,anschlag-in-ankara-2016,Dann sind sie mit dem Auto los-gefahren.,1_long,Ohne_Kategorie|Aus_den_Nachrichten|Geschichte|Seiten_mit_defekten_Dateilinks,2016-02-21T09:24:48Z,af28a20dfb151690981ee13d72ce655c,0:=Dann 1:=sind 2:=sie 3:=mit 4:=dem 5:=Auto 6:=los-gefahren.,2,"[[0, 1, 2, 6], [3, 5]]",1,1
42357,sneak-preview,Meistens sind Sneak Preview Filme keine Hollywood-Filme.,4_long,Film_und_Kino|Seiten_mit_defekten_Dateilinks,2017-10-23T06:43:33Z,48f66906899cc4a9477b6c9e32ff4424,0:=Meistens 1:=sind 2:=Sneak 3:=Preview 4:=Filme 5:=keine 6:=Hollywood-Filme.,1,,0,0
27252,krise,Und man muss eine Entscheidung treffen.,2_short,Hurraki:Überarbeiten|Seiten_mit_defekten_Dateilinks,2009-12-26T16:03:45Z,d8779288de353a0da9951dfcae710103,0:=Und 1:=man 2:=muss 3:=eine 4:=Entscheidung 5:=treffen.,1,,0,0
12396,eifersucht,Eifersucht ist Angst.,0_long,Ohne_Kategorie|Seiten_mit_defekten_Dateilinks,2022-01-03T17:00:58Z,e800bebc9060331edfac65e663a55570,0:=Eifersucht 1:=ist 2:=Angst.,1,,0,0
2043,anschlag-auf-den-bus-von-borussia-dortmund,Er wollte damit viel Geld verdienen.,15_long,Aus_den_Nachrichten|Hurraki:Überarbeiten|Geschichte|Seiten_mit_defekten_Dateilinks,2017-04-15T05:42:54Z,48f66906899cc4a9477b6c9e32ff4424,0:=Er 1:=wollte 2:=damit 3:=viel 4:=Geld 5:=verdienen.,1,,0,0
26973,korpergewicht,Körper-gewicht ist wie schwer man ist.,0_short,Gesundheit|Seiten_mit_defekten_Dateilinks,2019-12-27T09:05:27Z,eaab3232dd7a824a6a774fd2f2814e47,0:=Körper-gewicht 1:=ist 2:=wie 3:=schwer 4:=man 5:=ist.,2,"[[0, 1], [2, 3, 4, 5]]",1,1
9922,dauerwelle,Eine Dauerwelle ist eine Haar-Frisur.,3_long,Frisur,2013-02-20T18:45:14Z,eaab3232dd7a824a6a774fd2f2814e47,0:=Eine 1:=Dauerwelle 2:=ist 3:=eine 4:=Haar-Frisur.,1,,0,0
1117,alice-miller,"Sie stirbt am 14. April 2010. In Saint-Rémy-de-Provence, Provence-Alpes-Côte d'Azur, Frankreich.",2_long,Ohne_Kategorie|Seiten_mit_defekten_Dateilinks,2022-03-02T14:11:08Z,e800bebc9060331edfac65e663a55570,"0:=Sie 1:=stirbt 2:=am 3:=14. 4:=April 5:=2010. 6:=\newline 7:=In 8:=Saint-Rémy-de-Provence, 9:=Provence-Alpes-Côte 10:=d'Azur, 11:=Frankreich.",4,"[[2, 3, 4, 5], [7, 8], [7, 9, 10], [7, 11]]",1,3
12088,ecall,Zum Beispiel: • wie schnell ist das Auto vor dem Unfall gefahren,15_long,Ohne_Kategorie,2014-12-31T12:07:06Z,28d34f2e053dee2c0e9399a7924cd978,0:=Zum 1:=Beispiel: 2:=• 3:=wie 4:=schnell 5:=ist 6:=das 7:=Auto 8:=vor 9:=dem 10:=Unfall 11:=gefahren,2,"[[7, 11], [8, 10]]",1,1
12404,eifersucht,Zum Beispiel: Tom ist eifersüchtig.,8_long,Ohne_Kategorie|Seiten_mit_defekten_Dateilinks,2022-01-03T17:00:58Z,e800bebc9060331edfac65e663a55570,0:=Zum 1:=Beispiel: 2:=\newline 3:=Tom 4:=ist 5:=eifersüchtig.,1,,0,0
1719,analphabet,Es gibt verschiedene Arten von Analphabeten.,0_long,Ohne_Kategorie|Seiten_mit_defekten_Dateilinks,2015-09-08T10:46:12Z,cfbe77d115cd524def4ccbe596a54842,0:=Es 1:=gibt 2:=verschiedene 3:=Arten 4:=von 5:=Analphabeten.,1,,0,0
42247,skullet,Dabei sind die Haare hinten lang.,1_short,Frisur,2014-05-15T10:15:37Z,eaab3232dd7a824a6a774fd2f2814e47,0:=Dabei 1:=sind 2:=die 3:=Haare 4:=hinten 5:=lang.,1,,0,0
1774,anarchismus,"Ein Mann der an den Anarchismus glaubt, ist eine Anarchist.",21_long,Politik|Seiten_mit_defekten_Dateilinks,2016-04-25T17:26:24Z,48f66906899cc4a9477b6c9e32ff4424,"0:=Ein 1:=Mann 2:=der 3:=an 4:=den 5:=Anarchismus 6:=glaubt, 7:=\newline 8:=ist 9:=eine 10:=Anarchist.",2,"[[2, 3, 5, 6], [8, 10]]",1,1
26857,kopfballtischtennis,Wer 2 Spiele gewinnt ist der Gewinner.,6_long,Sport,2013-10-04T08:34:55Z,d4171b2c36772be4cad75ef4078874bd,0:=Wer 1:=2 2:=Spiele 3:=gewinnt 4:=ist 5:=der 6:=Gewinner.,2,"[[0, 1, 2, 3], [4, 6]]",1,1
1014,aleppo,Menschen haben hier schon 3 Tausend Jahre vor Christus gelebt.,1_long,Städte|Seiten_mit_defekten_Dateilinks,2016-09-26T14:57:00Z,7b5adf57ed2178795004f4c052333f37,0:=Menschen 1:=haben 2:=hier 3:=schon 4:=3 5:=Tausend 6:=Jahre 7:=vor 8:=Christus 9:=gelebt.,1,,0,0
9686,cyber-monday,Cyber Monday ist ein Einkaufs-tag im Internet.,0_long,Gedenktage_und_Aktionstage|Seiten_mit_defekten_Dateilinks,2019-12-05T21:56:26Z,48f66906899cc4a9477b6c9e32ff4424,0:=Cyber 1:=Monday 2:=ist 3:=ein 4:=Einkaufs-tag 5:=im 6:=Internet.,2,"[[0, 1, 2], [5, 6]]",1,1
9744,dagger-complex,Manche sagen: • Die NSA hat hier Technik.,12_long,Ohne_Kategorie,2013-09-01T17:43:42Z,6275ee07d0785a2da491fbb224064f23,0:=Manche 1:=sagen: 2:=• 3:=Die 4:=NSA 5:=hat 6:=hier 7:=Technik.,1,,0,0
26922,korea-konflikt,Und sie streiten sich um das Atom-programm von Nord-korea.,9_long,Geopolitik|Politik|Aus_den_Nachrichten,2018-02-18T07:36:44Z,48f66906899cc4a9477b6c9e32ff4424,0:=Und 1:=sie 2:=streiten 3:=sich 4:=um 5:=das 6:=Atom-programm 7:=von 8:=Nord-korea.,2,"[[1, 2, 3], [4, 6, 7, 8]]",1,1
1163,alkohol,Und man kann abhängig werden vom Alkohol.,15_long,Essen_und_Trinken|Seiten_mit_defekten_Dateilinks|Wörter_mit_verschiedenen_Bedeutungen,2023-05-18T06:47:13Z,48f66906899cc4a9477b6c9e32ff4424,0:=Und 1:=man 2:=kann 3:=abhängig 4:=werden 5:=vom 6:=Alkohol.,2,"[[1, 2, 3, 4], [5, 6]]",1,1
27292,kryptowahrung,Krypto-währungen haben keine Münzen oder Scheine.,4_short,Geld,2018-12-19T14:08:31Z,48f66906899cc4a9477b6c9e32ff4424,0:=Krypto-währungen 1:=haben 2:=keine 3:=Münzen 4:=oder 5:=Scheine.,2,"[[3], [5]]",1,1
1337,alte-welt,Die Menschen lernen sich kennen.,5_long,Länder|Seiten_mit_defekten_Dateilinks,2019-07-23T04:59:35Z,48f66906899cc4a9477b6c9e32ff4424,0:=Die 1:=Menschen 2:=lernen 3:=sich 4:=kennen.,1,,0,0
1335,alte-welt,Kolumbus hat die Neue Welt im Jahr 1492 entdeckt.,3_long,Länder|Seiten_mit_defekten_Dateilinks,2019-07-23T04:59:35Z,48f66906899cc4a9477b6c9e32ff4424,0:=Kolumbus 1:=hat 2:=die 3:=Neue 4:=Welt 5:=im 6:=Jahr 7:=1492 8:=entdeckt.,2,"[[0, 1, 3, 4, 8], [5, 6, 7]]",1,1
27205,krempe,Dieser Rand schützt vor Regen oder Sonne.,1_long,Kleider,2011-11-10T10:47:27Z,eaab3232dd7a824a6a774fd2f2814e47,0:=Dieser 1:=Rand 2:=schützt 3:=vor 4:=Regen 5:=oder 6:=Sonne.,2,"[[4], [6]]",1,1
12100,ecall,Mit eCall sterben 2500 Menschen weniger im Jahr.,27_long,Ohne_Kategorie,2014-12-31T12:07:06Z,28d34f2e053dee2c0e9399a7924cd978,0:=Mit 1:=eCall 2:=sterben 3:=2500 4:=Menschen 5:=weniger 6:=im 7:=Jahr.,1,,0,0
2068,anschlag-in-ankara-2016,"Als sie an vielen Fahrzeugen vorbei-gefahren sind, haben sie die Bombe gezündet.",2_long,Ohne_Kategorie|Aus_den_Nachrichten|Geschichte|Seiten_mit_defekten_Dateilinks,2016-02-21T09:24:48Z,af28a20dfb151690981ee13d72ce655c,"0:=Als 1:=sie 2:=an 3:=vielen 4:=Fahrzeugen 5:=vorbei-gefahren 6:=sind, 7:=\newline 8:=haben 9:=sie 10:=die 11:=Bombe 12:=gezündet.",2,"[[0, 1, 2, 3, 4, 5, 6], [8, 9, 11, 12]]",1,1
42460,sodbrennen,"Die Salzsäure soll im Magen bleiben, denn nur der Magen hält das aus.",9_long,Gesundheit,2009-07-13T17:40:11Z,4a7c0bf975893985e2e36604fef9654f,"0:=Die 1:=Salzsäure 2:=soll 3:=im 4:=Magen 5:=bleiben, 6:=\newline 7:=denn 8:=nur 9:=der 10:=Magen 11:=hält 12:=das 13:=aus.",2,"[[1, 2, 3, 4, 5], [7, 8, 10, 11, 12, 13]]",1,1
10031,deep-web,Du kannst die Seiten nur aufrufen wenn du die Internet-adresse weißt.,2_short,Internet|Seiten_mit_defekten_Dateilinks,2016-07-31T15:22:03Z,76bf1508c054395f67a605468d76c22f,0:=Du 1:=kannst 2:=die 3:=Seiten 4:=nur 5:=aufrufen 6:=wenn 7:=du 8:=die 9:=Internet-adresse 10:=weißt.,2,"[[0, 1, 3, 4, 5], [6, 7, 9, 10]]",1,1
27337,kultur,Sie zeigen zu welcher sozialen Gruppe sie gehören und was sie für Meinungen haben.,13_long,Ohne_Kategorie|Seiten_mit_defekten_Dateilinks,2016-03-14T11:57:06Z,48f66906899cc4a9477b6c9e32ff4424,0:=Sie 1:=zeigen 2:=zu 3:=welcher 4:=sozialen 5:=Gruppe 6:=sie 7:=gehören 8:= 9:=\newline 10:=und 11:=was 12:=sie 13:=für 14:=Meinungen 15:=haben.,3,"[[0, 1], [2, 3, 4, 5, 6, 7], [11, 12, 13, 14, 15]]",1,2
2076,anschlag-in-ankara-2016,"Angela Merkel hat gesagt, dass der Anschlag böse und schrecklich gewesen ist.",10_long,Ohne_Kategorie|Aus_den_Nachrichten|Geschichte|Seiten_mit_defekten_Dateilinks,2016-02-21T09:24:48Z,af28a20dfb151690981ee13d72ce655c,"0:=Angela 1:=Merkel 2:=hat 3:=gesagt, 4:=\newline 5:=dass 6:=der 7:=Anschlag 8:=böse 9:=und 10:=schrecklich 11:=gewesen 12:=ist.",3,"[[0, 1, 2, 3], [5, 7, 8, 11, 12], [5, 7, 10, 11, 12]]",1,2
12135,echelon,Das heißt es werden Informationen von Firmen geklaut.,16_long,Ohne_Kategorie,2013-06-28T07:05:37Z,6275ee07d0785a2da491fbb224064f23,0:=Das 1:=heißt 2:=es 3:=werden 4:=Informationen 5:=von 6:=Firmen 7:=geklaut.,1,,0,0
27330,kultur,Und viele Menschen streiten sich darüber was Kultur ganz genau ist.,6_long,Ohne_Kategorie|Seiten_mit_defekten_Dateilinks,2016-03-14T11:57:06Z,48f66906899cc4a9477b6c9e32ff4424,0:=Und 1:=viele 2:=Menschen 3:=streiten 4:=sich 5:=darüber 6:=was 7:=Kultur 8:=ganz 9:=genau 10:=ist.,2,"[[1, 2, 3, 4, 5], [6, 7, 8, 9, 10]]",1,1
42141,sitzvolleyball,Es gibt die gleichen Regeln wie beim Volley-ball.,14_long,Sport|Paralympics,2012-01-30T18:24:13Z,d4171b2c36772be4cad75ef4078874bd,0:=Es 1:=gibt 2:=die 3:=gleichen 4:=Regeln 5:=wie 6:=beim 7:=Volley-ball.,1,,0,0
1421,alter,Alter ist ein Lebens-abschnitt.,0_short,Seiten_mit_defekten_Dateilinks|Biologie,2012-11-03T22:15:00Z,a6e7bfd89d5771b450c4ab0f5c2996e5,0:=Alter 1:=ist 2:=ein 3:=Lebens-abschnitt.,1,,0,0
1129,alkoholkrankheit,Viele Menschen trinken gern Getränke mit Alkohol.,0_long,Ohne_Kategorie|Seiten_mit_defekten_Dateilinks,2023-03-06T15:49:02Z,017ecada082ed42bbfc77d89d4b14406,0:=Viele 1:=Menschen 2:=trinken 3:=gern 4:=Getränke 5:=mit 6:=Alkohol.,2,"[[0, 1, 2, 3], [5, 6]]",1,1
1448,altestenrat,Der Ältestenrat ist eine Politiker-gruppe.,0_short,Recht_und_Gesetz|Politik|Seiten_mit_defekten_Dateilinks,2015-05-17T14:32:45Z,af28a20dfb151690981ee13d72ce655c,0:=Der 1:=Ältestenrat 2:=ist 3:=eine 4:=Politiker-gruppe.,1,,0,0
42497,soldner,"Sie arbeiten für jeden, der sie be-zahlt.",5_long,Beruf|Seiten_mit_defekten_Dateilinks,2023-07-13T06:01:47Z,48f66906899cc4a9477b6c9e32ff4424,"0:=Sie 1:=arbeiten 2:=für 3:=jeden, 4:=der 5:=sie 6:=be-zahlt.",2,"[[0, 1, 2, 3], [4, 5, 6]]",1,1
26993,korruption-in-der-fifa,Zum Beispiel: behalten sie Geld das anderen gehört.,1_short,Sport|Recht_und_Gesetz|Seiten_mit_defekten_Dateilinks,2015-05-28T14:24:34Z,af28a20dfb151690981ee13d72ce655c,0:=Zum 1:=Beispiel: 2:=behalten 3:=sie 4:=Geld 5:=das 6:=anderen 7:=gehört.,2,"[[2, 3], [5, 6, 7]]",1,1
1936,anonymitat,anonym bedeutet namenlos.,0_short,Ohne_Kategorie,2015-01-03T20:19:29Z,5ddcf7455ff456f1eb3baf0107f54e42,0:=anonym 1:=\newline 2:=bedeutet 3:=namenlos.,1,,0,0
12137,echelon,Die Regierungen und Geheimdienste benutzen Echelon auch um Gesetze auszutricksen.,18_long,Ohne_Kategorie,2013-06-28T07:05:37Z,6275ee07d0785a2da491fbb224064f23,0:=Die 1:=Regierungen 2:=und 3:=Geheimdienste 4:=benutzen 5:=Echelon 6:=auch 7:=um 8:=Gesetze 9:=auszutricksen.,3,"[[1, 4, 5, 6], [3, 4, 5, 6], [7, 8, 9]]",1,2
42350,sms,Die Nachricht kann man dann an ein anderes Handy schicken.,1_long,Computer,2008-04-16T18:56:55Z,1165823e29d5567f66ef3bbbcbfabcad,0:=Die 1:=Nachricht 2:=kann 3:=man 4:=dann 5:=an 6:=ein 7:=anderes 8:=Handy 9:=schicken.,1,,0,0
10019,deckname,Oft werden Deck-namen von Geheim-diensten benutzt.,5_long,Ohne_Kategorie|Seiten_mit_defekten_Dateilinks,2016-01-19T20:23:11Z,48f66906899cc4a9477b6c9e32ff4424,0:=Oft 1:=werden 2:=Deck-namen 3:=von 4:=Geheim-diensten 5:=benutzt.,1,,0,0
10114,demenz,• In Österreich haben 130 Tausend Menschen Demenz.,27_long,Gesundheit|Seiten_mit_defekten_Dateilinks,2012-10-27T17:19:13Z,a6e7bfd89d5771b450c4ab0f5c2996e5,0:= 1:=• 2:=In 3:=Österreich 4:=haben 5:=130 6:=Tausend 7:=Menschen 8:=Demenz.,1,,0,0
10041,defenestration,Defenestrationen hat es früher viel gegeben.,1_long,Recht_und_Gesetz|Seiten_mit_defekten_Dateilinks,2016-11-09T16:25:59Z,ac95c75a4819ddeb76a125281a8c84d9,0:=Defenestrationen 1:=hat 2:=es 3:=früher 4:=viel 5:=gegeben.,1,,0,0
1892,anlauttabelle,Der Buchstabe B wird beim Wort Banane als erstes gesprochen.,3_long,Schule_und_Lernen,2014-08-26T17:59:17Z,af28a20dfb151690981ee13d72ce655c,0:=Der 1:=Buchstabe 2:=B 3:=wird 4:=beim 5:=Wort 6:=Banane 7:=als 8:=erstes 9:=gesprochen.,1,,0,0
1889,anlauttabelle,Anlauttabellen sollen beim Lesen und Schreiben helfen.,0_long,Schule_und_Lernen,2014-08-26T17:59:17Z,af28a20dfb151690981ee13d72ce655c,0:=Anlauttabellen 1:=sollen 2:=beim 3:=Lesen 4:=und 5:=Schreiben 6:=helfen.,2,"[[3], [5]]",1,1
12482,einfuhlungsvermogen,Mit den Ohren von Anderen zu hören.,1_long,Ohne_Kategorie|Seiten_mit_defekten_Dateilinks|Hurraki:Überarbeiten,2022-01-07T12:36:11Z,e800bebc9060331edfac65e663a55570,0:=Mit 1:=den 2:=Ohren 3:=von 4:=Anderen 5:=zu 6:=hören.,1,,0,0
42420,social-media,Social Media sind Angebote im Internet.,0_short,Internet|Seiten_mit_defekten_Dateilinks,2017-04-06T06:33:10Z,48f66906899cc4a9477b6c9e32ff4424,0:=Social 1:=Media 2:=sind 3:=Angebote 4:=im 5:=Internet.,1,,0,0
1683,an-12-unfall-in-juba,Das ist ein Transport-flugzeug.,5_long,Ohne_Kategorie|Hurraki:Überarbeiten|Aus_den_Nachrichten|Seiten_mit_defekten_Dateilinks,2015-11-07T08:34:15Z,48f66906899cc4a9477b6c9e32ff4424,0:=Das 1:=ist 2:=ein 3:=Transport-flugzeug.,1,,0,0
26936,korea-konflikt,Der Streit ist zwischen dem Land Nord-korea und dem Land Süd-korea.,1_short,Geopolitik|Politik|Aus_den_Nachrichten,2018-02-18T07:36:44Z,48f66906899cc4a9477b6c9e32ff4424,0:=Der 1:=Streit 2:=ist 3:=zwischen 4:=dem 5:=Land 6:=Nord-korea 7:=und 8:=dem 9:=Land 10:=Süd-korea.,1,,0,0
2106,anschlag-in-bangkok-im-august-2015,"Die Menschen die gestorben sind kommen aus diesen Ländern: China, Thailand, Philippinen.",14_long,Ohne_Kategorie|Geschichte|Seiten_mit_defekten_Dateilinks,2015-08-17T20:33:11Z,af28a20dfb151690981ee13d72ce655c,"0:=Die 1:=Menschen 2:=die 3:=gestorben 4:=sind 5:=kommen 6:=aus 7:=diesen 8:=Ländern: 9:=\newline 10:=China, 11:=Thailand, 12:=Philippinen.",5,"[[1, 5, 6, 7, 8], [1, 2, 3, 4], [10], [11], [12]]",1,3
1769,anarchismus,Und sie helfen sich gegenseitig.,16_long,Politik|Seiten_mit_defekten_Dateilinks,2016-04-25T17:26:24Z,48f66906899cc4a9477b6c9e32ff4424,0:=Und 1:=sie 2:=helfen 3:=sich 4:=gegenseitig.,1,,0,0
10111,demenz,Der Arzt hat zum Thema Demenz geforscht.,24_long,Gesundheit|Seiten_mit_defekten_Dateilinks,2012-10-27T17:19:13Z,a6e7bfd89d5771b450c4ab0f5c2996e5,0:=Der 1:=Arzt 2:=hat 3:=zum 4:=Thema 5:=Demenz 6:=geforscht.,2,"[[1, 2, 6], [3, 4, 5]]",1,1
12392,eierwarmer,Eier-wärmer gibt es seit dem 16. Jahr-hundert.,10_long,Essen_und_Trinken,2019-04-04T09:58:35Z,48f66906899cc4a9477b6c9e32ff4424,0:=Eier-wärmer 1:=gibt 2:=es 3:=seit 4:=dem 5:=16. 6:=Jahr-hundert.,1,,0,0
27070,krankenkasse,Die Mitglieder müssen Geld zahlen.,1_long,Gesundheit|Recht_und_Gesetz|Seiten_mit_defekten_Dateilinks,2020-08-04T13:39:48Z,cfbe77d115cd524def4ccbe596a54842,0:=Die 1:=Mitglieder 2:=müssen 3:=Geld 4:=zahlen.,1,,0,0
12084,ecall,Über die Technik wird noch viel geredet.,11_long,Ohne_Kategorie,2014-12-31T12:07:06Z,28d34f2e053dee2c0e9399a7924cd978,0:=Über 1:=die 2:=Technik 3:=wird 4:=noch 5:=viel 6:=geredet.,1,,0,0
12187,edgar-allan-poe,Edgar Allan Poe schreibt vor allem: • Kurz-geschichten,2_long,Personen,2022-01-19T07:15:51Z,e800bebc9060331edfac65e663a55570,0:=Edgar 1:=Allan 2:=Poe 3:=schreibt 4:=vor 5:=allem: 6:=• 7:=Kurz-geschichten,1,,0,0
1348,altenburg,Davor war Michael Wolf Ober-bürger-meister.,4_long,Städte,2019-03-20T11:00:48Z,ffaa744a207eb843b7f383adcf5da422,0:=Davor 1:=war 2:=Michael 3:=Wolf 4:=Ober-bürger-meister.,1,,0,0
1786,anarchismus,Im Anarchismus sind diese Sachen für die Menschen besonders wichtig: • Gleichberechtigung,33_long,Politik|Seiten_mit_defekten_Dateilinks,2016-04-25T17:26:24Z,48f66906899cc4a9477b6c9e32ff4424,0:=Im 1:=Anarchismus 2:=sind 3:=diese 4:=Sachen 5:=für 6:=die 7:=Menschen 8:=besonders 9:=wichtig: 10:=• 11:=Gleichberechtigung,4,"[[0, 1, 2, 3, 4, 9], [5, 6, 7, 9], [8, 9], [11]]",1,3
9690,cyber-monday,Am Montag danach kommt der Cyber Monday.,4_long,Gedenktage_und_Aktionstage|Seiten_mit_defekten_Dateilinks,2019-12-05T21:56:26Z,48f66906899cc4a9477b6c9e32ff4424,0:=Am 1:=Montag 2:=danach 3:=kommt 4:=der 5:=Cyber 6:=Monday.,1,,0,0
1857,angriff-in-las-vegas,Stephen Paddock hat alleine gehandelt.,23_long,Geschichte|Aus_den_Nachrichten|Hurraki:Überarbeiten|Seiten_mit_defekten_Dateilinks,2017-10-11T05:48:19Z,48f66906899cc4a9477b6c9e32ff4424,0:=Stephen 1:=Paddock 2:=hat 3:=alleine 4:=gehandelt.,1,,0,0
42391,social-bot,"Alle sollen glauben, der Social Bot ist ein Mensch.",1_long,Internet|Seiten_mit_defekten_Dateilinks,2017-08-13T08:57:11Z,28d34f2e053dee2c0e9399a7924cd978,"0:=Alle 1:=sollen 2:=glauben, 3:=\newline 4:=der 5:=Social 6:=Bot 7:=ist 8:=ein 9:=Mensch.",2,"[[0, 1, 2], [5, 6, 7, 9]]",1,1
12208,edward-snowden,Er hat das einem Journalisten erzählt.,10_long,Personen,2013-07-05T06:23:04Z,6275ee07d0785a2da491fbb224064f23,0:=Er 1:=hat 2:=das 3:=einem 4:=Journalisten 5:=erzählt.,1,,0,0
42192,skilanglauf,Skilanglauf macht man im Schnee.,1_short,Sport,2014-02-10T11:25:18Z,d4171b2c36772be4cad75ef4078874bd,0:=Skilanglauf 1:=macht 2:=man 3:=im 4:=Schnee.,1,,0,0
9821,das-blaue-sofa,Das blaue Sofa ist ein Sofa.,0_short,Ohne_Kategorie,2014-10-08T15:05:20Z,af28a20dfb151690981ee13d72ce655c,0:=Das 1:=blaue 2:=Sofa 3:=ist 4:=ein 5:=Sofa.,1,,0,0
12408,eifersucht,Aber jetzt liebt Susi den Peter.,12_long,Ohne_Kategorie|Seiten_mit_defekten_Dateilinks,2022-01-03T17:00:58Z,e800bebc9060331edfac65e663a55570,0:=Aber 1:=jetzt 2:=liebt 3:=Susi 4:=den 5:=Peter.,1,,0,0
1277,alles-in-butter,Aber am nächsten Tag ist wieder alles in Butter.,1_long,Redewendungen,2012-01-24T17:11:50Z,a9f29492ed8786de5125371472bcc003,0:=Aber 1:=am 2:=nächsten 3:=Tag 4:=ist 5:=wieder 6:=alles 7:=in 8:=Butter.,2,"[[0, 1, 2, 3], [4, 5, 6, 7, 8]]",1,1
1670,amtssprache,Die Sprache wird bei Behörden benutzt.,2_short,Sprache|Öffentliche_Verwaltung|Seiten_mit_defekten_Dateilinks,2015-07-21T11:36:14Z,eaab3232dd7a824a6a774fd2f2814e47,0:=Die 1:=Sprache 2:=wird 3:=bei 4:=Behörden 5:=benutzt.,1,,0,0
27180,kreativitat,Kreative Menschen geben nicht schnell auf.,1_long,Ohne_Kategorie|Seiten_mit_defekten_Dateilinks,2022-11-02T17:15:23Z,800aa39bfea9a2755c054805b2a7d478,0:=Kreative 1:=Menschen 2:=geben 3:=nicht 4:=schnell 5:=auf.,1,,0,0
1847,angriff-in-las-vegas,Stephen Paddock hat den Angriff vorher geplant.,13_long,Geschichte|Aus_den_Nachrichten|Hurraki:Überarbeiten|Seiten_mit_defekten_Dateilinks,2017-10-11T05:48:19Z,48f66906899cc4a9477b6c9e32ff4424,0:=Stephen 1:=Paddock 2:=hat 3:=den 4:=Angriff 5:=vorher 6:=geplant.,1,,0,0
9988,de-facto,de facto ist ein anderes Wort für tatsächlich.,0_short,Ohne_Kategorie,2012-04-11T08:37:32Z,c2a3161aaa81e977e80fd1ffa03a4bb0,0:=de 1:=facto 2:=ist 3:=ein 4:=anderes 5:=Wort 6:=für 7:=tatsächlich.,1,,0,0
9670,currywurst,Sie wird gerne mit Toast-Brot gegessen.,7_long,Essen_und_Trinken,2019-05-23T21:15:19Z,cb1e31ab104c40efee60452f9427ce6d,0:=Sie 1:=wird 2:=gerne 3:=mit 4:=Toast-Brot 5:=gegessen.,1,,0,0
9828,das-gespenst-von-canterville,Es ist die erste Geschichte von Oscar Wild.,1_short,Ohne_Kategorie|Seiten_mit_defekten_Dateilinks,2022-01-21T16:42:12Z,e800bebc9060331edfac65e663a55570,0:=Es 1:=ist 2:=die 3:=erste 4:=Geschichte 5:=von 6:=Oscar 7:=Wild.,2,"[[1, 2, 4, 5, 6, 7], [3]]",1,1
2035,anschlag-auf-den-bus-von-borussia-dortmund,"Manche sagen, die IS Gruppe hat den Anschlag gemacht.",7_long,Aus_den_Nachrichten|Hurraki:Überarbeiten|Geschichte|Seiten_mit_defekten_Dateilinks,2017-04-15T05:42:54Z,48f66906899cc4a9477b6c9e32ff4424,"0:=Manche 1:=sagen, 2:=\newline 3:=die 4:=IS 5:=Gruppe 6:=hat 7:=den 8:=Anschlag 9:=gemacht.",1,,0,0
42493,soldner,Söldner kämpfen für fremde Länder.,1_long,Beruf|Seiten_mit_defekten_Dateilinks,2023-07-13T06:01:47Z,48f66906899cc4a9477b6c9e32ff4424,0:=Söldner 1:=kämpfen 2:=für 3:=fremde 4:=Länder.,1,,0,0
27233,krieg,Verschiedene Länder kämpfen gegeneinander.,1_short,Ohne_Kategorie|Seiten_mit_defekten_Dateilinks,2015-10-10T20:54:29Z,687c465aa14a2b3047e6e0c21fbc9670,0:=Verschiedene 1:=Länder 2:=kämpfen 3:=gegeneinander.,1,,0,0
1001,alchemie,Oder wie man Gold macht.,5_short,Wissenschaft|Seiten_mit_defekten_Dateilinks,2022-10-03T06:15:06Z,48f66906899cc4a9477b6c9e32ff4424,0:=Oder 1:=wie 2:=man 3:=Gold 4:=macht.,1,,0,0
1733,analphabet,Er kann ein bisschen schreiben.,14_long,Ohne_Kategorie|Seiten_mit_defekten_Dateilinks,2015-09-08T10:46:12Z,cfbe77d115cd524def4ccbe596a54842,0:=Er 1:=kann 2:=ein 3:=bisschen 4:=schreiben.,1,,0,0
1373,alternative-fur-deutschland,"Das heißt, sie haben viele Politiker im Bundes-tag.",10_long,Politik|Aus_den_Nachrichten|Partei_in_Deutschland,2016-10-08T08:01:49Z,6275ee07d0785a2da491fbb224064f23,"0:=Das 1:=heißt, 2:=\newline 3:=sie 4:=haben 5:=viele 6:=Politiker 7:=im 8:=Bundes-tag.",1,,0,0
1887,ankerland,"Wenn ein Anker-land eine Entscheidung macht, sind viele Nachbar-länder davon betroffen.",1_short,Länder|Seiten_mit_defekten_Dateilinks,2015-12-14T14:52:58Z,208c142d9a40526b9e4a73aa2f6b0b97,"0:=Wenn 1:=ein 2:=Anker-land 3:=eine 4:=Entscheidung 5:=macht, 6:=\newline 7:=sind 8:=viele 9:=Nachbar-länder 10:=davon 11:=betroffen.",2,"[[0, 2, 4, 5], [7, 8, 9, 10, 11]]",1,1
26876,kopfsalat,Wilder Lattich wächst in Süd-europa und Vorder-asien.,3_long,Essen_und_Trinken|Natur,2022-01-12T15:29:05Z,e800bebc9060331edfac65e663a55570,0:=Wilder 1:=Lattich 2:=wächst 3:=in 4:=Süd-europa 5:=und 6:=Vorder-asien.,2,"[[4], [6]]",1,1
10116,demenz,Demenz ist eine Krankheit.,0_short,Gesundheit|Seiten_mit_defekten_Dateilinks,2012-10-27T17:19:13Z,a6e7bfd89d5771b450c4ab0f5c2996e5,0:=Demenz 1:=ist 2:=eine 3:=Krankheit.,1,,0,0
10146,demilitarisierung,1933 kam Adolf Hitler an die Macht.,5_long,Ohne_Kategorie|Seiten_mit_defekten_Dateilinks,2016-01-20T18:01:41Z,950c751fae083d40469b6d3261a74515,0:=1933 1:=kam 2:=Adolf 3:=Hitler 4:=an 5:=die 6:=Macht.,1,,0,0
42286,sledge-eishockey,Wer die meisten Punkte hat gewinnt das Spiel.,10_long,Sport|Paralympics,2012-01-07T18:34:17Z,d4171b2c36772be4cad75ef4078874bd,0:=Wer 1:=die 2:=meisten 3:=Punkte 4:=hat 5:=gewinnt 6:=das 7:=Spiel.,1,,0,0
1962,anschlag-am-1-januar-2017-istanbul,Keiner weiß wer der Mann ist.,1_long,Aus_den_Nachrichten|Geschichte|Seiten_mit_defekten_Dateilinks,2017-01-03T08:02:25Z,48f66906899cc4a9477b6c9e32ff4424,0:=Keiner 1:=weiß 2:=wer 3:=der 4:=Mann 5:=ist.,2,"[[0, 1], [2, 4, 5]]",1,1
12129,echelon,Die Geheimdienste und die Regierungen der 5 Länder haben lange nichts gesagt.,10_long,Ohne_Kategorie,2013-06-28T07:05:37Z,6275ee07d0785a2da491fbb224064f23,0:=Die 1:=Geheimdienste 2:=und 3:=die 4:=Regierungen 5:=der 6:=5 7:=Länder 8:=haben 9:=lange 10:=nichts 11:=gesagt.,2,"[[1], [4]]",1,1
27212,krieg,"Man denkt, dass Kriege die einzige Lösung sind ein Konflikt zu lösen.",1_long,Ohne_Kategorie|Seiten_mit_defekten_Dateilinks,2015-10-10T20:54:29Z,687c465aa14a2b3047e6e0c21fbc9670,"0:=Man 1:=denkt, 2:=dass 3:=Kriege 4:=die 5:=einzige 6:=Lösung 7:=sind 8:=ein 9:=Konflikt 10:=zu 11:=lösen.",2,"[[3, 5, 6, 7], [9, 10, 11]]",1,1
9980,de-cix,Der Verbindungs-ort heißt Netz-knoten.,3_long,Seiten_mit_defekten_Dateilinks|Ohne_Kategorie,2015-02-01T21:54:47Z,28d34f2e053dee2c0e9399a7924cd978,0:=Der 1:=Verbindungs-ort 2:=heißt 3:=Netz-knoten.,1,,0,0
26996,korruption,Damit der Richter lügt.,1_long,Politik|Recht_und_Gesetz,2008-10-10T21:54:55Z,e3afed0047b08059d0fada10f400c1e5,0:=Damit 1:=der 2:=Richter 3:=lügt.,1,,0,0
1907,annalena-baerbock,Annalena Baerbock wurde am 15. Dezember 1980 geboren.,0_long,Aus_den_Nachrichten|Personen|Politik,2021-11-29T06:50:49Z,48f66906899cc4a9477b6c9e32ff4424,0:=Annalena 1:=Baerbock 2:=wurde 3:=am 4:=15. 5:=Dezember 6:=1980 7:=geboren.,1,,0,0
1867,angriff-in-las-vegas,Der Mann hat über 50 Menschen ermordet.,3_short,Geschichte|Aus_den_Nachrichten|Hurraki:Überarbeiten|Seiten_mit_defekten_Dateilinks,2017-10-11T05:48:19Z,48f66906899cc4a9477b6c9e32ff4424,0:=Der 1:=Mann 2:=hat 3:=über 4:=50 5:=Menschen 6:=ermordet.,1,,0,0
42004,simpel,Die Hausaufgaben sind einfach.,1_long,Schimpfwort,2012-01-09T22:00:23Z,eaab3232dd7a824a6a774fd2f2814e47,0:=Die 1:=Hausaufgaben 2:=sind 3:=einfach.,1,,0,0
12519,einkommen,Du kannst zu diesem Geld Ein-kommen sagen.,1_long,Geld,2021-10-27T16:11:52Z,4e761a928113c1f23dda0939b1022778,0:=Du 1:=kannst 2:=zu 3:=diesem 4:=Geld 5:=Ein-kommen 6:=sagen.,1,,0,0
27005,korruption,Korruption wird in Deutschland bestraft,10_long,Politik|Recht_und_Gesetz,2008-10-10T21:54:55Z,e3afed0047b08059d0fada10f400c1e5,0:=Korruption 1:=wird 2:=in 3:=Deutschland 4:=bestraft,2,"[[0, 1], [2, 3]]",1,1
9993,deakzession,Bei einer Deakzession wird für neue Sachen Platz gemacht.,0_short,Ohne_Kategorie,2014-05-06T08:17:23Z,af28a20dfb151690981ee13d72ce655c,0:=Bei 1:=einer 2:=Deakzession 3:=wird 4:=für 5:=neue 6:=Sachen 7:=Platz 8:=gemacht.,3,"[[3, 7, 8], [4, 6], [5, 6]]",1,2
1792,anarchismus,Sehr oft haben sie ihre eigenen Zeichen.,39_long,Politik|Seiten_mit_defekten_Dateilinks,2016-04-25T17:26:24Z,48f66906899cc4a9477b6c9e32ff4424,0:=Sehr 1:=oft 2:=haben 3:=sie 4:=ihre 5:=eigenen 6:=Zeichen.,1,,0,0
42445,sockenklammer,Socken-klammern sind meistens aus Kunst-stoff.,8_long,Kleider,2018-04-12T06:31:04Z,48f66906899cc4a9477b6c9e32ff4424,0:=Socken-klammern 1:=sind 2:=meistens 3:=aus 4:=Kunst-stoff.,1,,0,0
27069,krankenkasse,Bei einer Kranken-kasse kann man Mitglied werden.,0_long,Gesundheit|Recht_und_Gesetz|Seiten_mit_defekten_Dateilinks,2020-08-04T13:39:48Z,cfbe77d115cd524def4ccbe596a54842,0:=Bei 1:=einer 2:=Kranken-kasse 3:=kann 4:=man 5:=Mitglied 6:=werden.,1,,0,0
9755,dalai-lama,Dalai Lama ist ein Titel.,0_short,Religion,2008-02-05T15:10:08Z,e3afed0047b08059d0fada10f400c1e5,0:=Dalai 1:=Lama 2:=ist 3:=ein 4:=Titel.,1,,0,0
12178,echter-clownfisch,Der Echte Clown-fisch lebt im Meer.,0_short,Tiere|Seiten_mit_defekten_Dateilinks,2021-05-15T15:50:47Z,7b5adf57ed2178795004f4c052333f37,0:=Der 1:=Echte 2:=Clown-fisch 3:=lebt 4:=im 5:=Meer.,1,,0,0
42320,smartphone,Ein Akku gibt dem Smartphone Energie.,4_long,Computer|Internet,2012-08-24T08:57:32Z,72fb5f8156adf1b638fc9bd1fa6cdbcf,0:=Ein 1:=Akku 2:=gibt 3:=dem 4:=Smartphone 5:=Energie.,1,,0,0
42153,sitzvolleyball,Sitz-volley-ball ist eine Sportart.,0_short,Sport|Paralympics,2012-01-30T18:24:13Z,d4171b2c36772be4cad75ef4078874bd,0:=Sitz-volley-ball 1:=ist 2:=eine 3:=Sportart.,1,,0,0
2152,anschlag-in-charlottesville,Sie haben gegen die Rechten Gruppen demonstriert.,5_short,Aus_den_Nachrichten|Hurraki:Überarbeiten|Seiten_mit_defekten_Dateilinks,2017-08-20T04:11:19Z,48f66906899cc4a9477b6c9e32ff4424,0:=Sie 1:=haben 2:=gegen 3:=die 4:=Rechten 5:=Gruppen 6:=demonstriert.,2,"[[0, 1, 6], [2, 4, 5]]",1,1
12530,einladung,Eine Einladung ist wenn man möchte das jemand zu Besuch kommt.,0_short,Ohne_Kategorie|Seiten_mit_defekten_Dateilinks,2019-02-15T07:34:41Z,d49497e3abada5f79c3745c314471167,0:=Eine 1:=Einladung 2:=ist 3:=wenn 4:=man 5:=möchte 6:=das 7:=jemand 8:=zu 9:=Besuch 10:=kommt.,3,"[[1, 2], [3, 4, 5], [6, 7, 8, 9, 10]]",1,2
26895,koprolalie,Koprolalie ist sehr oft mit dem Tourette-Syndrom verbunden.,6_long,Gesundheit,2014-04-25T20:23:18Z,af28a20dfb151690981ee13d72ce655c,0:=Koprolalie 1:=ist 2:=sehr 3:=oft 4:=mit 5:=dem 6:=Tourette-Syndrom 7:=verbunden.,1,,0,0
42292,sledge-eishockey,Sledge-Eishockey wird auf dem Eis gespielt.,1_short,Sport|Paralympics,2012-01-07T18:34:17Z,d4171b2c36772be4cad75ef4078874bd,0:=Sledge-Eishockey 1:=wird 2:=auf 3:=dem 4:=Eis 5:=gespielt.,1,,0,0
2025,anschlag-auf-charlie-hebdo,Der Anschlag auf Charlie Hebdo ist am 7. Januar 2015 passiert.,0_short,Politik|Attentat,2015-01-08T12:46:55Z,af28a20dfb151690981ee13d72ce655c,0:=Der 1:=Anschlag 2:=auf 3:=Charlie 4:=Hebdo 5:=ist 6:=am 7:=7. 8:=Januar 9:=2015 10:=passiert.,2,"[[2, 3, 4], [6, 7, 8, 9]]",1,1
12564,eins,Eins ist eine Zahl.,0_short,Seiten_mit_defekten_Dateilinks|Ohne_Kategorie,2018-11-19T09:26:30Z,48f66906899cc4a9477b6c9e32ff4424,0:=Eins 1:=ist 2:=eine 3:=Zahl.,1,,0,0
42246,skullet,Skullet ist ein Haar-Schnitt.,0_short,Frisur,2014-05-15T10:15:37Z,eaab3232dd7a824a6a774fd2f2814e47,0:=Skullet 1:=ist 2:=ein 3:=Haar-Schnitt.,1,,0,0
1865,angriff-in-las-vegas,Ein Mann hat andere Menschen umgebracht und verletzt.,1_short,Geschichte|Aus_den_Nachrichten|Hurraki:Überarbeiten|Seiten_mit_defekten_Dateilinks,2017-10-11T05:48:19Z,48f66906899cc4a9477b6c9e32ff4424,0:=Ein 1:=Mann 2:=hat 3:=andere 4:=Menschen 5:=umgebracht 6:=und 7:=verletzt.,2,"[[5], [7]]",1,1
9879,datenschutz-grundverordnung,Die Datenschutz-Grundverordnung ist ein Gesetz.,0_short,Recht_und_Gesetz,2018-06-04T15:22:46Z,48f66906899cc4a9477b6c9e32ff4424,0:=Die 1:=Datenschutz-Grundverordnung 2:=ist 3:=ein 4:=Gesetz.,1,,0,0
9673,currywurst,Oder sie ist eine Brüh-wurst.,1_short,Essen_und_Trinken,2019-05-23T21:15:19Z,cb1e31ab104c40efee60452f9427ce6d,0:=Oder 1:=sie 2:=ist 3:=eine 4:=Brüh-wurst.,1,,0,0
12474,einfaches-leben,Die Menschen schauen genau was sie kaufen.,4_long,Ohne_Kategorie,2015-04-06T13:18:53Z,af28a20dfb151690981ee13d72ce655c,0:=Die 1:=Menschen 2:=schauen 3:=genau 4:=was 5:=sie 6:=kaufen.,2,"[[1, 2, 3], [4, 5, 6]]",1,1
1185,allee,Eine Allee ist eine gerade Straße.,0_short,Ohne_Kategorie,2012-06-10T17:54:11Z,eaab3232dd7a824a6a774fd2f2814e47,0:=Eine 1:=Allee 2:=ist 3:=eine 4:=gerade 5:=Straße.,2,"[[1, 2], [4]]",1,1
2115,anschlag-in-bangkok-im-august-2015,Dort waren sehr viele Menschen.,7_short,Ohne_Kategorie|Geschichte|Seiten_mit_defekten_Dateilinks,2015-08-17T20:33:11Z,af28a20dfb151690981ee13d72ce655c,0:=Dort 1:=waren 2:=sehr 3:=viele 4:=Menschen.,1,,0,0
12282,ehe,Sie machen einen Ehe-vertrag.,5_long,Recht_und_Gesetz,2019-01-14T08:43:52Z,48f66906899cc4a9477b6c9e32ff4424,0:=Sie 1:=machen 2:=einen 3:=Ehe-vertrag.,1,,0,0
27278,kryptowahrung,Krypto-währungen sind digital.,9_long,Geld,2018-12-19T14:08:31Z,48f66906899cc4a9477b6c9e32ff4424,0:=Krypto-währungen 1:=sind 2:=digital.,1,,0,0
1380,alternative-fur-deutschland,Die Alternative für Deutschland ist eine Partei.,0_short,Politik|Aus_den_Nachrichten|Partei_in_Deutschland,2016-10-08T08:01:49Z,6275ee07d0785a2da491fbb224064f23,0:=Die 1:=Alternative 2:=für 3:=Deutschland 4:=ist 5:=eine 6:=Partei.,1,,0,0
2137,anschlag-in-charlottesville,Die Rechten Gruppen haben die Gegen-demonstranten angegriffen.,6_long,Aus_den_Nachrichten|Hurraki:Überarbeiten|Seiten_mit_defekten_Dateilinks,2017-08-20T04:11:19Z,48f66906899cc4a9477b6c9e32ff4424,0:=Die 1:=Rechten 2:=Gruppen 3:=haben 4:=die 5:=Gegen-demonstranten 6:=angegriffen.,1,,0,0
42453,sodbrennen,"Reflux heißt, es fließt etwas zurück.",2_long,Gesundheit,2009-07-13T17:40:11Z,4a7c0bf975893985e2e36604fef9654f,"0:=Reflux 1:=heißt, 2:=es 3:=fließt 4:=etwas 5:=zurück.",1,,0,0
1327,alltagsmaske,Man schützt den Mund.,2_short,Gesundheit|Aus_den_Nachrichten|Seiten_mit_defekten_Dateilinks,2021-07-16T07:58:18Z,48f66906899cc4a9477b6c9e32ff4424,0:=Man 1:=schützt 2:=den 3:=Mund.,1,,0,0
2116,anschlag-in-berlin-2016,Der Last-wagen hat Menschen bei einem Weihnachts-markt überfahren.,0_long,Ohne_Kategorie|Hurraki:Überarbeiten|Aus_den_Nachrichten|Geschichte|Seiten_mit_defekten_Dateilinks,2016-12-21T09:57:24Z,af28a20dfb151690981ee13d72ce655c,0:=Der 1:=Last-wagen 2:=hat 3:=Menschen 4:=bei 5:=einem 6:=Weihnachts-markt 7:=überfahren.,2,"[[1, 2, 3, 7], [4, 6]]",1,1
1465,altstadt,Die Alt-stadt soll an die alte Stadt erinnern.,1_long,Stadt,2019-05-13T09:38:11Z,48f66906899cc4a9477b6c9e32ff4424,0:=Die 1:=Alt-stadt 2:=soll 3:=an 4:=die 5:=alte 6:=Stadt 7:=erinnern.,1,,0,0
9890,datenschutz,Beim Daten-schutz wird das Persönlich-keits-recht geschützt.,0_long,Recht_und_Gesetz|Seiten_mit_defekten_Dateilinks,2022-10-29T04:32:19Z,48f66906899cc4a9477b6c9e32ff4424,0:=Beim 1:=Daten-schutz 2:=wird 3:=das 4:=Persönlich-keits-recht 5:=geschützt.,1,,0,0
12356,eid,Arzt haben früher einen Eid abgeben.,1_long,Recht_und_Gesetz|Seiten_mit_defekten_Dateilinks,2012-03-03T00:00:41Z,58d6d1d5aca5e9e6ed470dcf6dafeb4e,0:=Arzt 1:=haben 2:=früher 3:=einen 4:=Eid 5:=abgeben.,1,,0,0
42133,sitzvolleyball,In der Mitte steht ein Netz.,6_long,Sport|Paralympics,2012-01-30T18:24:13Z,d4171b2c36772be4cad75ef4078874bd,0:=In 1:=der 2:=Mitte 3:=steht 4:=ein 5:=Netz.,1,,0,0
12434,eiffelturm,Viele Menschen kommen jedes Jahr zum Eiffel-turm.,15_long,Ort,2015-03-31T17:25:55Z,45975183761f50ed006efcbab4df0803,0:=Viele 1:=Menschen 2:=kommen 3:=jedes 4:=Jahr 5:=zum 6:=Eiffel-turm.,2,"[[0, 1, 2, 5, 6], [3, 4]]",1,1
26930,korea-konflikt,Süd-korea wird von Amerika unterstützt.,17_long,Geopolitik|Politik|Aus_den_Nachrichten,2018-02-18T07:36:44Z,48f66906899cc4a9477b6c9e32ff4424,0:=Süd-korea 1:=wird 2:=von 3:=Amerika 4:=unterstützt.,1,,0,0
1042,aleviten,Einige Aleviten sehen sich als Muslime.,4_short,Religion,2008-02-02T09:57:28Z,e3afed0047b08059d0fada10f400c1e5,0:=Einige 1:=Aleviten 2:=sehen 3:=sich 4:=als 5:=Muslime.,1,,0,0
9695,cyber-monday,So spricht man Cyber Monday: Saiber Mandäi.,9_long,Gedenktage_und_Aktionstage|Seiten_mit_defekten_Dateilinks,2019-12-05T21:56:26Z,48f66906899cc4a9477b6c9e32ff4424,0:=So 1:=spricht 2:=man 3:=Cyber 4:=Monday: 5:=Saiber 6:=Mandäi.,1,,0,0
12134,echelon,Mit Echelon wird auch Wirtschaftsspionage gemacht.,15_long,Ohne_Kategorie,2013-06-28T07:05:37Z,6275ee07d0785a2da491fbb224064f23,0:=Mit 1:=Echelon 2:=wird 3:=auch 4:=Wirtschaftsspionage 5:=gemacht.,1,,0,0
12173,echter-clownfisch,Manche werden später Weibchen.,27_long,Tiere|Seiten_mit_defekten_Dateilinks,2021-05-15T15:50:47Z,7b5adf57ed2178795004f4c052333f37,0:=Manche 1:=werden 2:=später 3:=Weibchen.,1,,0,0
12555,einrad,Die Pedale sind direkt am Rad.,3_short,Ohne_Kategorie|Seiten_mit_defekten_Dateilinks,2019-09-15T15:33:55Z,7b5adf57ed2178795004f4c052333f37,0:=Die 1:=Pedale 2:=sind 3:=direkt 4:=am 5:=Rad.,1,,0,0
1773,anarchismus,"Eine Frau die an den Anarchismus glaubt, ist eine Anarchistin.",20_long,Politik|Seiten_mit_defekten_Dateilinks,2016-04-25T17:26:24Z,48f66906899cc4a9477b6c9e32ff4424,"0:=Eine 1:=Frau 2:=die 3:=an 4:=den 5:=Anarchismus 6:=glaubt, 7:=\newline 8:=ist 9:=eine 10:=Anarchistin.",2,"[[2, 3, 5, 6], [8, 10]]",1,1
12558,eins,Und sie ist eine Kubik-zahl.,2_long,Seiten_mit_defekten_Dateilinks|Ohne_Kategorie,2018-11-19T09:26:30Z,48f66906899cc4a9477b6c9e32ff4424,0:=Und 1:=sie 2:=ist 3:=eine 4:=Kubik-zahl.,1,,0,0
26889,koprolalie,Koprolalie kann zwanghaft sein.,0_long,Gesundheit,2014-04-25T20:23:18Z,af28a20dfb151690981ee13d72ce655c,0:=Koprolalie 1:=kann 2:=zwanghaft 3:=sein.,1,,0,0
42149,sitzvolleyball,Die Pause dauert 4 Minuten.,22_long,Sport|Paralympics,2012-01-30T18:24:13Z,d4171b2c36772be4cad75ef4078874bd,0:=Die 1:=Pause 2:=dauert 3:=4 4:=Minuten.,1,,0,0
42117,sitelen-sitelen,Sitelen Sitelen kann man als Silben-schrift verwenden.,3_short,Seiten_mit_defekten_Dateilinks|Ohne_Kategorie,2022-02-09T12:13:55Z,e800bebc9060331edfac65e663a55570,0:=Sitelen 1:=Sitelen 2:=kann 3:=man 4:=als 5:=Silben-schrift 6:=verwenden.,1,,0,0
1239,allerheiligen,Sie schmücken dann die Gräber ihrer Verwandten.,23_long,Religion|Seiten_mit_defekten_Dateilinks,2015-11-01T12:22:09Z,7b5adf57ed2178795004f4c052333f37,0:=Sie 1:=schmücken 2:=dann 3:=die 4:=Gräber 5:=ihrer 6:=Verwandten.,1,,0,0
9918,datenschutz,Jeder hat ein Recht auf Daten-schutz.,9_short,Recht_und_Gesetz|Seiten_mit_defekten_Dateilinks,2022-10-29T04:32:19Z,48f66906899cc4a9477b6c9e32ff4424,0:=Jeder 1:=hat 2:=ein 3:=Recht 4:=auf 5:=Daten-schutz.,1,,0,0
12517,einkommen-aus-besitz,Und dafür bekommst du Geld.,2_short,Geld,2021-10-30T11:15:40Z,4e761a928113c1f23dda0939b1022778,0:=Und 1:=dafür 2:=bekommst 3:=du 4:=Geld.,1,,0,0
995,alchemie,Alchemie ist ein arabisches Wort.,8_long,Wissenschaft|Seiten_mit_defekten_Dateilinks,2022-10-03T06:15:06Z,48f66906899cc4a9477b6c9e32ff4424,0:=Alchemie 1:=ist 2:=ein 3:=arabisches 4:=Wort.,1,,0,0
42276,sledge-eishockey,Jede Mannschaft hat 6 Spieler.,0_long,Sport|Paralympics,2012-01-07T18:34:17Z,d4171b2c36772be4cad75ef4078874bd,0:=Jede 1:=Mannschaft 2:=hat 3:=6 4:=Spieler.,1,,0,0
9782,danemark,Die Flagge von Dänemark ist rot mit einem weißen Kreuz.,2_long,Ohne_Kategorie|Seiten_mit_defekten_Dateilinks,2023-04-04T08:35:33Z,f3d525674a904e48b4a41a13ef2a54a5,0:=Die 1:=Flagge 2:=von 3:=Dänemark 4:=ist 5:=rot 6:=mit 7:=einem 8:=weißen 9:=Kreuz.,3,"[[1, 2, 3], [1, 4, 5], [5, 6, 8, 9]]",1,2
1783,anarchismus,Dadurch soll es keine Unterdrückung geben.,30_long,Politik|Seiten_mit_defekten_Dateilinks,2016-04-25T17:26:24Z,48f66906899cc4a9477b6c9e32ff4424,0:=Dadurch 1:=soll 2:=es 3:=keine 4:=Unterdrückung 5:=geben.,1,,0,0
12549,einrad,Es gibt auch für verschiedene Ein-rad-sport-arten.,6_long,Ohne_Kategorie|Seiten_mit_defekten_Dateilinks,2019-09-15T15:33:55Z,7b5adf57ed2178795004f4c052333f37,0:=Es 1:=gibt 2:=auch 3:=für 4:=verschiedene 5:=Ein-rad-sport-arten.,1,,0,0
10161,demografie,Demografie kann man auch so schreiben: Demographie,7_long,Wissenschaft|Gesellschaft|Seiten_mit_defekten_Dateilinks,2021-02-01T07:51:47Z,10d328ecc07ab3b6c356d5ccb8a5c8d3,0:=Demografie 1:=kann 2:=man 3:=auch 4:=so 5:=schreiben: 6:=Demographie,1,,0,0
2023,anschlag-auf-charlie-hebdo,Und 11 Menschen wurden verletzt.,1_long,Politik|Attentat,2015-01-08T12:46:55Z,af28a20dfb151690981ee13d72ce655c,0:=Und 1:=11 2:=Menschen 3:=wurden 4:=verletzt.,1,,0,0
1971,anschlag-am-1-januar-2017-istanbul,Und der Mann gehört zu unserer Gruppe.,10_long,Aus_den_Nachrichten|Geschichte|Seiten_mit_defekten_Dateilinks,2017-01-03T08:02:25Z,48f66906899cc4a9477b6c9e32ff4424,0:=Und 1:=der 2:=Mann 3:=gehört 4:=zu 5:=unserer 6:=Gruppe.,1,,0,0
27320,kulturbeutel,Ein Kulturbeutel ist eine kleine Tasche.,0_short,Ohne_Kategorie,2014-05-22T19:23:36Z,eaab3232dd7a824a6a774fd2f2814e47,0:=Ein 1:=Kulturbeutel 2:=ist 3:=eine 4:=kleine 5:=Tasche.,1,,0,0
27126,krankenversicherung,Eine Kranken-versicherung ist eine Ab-sicherung.,0_short,Arbeit,2021-10-26T07:49:24Z,4e761a928113c1f23dda0939b1022778,0:=Eine 1:=Kranken-versicherung 2:=ist 3:=eine 4:=Ab-sicherung.,1,,0,0
1217,allerheiligen,Zum Beispiel: • Menschen die besonders viel für ihre Religion gemacht haben,1_long,Religion|Seiten_mit_defekten_Dateilinks,2015-11-01T12:22:09Z,7b5adf57ed2178795004f4c052333f37,0:=Zum 1:=Beispiel: 2:=• 3:=Menschen 4:=die 5:=besonders 6:=viel 7:=für 8:=ihre 9:=Religion 10:=gemacht 11:=haben,2,"[[2, 3, 5, 6, 10, 11], [7, 8, 9]]",1,1
2071,anschlag-in-ankara-2016,"Wer den Anschlag gemacht hat, weiß man noch nicht.",5_long,Ohne_Kategorie|Aus_den_Nachrichten|Geschichte|Seiten_mit_defekten_Dateilinks,2016-02-21T09:24:48Z,af28a20dfb151690981ee13d72ce655c,"0:=Wer 1:=den 2:=Anschlag 3:=gemacht 4:=hat, 5:=\newline 6:=weiß 7:=man 8:=noch 9:=nicht.",2,"[[0, 2, 3, 4], [6, 7, 8, 9]]",1,1
1057,alexander-graham-bell,Der Vater von Bell war Professor für Rede-kunst und Vortrags-kunst.,5_long,Personen|Seiten_mit_defekten_Dateilinks,2022-03-03T19:51:00Z,28d34f2e053dee2c0e9399a7924cd978,0:=Der 1:=Vater 2:=von 3:=Bell 4:=war 5:=Professor 6:=für 7:=Rede-kunst 8:=und 9:=Vortrags-kunst.,3,"[[0, 1, 2, 3, 4], [6, 7], [6, 9]]",1,2
42355,sneak-preview,Der Film wird beim Sneak Preview zum ersten mal gezeigt.,2_long,Film_und_Kino|Seiten_mit_defekten_Dateilinks,2017-10-23T06:43:33Z,48f66906899cc4a9477b6c9e32ff4424,0:=Der 1:=Film 2:=wird 3:=beim 4:=Sneak 5:=Preview 6:=zum 7:=ersten 8:=mal 9:=gezeigt.,1,,0,0
1860,angriff-in-las-vegas,Viele Menschen diskutieren über Waffen.,26_long,Geschichte|Aus_den_Nachrichten|Hurraki:Überarbeiten|Seiten_mit_defekten_Dateilinks,2017-10-11T05:48:19Z,48f66906899cc4a9477b6c9e32ff4424,0:=Viele 1:=Menschen 2:=diskutieren 3:=über 4:=Waffen.,1,,0,0
9772,dampflokomotive,Der Dampf hat große Kraft und bewegt die Räder.,5_short,Verkehr|Seiten_mit_defekten_Dateilinks,2023-01-30T15:21:08Z,99280970af8d54864c10b22240ecda16,0:=Der 1:=Dampf 2:=hat 3:=große 4:=Kraft 5:=und 6:=bewegt 7:=die 8:=Räder.,3,"[[1, 4], [3], [6, 8]]",1,2
1992,anschlag-am-10-dezember-2016-in-istanbul,Der Anschlag in Istanbul ist am 10. Dezember 2016 gewesen.,0_short,Aus_den_Nachrichten|Geschichte|Seiten_mit_defekten_Dateilinks,2016-12-15T07:06:25Z,af28a20dfb151690981ee13d72ce655c,0:=Der 1:=Anschlag 2:=in 3:=Istanbul 4:=ist 5:=am 6:=10. 7:=Dezember 8:=2016 9:=gewesen.,2,"[[2, 3], [5, 6, 7, 8]]",1,1
26944,korperbemalung,Die Farbe geht nach einiger Zeit wieder weg.,3_long,Kleider|Seiten_mit_defekten_Dateilinks,2015-06-05T15:33:34Z,eaab3232dd7a824a6a774fd2f2814e47,0:=Die 1:=Farbe 2:=geht 3:=nach 4:=einiger 5:=Zeit 6:=wieder 7:=weg.,2,"[[1, 2, 6, 7], [3, 4, 5]]",1,1
1209,aller-anfang-ist-schwer,Dieser Spruch kommt von Ovid.,0_long,Ohne_Kategorie|Seiten_mit_defekten_Dateilinks,2021-12-30T16:41:24Z,e800bebc9060331edfac65e663a55570,0:=Dieser 1:=Spruch 2:=kommt 3:=von 4:=Ovid.,1,,0,0
1782,anarchismus,Keinen Menschen darf man zu etwas zwingen.,29_long,Politik|Seiten_mit_defekten_Dateilinks,2016-04-25T17:26:24Z,48f66906899cc4a9477b6c9e32ff4424,0:=Keinen 1:=Menschen 2:=darf 3:=man 4:=zu 5:=etwas 6:=zwingen.,1,,0,0
2094,anschlag-in-bangkok-im-august-2015,Bis jetzt hat sich niemand dazu bekannt.,2_long,Ohne_Kategorie|Geschichte|Seiten_mit_defekten_Dateilinks,2015-08-17T20:33:11Z,af28a20dfb151690981ee13d72ce655c,0:=Bis 1:=jetzt 2:=hat 3:=sich 4:=niemand 5:=dazu 6:=bekannt.,2,"[[0, 1], [2, 3, 4, 5, 6]]",1,1
12336,ehrenburger,Das Lob macht eine Stadt oder eine Gemeinde.,2_short,Ohne_Kategorie|Seiten_mit_defekten_Dateilinks,2016-10-24T06:14:31Z,48f66906899cc4a9477b6c9e32ff4424,0:=Das 1:=Lob 2:=macht 3:=eine 4:=Stadt 5:=oder 6:=eine 7:=Gemeinde.,2,"[[4], [7]]",1,1
9712,dabbawala,Dabba-wala ist ein Beruf.,0_long,Seiten_mit_defekten_Dateilinks|Essen_und_Trinken|Beruf,2019-03-23T09:47:38Z,48f66906899cc4a9477b6c9e32ff4424,0:=Dabba-wala 1:=ist 2:=ein 3:=Beruf.,1,,0,0
2151,anschlag-in-charlottesville,Andere Gruppen haben eine Gegen-demonstration gemacht.,4_short,Aus_den_Nachrichten|Hurraki:Überarbeiten|Seiten_mit_defekten_Dateilinks,2017-08-20T04:11:19Z,48f66906899cc4a9477b6c9e32ff4424,0:=Andere 1:=Gruppen 2:=haben 3:=eine 4:=Gegen-demonstration 5:=gemacht.,1,,0,0
2155,anschlag-in-charlottesville,Eine Frau ist dabei gestorben.,8_short,Aus_den_Nachrichten|Hurraki:Überarbeiten|Seiten_mit_defekten_Dateilinks,2017-08-20T04:11:19Z,48f66906899cc4a9477b6c9e32ff4424,0:=Eine 1:=Frau 2:=ist 3:=dabei 4:=gestorben.,1,,0,0
1477,altstadt,Eine Altstadt ist ein Teil von einer Stadt.,0_short,Stadt,2019-05-13T09:38:11Z,48f66906899cc4a9477b6c9e32ff4424,0:=Eine 1:=Altstadt 2:=ist 3:=ein 4:=Teil 5:=von 6:=einer 7:=Stadt.,1,,0,0
9977,de-cix,Jede Telefon-firma hat Telefon-leitungen.,0_long,Seiten_mit_defekten_Dateilinks|Ohne_Kategorie,2015-02-01T21:54:47Z,28d34f2e053dee2c0e9399a7924cd978,0:=Jede 1:=Telefon-firma 2:=hat 3:=Telefon-leitungen.,1,,0,0
26952,korperbemalung,An den Stöcken waren Tier-haare.,11_long,Kleider|Seiten_mit_defekten_Dateilinks,2015-06-05T15:33:34Z,eaab3232dd7a824a6a774fd2f2814e47,0:=An 1:=den 2:=Stöcken 3:=waren 4:=Tier-haare.,1,,0,0
10166,demografie,Auf auf deutsch bedeutet Demografie: Volks-beschreibung.,4_short,Wissenschaft|Gesellschaft|Seiten_mit_defekten_Dateilinks,2021-02-01T07:51:47Z,10d328ecc07ab3b6c356d5ccb8a5c8d3,0:=Auf 1:=auf 2:=deutsch 3:=bedeutet 4:=Demografie: 5:=Volks-beschreibung.,1,,0,0
12372,eierlegende-wollmilchsau,In diesem Bild kommt vor: • ein Schwein das Fleisch gibt,5_long,Redewendungen,2013-10-21T08:18:22Z,eaab3232dd7a824a6a774fd2f2814e47,0:=In 1:=diesem 2:=Bild 3:=kommt 4:=vor: 5:=• 6:=ein 7:=Schwein 8:=das 9:=Fleisch 10:=gibt,3,"[[0, 2, 3, 4], [7], [8, 9, 10]]",1,2
9916,datenschutz,Oder Daten an andere weitergeben.,7_short,Recht_und_Gesetz|Seiten_mit_defekten_Dateilinks,2022-10-29T04:32:19Z,48f66906899cc4a9477b6c9e32ff4424,0:=Oder 1:=Daten 2:=an 3:=andere 4:=weitergeben.,1,,0,0
2028,anschlag-auf-den-bus-von-borussia-dortmund,Fußball-spieler von Borussia Dortmund sind mit dem Bus gefahren.,0_long,Aus_den_Nachrichten|Hurraki:Überarbeiten|Geschichte|Seiten_mit_defekten_Dateilinks,2017-04-15T05:42:54Z,48f66906899cc4a9477b6c9e32ff4424,0:=Fußball-spieler 1:=von 2:=Borussia 3:=Dortmund 4:=sind 5:=mit 6:=dem 7:=Bus 8:=gefahren.,2,"[[1, 2, 3], [4, 5, 7, 8]]",1,1
1444,altestenrat,"Weil der Ältestenrat sehr viele Aufgaben hat,",13_long,Recht_und_Gesetz|Politik|Seiten_mit_defekten_Dateilinks,2015-05-17T14:32:45Z,af28a20dfb151690981ee13d72ce655c,"0:=Weil 1:=der 2:=Ältestenrat 3:=sehr 4:=viele 5:=Aufgaben 6:=hat,",1,,0,0
42005,simpel,simpel ist ein Adjektiv.,2_long,Schimpfwort,2012-01-09T22:00:23Z,eaab3232dd7a824a6a774fd2f2814e47,0:=simpel 1:=ist 2:=ein 3:=Adjektiv.,1,,0,0
1022,aleppo,Ab dem Jahr 1970 waren Bau-arbeiter in der Alt-stadt.,9_long,Städte|Seiten_mit_defekten_Dateilinks,2016-09-26T14:57:00Z,7b5adf57ed2178795004f4c052333f37,0:=Ab 1:=dem 2:=Jahr 3:=1970 4:=waren 5:=Bau-arbeiter 6:=in 7:=der 8:=Alt-stadt.,2,"[[0, 1, 2, 3], [5, 6, 7, 8]]",1,1
1942,anonymous-gruppe,Sie tragen die Gesichts-maske von Guy Fawkes.,4_long,Internet|Computer,2015-02-25T20:52:12Z,58d6d1d5aca5e9e6ed470dcf6dafeb4e,0:=Sie 1:=tragen 2:=die 3:=Gesichts-maske 4:=von 5:=Guy 6:=Fawkes.,2,"[[0, 1], [4, 5, 6]]",1,1
27150,krankheit,Dadurch kann man Schmerzen haben.,2_short,Gesundheit|Hurraki:Überarbeiten|Seiten_mit_defekten_Dateilinks,2020-05-07T06:15:23Z,48f66906899cc4a9477b6c9e32ff4424,0:=Dadurch 1:=kann 2:=man 3:=Schmerzen 4:=haben.,1,,0,0
2129,anschlag-in-berlin-2016,Viele Menschen sind verletzt.,6_short,Ohne_Kategorie|Hurraki:Überarbeiten|Aus_den_Nachrichten|Geschichte|Seiten_mit_defekten_Dateilinks,2016-12-21T09:57:24Z,af28a20dfb151690981ee13d72ce655c,0:=Viele 1:=Menschen 2:=sind 3:=verletzt.,1,,0,0
12117,echauffieren,Das Wort echauffieren ist ein Verb.,0_long,Ohne_Kategorie,2012-08-25T17:58:45Z,eaab3232dd7a824a6a774fd2f2814e47,0:=Das 1:=Wort 2:=echauffieren 3:=ist 4:=ein 5:=Verb.,1,,0,0
1276,alles-in-butter,Beispiel: Dora und Peter haben Streit.,0_long,Redewendungen,2012-01-24T17:11:50Z,a9f29492ed8786de5125371472bcc003,0:=Beispiel: 1:=\newline 2:=Dora 3:=und 4:=Peter 5:=haben 6:=Streit.,1,,0,0
42288,sledge-eishockey,Bei einem Foul wird die Zeit angehalten.,12_long,Sport|Paralympics,2012-01-07T18:34:17Z,d4171b2c36772be4cad75ef4078874bd,0:=Bei 1:=einem 2:=Foul 3:=wird 4:=die 5:=Zeit 6:=angehalten.,1,,0,0
1233,allerheiligen,Im 9. Jahrhundert hat Papst Gregor IV. gelebt.,17_long,Religion|Seiten_mit_defekten_Dateilinks,2015-11-01T12:22:09Z,7b5adf57ed2178795004f4c052333f37,0:=Im 1:=9. 2:=Jahrhundert 3:=hat 4:=Papst 5:=Gregor 6:=IV. 7:=gelebt.,1,,0,0
1698,anakonda,Eine kleine Anakonda isst kleine Tiere oder Vögel.,6_long,Tiere|Reptilien,2021-03-30T09:18:50Z,5fa944995d8c21065f2309550624baf9,0:=Eine 1:=kleine 2:=Anakonda 3:=isst 4:=kleine 5:=Tiere 6:=oder 7:=Vögel.,2,"[[5], [7]]",1,1
42307,smalltalk,Zum Beispiel ein Gespräch über das Wetter.,2_short,Sprache,2014-01-23T10:58:39Z,eaab3232dd7a824a6a774fd2f2814e47,0:=Zum 1:=Beispiel 2:=ein 3:=Gespräch 4:=über 5:=das 6:=Wetter.,1,,0,0
1194,alleinunterhalter,Alleinunterhalter ist ein Beruf.,0_short,Beruf|Seiten_mit_defekten_Dateilinks,2019-11-11T08:02:41Z,eaab3232dd7a824a6a774fd2f2814e47,0:=Alleinunterhalter 1:=ist 2:=ein 3:=Beruf.,1,,0,0
1960,anrainer,Das heißt: jemand wohnt neben dran,1_short,Recht_und_Gesetz,2014-04-18T14:19:03Z,eaab3232dd7a824a6a774fd2f2814e47,0:=Das 1:=heißt: 2:=\newline 3:=jemand 4:=wohnt 5:=neben 6:=dran,1,,0,0
9930,daumenkino,Dazu braucht man: • Tacker,3_long,Film_und_Kino|Technik,2014-03-01T15:38:30Z,eaab3232dd7a824a6a774fd2f2814e47,0:=Dazu 1:=braucht 2:=man: 3:=• 4:=Tacker,1,,0,0
27253,kriterien,Kriterien grenzen ein.,0_long,Ohne_Kategorie|Seiten_mit_defekten_Dateilinks,2017-08-29T13:52:21Z,8e384e35a2bd67eaeb964edc16d2f92c,0:=Kriterien 1:=grenzen 2:=ein.,1,,0,0
27023,koryphae,"Es ist ein anderes Wort für ""Experte"".",1_short,Ohne_Kategorie,2012-03-02T11:56:09Z,58d6d1d5aca5e9e6ed470dcf6dafeb4e,"0:=Es 1:=ist 2:=ein 3:=anderes 4:=Wort 5:=für 6:=""Experte"".",1,,0,0
10087,demenz,Bei einer Demenz funktioniert ein Teil vom Gehirn schlecht.,0_long,Gesundheit|Seiten_mit_defekten_Dateilinks,2012-10-27T17:19:13Z,a6e7bfd89d5771b450c4ab0f5c2996e5,0:=Bei 1:=einer 2:=Demenz 3:=funktioniert 4:=ein 5:=Teil 6:=vom 7:=Gehirn 8:=schlecht.,1,,0,0
42257,slackline,Beim Slackline gibt es Tricks.,4_long,Sport,2012-10-07T13:48:29Z,d4171b2c36772be4cad75ef4078874bd,0:=Beim 1:=Slackline 2:=gibt 3:=es 4:=Tricks.,1,,0,0
9707,da-steppt-der-bar,Auf der Geburtstagsfeier haben alle gute Laune.,2_long,Redewendungen,2012-02-28T08:59:39Z,a9f29492ed8786de5125371472bcc003,0:=Auf 1:=der 2:=Geburtstagsfeier 3:=haben 4:=alle 5:=gute 6:=Laune.,2,"[[0, 2], [3, 4, 5, 6]]",1,1
1157,alkohol,Ethanol ist in vielen Getränken.,9_long,Essen_und_Trinken|Seiten_mit_defekten_Dateilinks|Wörter_mit_verschiedenen_Bedeutungen,2023-05-18T06:47:13Z,48f66906899cc4a9477b6c9e32ff4424,0:=Ethanol 1:=ist 2:=in 3:=vielen 4:=Getränken.,1,,0,0
1748,anamnese,So kann der Therapeut das Problem besser verstehen.,8_long,Gesundheit|Seiten_mit_defekten_Dateilinks,2020-12-30T16:21:28Z,071517655685f140a415c26a1bfd2837,0:=So 1:=kann 2:=der 3:=Therapeut 4:=das 5:=Problem 6:=besser 7:=verstehen.,1,,0,0
1702,anakonda,In der Nacht geht sie auf Jagd.,10_long,Tiere|Reptilien,2021-03-30T09:18:50Z,5fa944995d8c21065f2309550624baf9,0:=In 1:=der 2:=Nacht 3:=geht 4:=sie 5:=auf 6:=Jagd.,2,"[[0, 2], [5, 6]]",1,1
1883,animal-liberation-front,Die Gruppe setzt sich für Tiere ein.,1_short,Ohne_Kategorie,,,0:=Die 1:=Gruppe 2:=setzt 3:=sich 4:=für 5:=Tiere 6:=ein.,1,,0,0
42476,solander-box,Sie wird oft in Büchereien oder Museen benutzt.,1_long,Ohne_Kategorie,2014-05-06T15:05:38Z,af28a20dfb151690981ee13d72ce655c,0:=Sie 1:=wird 2:=oft 3:=in 4:=Büchereien 5:=oder 6:=Museen 7:=benutzt.,2,"[[4], [6]]",1,1
27007,korruption,"Es heisst übersetzt ""Bestechlichkeit"".",1_short,Politik|Recht_und_Gesetz,2008-10-10T21:54:55Z,e3afed0047b08059d0fada10f400c1e5,"0:=Es 1:=heisst 2:=übersetzt 3:=""Bestechlichkeit"".",1,,0,0
9758,dalmatiner,Eine Hunderasse heißt Dalmatiner.,1_long,Tiere,2008-05-26T18:54:01Z,1165823e29d5567f66ef3bbbcbfabcad,0:=Eine 1:=Hunderasse 2:=heißt 3:=Dalmatiner.,1,,0,0
42311,smartlet,Ein Smartlet ist ein sehr großes Handy.,0_short,Computer,2013-04-02T10:52:11Z,ac95c75a4819ddeb76a125281a8c84d9,0:=Ein 1:=Smartlet 2:=ist 3:=ein 4:=sehr 5:=großes 6:=Handy.,1,,0,0
10058,deflation,Deshalb verkaufen sie ihre Waren billiger.,4_long,Geld|Seiten_mit_defekten_Dateilinks,2014-03-06T06:33:24Z,6275ee07d0785a2da491fbb224064f23,0:=Deshalb 1:=verkaufen 2:=sie 3:=ihre 4:=Waren 5:=billiger.,2,"[[0, 1, 2, 3, 4], [5]]",1,1
1236,allerheiligen,In der Nacht vor Allerheiligen ist Halloween.,20_long,Religion|Seiten_mit_defekten_Dateilinks,2015-11-01T12:22:09Z,7b5adf57ed2178795004f4c052333f37,0:=In 1:=der 2:=Nacht 3:=vor 4:=Allerheiligen 5:=ist 6:=Halloween.,1,,0,0
2087,anschlag-in-ankara-2016,Das haben die Täter absichtlich gemacht.,4_short,Ohne_Kategorie|Aus_den_Nachrichten|Geschichte|Seiten_mit_defekten_Dateilinks,2016-02-21T09:24:48Z,af28a20dfb151690981ee13d72ce655c,0:=Das 1:=haben 2:=die 3:=Täter 4:=absichtlich 5:=gemacht.,1,,0,0
27065,krafttraining,Beim Kraft-training macht man Bewegungen mit dem Körper.,0_short,Sport|Seiten_mit_defekten_Dateilinks,2019-10-28T08:05:49Z,eaab3232dd7a824a6a774fd2f2814e47,0:=Beim 1:=Kraft-training 2:=macht 3:=man 4:=Bewegungen 5:=mit 6:=dem 7:=Körper.,2,"[[4], [5, 7]]",1,1
27207,krempe,Seine Hutkrempe hilft ihm nicht erkannt zu werden.,3_long,Kleider,2011-11-10T10:47:27Z,eaab3232dd7a824a6a774fd2f2814e47,0:=Seine 1:=Hutkrempe 2:=hilft 3:=ihm 4:=nicht 5:=erkannt 6:=zu 7:=werden.,1,,0,0
1298,allgemeine-geschaftsbedingungen,Die AGB sind oft unter einem Vertrag ganz klein ge-schrieben.,3_long,Recht_und_Gesetz|Seiten_mit_defekten_Dateilinks,2022-04-11T08:43:08Z,48f66906899cc4a9477b6c9e32ff4424,0:=Die 1:=AGB 2:=sind 3:=oft 4:=unter 5:=einem 6:=Vertrag 7:=ganz 8:=klein 9:=ge-schrieben.,2,"[[4, 6], [7, 8]]",1,1
1880,animal-liberation-front,Zum Beispiel: • Die Gruppe sägt Hochsitze von Jägern um.,11_long,Ohne_Kategorie,,,0:=Zum 1:=Beispiel: 2:=• 3:=Die 4:=Gruppe 5:=sägt 6:=Hochsitze 7:=von 8:=Jägern 9:=um.,1,,0,0
27237,krimkrise,Sie haben verschiedene Meinungen über die Insel Krim.,2_long,Politik|Geopolitik|Seiten_mit_defekten_Dateilinks,2015-08-02T10:35:14Z,af28a20dfb151690981ee13d72ce655c,0:=Sie 1:=haben 2:=verschiedene 3:=Meinungen 4:=über 5:=die 6:=Insel 7:=Krim.,2,"[[0, 1, 2], [4, 6, 7]]",1,1
9931,daumenkino,Die Bilder werden dann zusammen ge-tackert.,4_long,Film_und_Kino|Technik,2014-03-01T15:38:30Z,eaab3232dd7a824a6a774fd2f2814e47,0:=Die 1:=Bilder 2:=werden 3:=dann 4:=zusammen 5:=ge-tackert.,1,,0,0
41998,sim-karte,"Die Geheim-Nummer heißt: PIN, PIN-Nummer oder PIN Code",5_long,Ohne_Kategorie,2012-11-20T07:21:45Z,28d34f2e053dee2c0e9399a7924cd978,"0:=Die 1:=Geheim-Nummer 2:=heißt: 3:=PIN, 4:=PIN-Nummer 5:=oder 6:=PIN 7:=Code",3,"[[3], [4], [6, 7]]",1,2
1293,allgemeinbildung,Allgemeinˑbildung ist Bildung (Wissen).,0_short,Ohne_Kategorie|Hurraki:Überarbeiten|Seiten_mit_defekten_Dateilinks,2023-07-28T08:26:23Z,b73298f8dc4c709352374a8a8455ac94,0:=Allgemeinˑbildung 1:=ist 2:=Bildung 3:=(Wissen).,2,"[[2], [3]]",1,1
10015,deckname,Der Deck-name soll den echten Namen verschleiern.,1_long,Ohne_Kategorie|Seiten_mit_defekten_Dateilinks,2016-01-19T20:23:11Z,48f66906899cc4a9477b6c9e32ff4424,0:=Der 1:=Deck-name 2:=soll 3:=den 4:=echten 5:=Namen 6:=verschleiern.,1,,0,0
42440,sockenklammer,Mit einer Socken-klammer ist es leichter.,3_long,Kleider,2018-04-12T06:31:04Z,48f66906899cc4a9477b6c9e32ff4424,0:=Mit 1:=einer 2:=Socken-klammer 3:=ist 4:=es 5:=leichter.,1,,0,0
27062,krafttraining,Schnelle und falsche Bewegungen können Sport-verletzungen geben.,17_long,Sport|Seiten_mit_defekten_Dateilinks,2019-10-28T08:05:49Z,eaab3232dd7a824a6a774fd2f2814e47,0:=Schnelle 1:=und 2:=falsche 3:=Bewegungen 4:=können 5:=Sport-verletzungen 6:=geben.,2,"[[0], [2]]",1,1
12334,ehrenburger,Ein Ehrenbürger ist eine Person die ein besonderes Lob bekommen hat.,0_short,Ohne_Kategorie|Seiten_mit_defekten_Dateilinks,2016-10-24T06:14:31Z,48f66906899cc4a9477b6c9e32ff4424,0:=Ein 1:=Ehrenbürger 2:=ist 3:=eine 4:=Person 5:=die 6:=ein 7:=besonderes 8:=Lob 9:=bekommen 10:=hat.,2,"[[1, 2, 4], [5, 7, 8, 9, 10]]",1,1
12453,einen-schlussstrich-ziehen,Vielleicht kommt dieser Spruch aus der Buchführung.,2_long,Redewendungen|Seiten_mit_defekten_Dateilinks,2021-12-30T22:23:38Z,e800bebc9060331edfac65e663a55570,0:=Vielleicht 1:=kommt 2:=dieser 3:=Spruch 4:=aus 5:=der 6:=Buchführung.,1,,0,0
2098,anschlag-in-bangkok-im-august-2015,Die Bombe explodierte zwischen vielen Menschen.,6_long,Ohne_Kategorie|Geschichte|Seiten_mit_defekten_Dateilinks,2015-08-17T20:33:11Z,af28a20dfb151690981ee13d72ce655c,0:=Die 1:=Bombe 2:=explodierte 3:=zwischen 4:=vielen 5:=Menschen.,1,,0,0
1798,anarchismus,Alle Menschen bestimmen beim Anarchismus mit.,5_short,Politik|Seiten_mit_defekten_Dateilinks,2016-04-25T17:26:24Z,48f66906899cc4a9477b6c9e32ff4424,0:=Alle 1:=Menschen 2:=bestimmen 3:=beim 4:=Anarchismus 5:=mit.,1,,0,0
27328,kultur,Ganz genau kann man nicht sagen was Kultur ist.,4_long,Ohne_Kategorie|Seiten_mit_defekten_Dateilinks,2016-03-14T11:57:06Z,48f66906899cc4a9477b6c9e32ff4424,0:=Ganz 1:=genau 2:=kann 3:=man 4:=nicht 5:=sagen 6:=was 7:=Kultur 8:=ist.,2,"[[0, 1, 2, 3, 4, 5], [6, 7, 8]]",1,1
42240,skriptkiddie,Es bedeutet: Kind oder junger Mensch,8_long,Ohne_Kategorie,2013-02-25T08:09:05Z,28d34f2e053dee2c0e9399a7924cd978,0:=Es 1:=bedeutet: 2:= 3:=\newline 4:=Kind 5:=oder 6:=\newline 7:=junger 8:=Mensch,2,"[[4], [7, 8]]",1,1
42194,skilanglauf,Dazu werden an den Füßen Ski angezogen.,3_short,Sport,2014-02-10T11:25:18Z,d4171b2c36772be4cad75ef4078874bd,0:=Dazu 1:=werden 2:=an 3:=den 4:=Füßen 5:=Ski 6:=angezogen.,1,,0,0
42451,sodbrennen,Der Arzt hat ein langes Fremdwort für Sodbrennen: Reflux-ösophag-itis.,0_long,Gesundheit,2009-07-13T17:40:11Z,4a7c0bf975893985e2e36604fef9654f,0:=Der 1:=Arzt 2:=hat 3:=ein 4:=langes 5:=Fremdwort 6:=\newline 7:=für 8:=Sodbrennen: 9:=Reflux-ösophag-itis.,3,"[[1, 2, 4, 5], [5, 7, 8], [9]]",1,2
12417,eifersucht,Weil man Besitz verliert.,3_short,Ohne_Kategorie|Seiten_mit_defekten_Dateilinks,2022-01-03T17:00:58Z,e800bebc9060331edfac65e663a55570,0:=Weil 1:=man 2:=Besitz 3:=verliert.,1,,0,0
1478,altstadt,Es ist der Teil der sehr alt ist.,1_short,Stadt,2019-05-13T09:38:11Z,48f66906899cc4a9477b6c9e32ff4424,0:=Es 1:=ist 2:=der 3:=Teil 4:=der 5:=sehr 6:=alt 7:=ist.,1,,0,0
12406,eifersucht,"Tom hat Angst davor: Wenn Susi mit Peter weggeht, dann wird er alleine sein.",10_long,Ohne_Kategorie|Seiten_mit_defekten_Dateilinks,2022-01-03T17:00:58Z,e800bebc9060331edfac65e663a55570,"0:=Tom 1:=hat 2:=Angst 3:=davor: 4:=\newline 5:=Wenn 6:=Susi 7:=mit 8:=Peter 9:=weggeht, 10:=\newline 11:=dann 12:=wird 13:=er 14:=alleine 15:=sein.",4,"[[0, 1, 2, 3], [5, 6, 9], [7, 8], [11, 12, 13, 14, 15]]",1,3
12242,egypt-air-flug-181,Er hat die Menschen im Flugzeug fest-gehalten.,5_short,Verkehr|Aus_den_Nachrichten|Seiten_mit_defekten_Dateilinks,2016-03-30T16:42:16Z,48f66906899cc4a9477b6c9e32ff4424,0:=Er 1:=hat 2:=die 3:=Menschen 4:=im 5:=Flugzeug 6:=fest-gehalten.,2,"[[0, 1, 3, 6], [4, 5]]",1,1
42370,sneak-preview,Bei einem Sneak Preview weiss man vorher nicht was für ein Film man anschaut.,1_short,Film_und_Kino|Seiten_mit_defekten_Dateilinks,2017-10-23T06:43:33Z,48f66906899cc4a9477b6c9e32ff4424,0:=Bei 1:=einem 2:=Sneak 3:=Preview 4:=weiss 5:=man 6:=vorher 7:=nicht 8:=was 9:=für 10:=ein 11:=Film 12:=man 13:=anschaut.,2,"[[0, 2, 3, 4, 5, 6, 7], [8, 9, 11, 12, 13]]",1,1
1450,altestenrat,Der Chef der Gruppe ist der Parlaments-präsident.,2_short,Recht_und_Gesetz|Politik|Seiten_mit_defekten_Dateilinks,2015-05-17T14:32:45Z,af28a20dfb151690981ee13d72ce655c,0:=Der 1:=Chef 2:=der 3:=Gruppe 4:=ist 5:=der 6:=Parlaments-präsident.,1,,0,0
2072,anschlag-in-ankara-2016,Manche sagen es ist die IS Gruppe gewesen.,6_long,Ohne_Kategorie|Aus_den_Nachrichten|Geschichte|Seiten_mit_defekten_Dateilinks,2016-02-21T09:24:48Z,af28a20dfb151690981ee13d72ce655c,0:=Manche 1:=sagen 2:=es 3:=ist 4:=die 5:=IS 6:=Gruppe 7:=gewesen.,1,,0,0
27185,kredenzen,Kredenzen macht man mit einer Karaffe.,0_long,Essen_und_Trinken,2012-10-04T09:39:58Z,a9f29492ed8786de5125371472bcc003,0:=Kredenzen 1:=macht 2:=man 3:=mit 4:=einer 5:=Karaffe.,1,,0,0
42086,sitar,Die Sitar hat 19 bis 21 Saiten.,2_long,Ohne_Kategorie,2012-12-12T07:56:56Z,7b5adf57ed2178795004f4c052333f37,0:=Die 1:=Sitar 2:=hat 3:=19 4:=bis 5:=21 6:=Saiten.,2,"[[3], [5]]",1,1
9720,dabbawala,Und sie haben Buch-staben.,8_long,Seiten_mit_defekten_Dateilinks|Essen_und_Trinken|Beruf,2019-03-23T09:47:38Z,48f66906899cc4a9477b6c9e32ff4424,0:=Und 1:=sie 2:=haben 3:=Buch-staben.,1,,0,0
27335,kultur,Menschen zeigen mit Kultur wohin sie gehören.,11_long,Ohne_Kategorie|Seiten_mit_defekten_Dateilinks,2016-03-14T11:57:06Z,48f66906899cc4a9477b6c9e32ff4424,0:=Menschen 1:=zeigen 2:=mit 3:=Kultur 4:=wohin 5:=sie 6:=gehören.,1,,0,0
2034,anschlag-auf-den-bus-von-borussia-dortmund,Das Fußball-spiel ist wegen dem Anschlag abgesagt worden.,6_long,Aus_den_Nachrichten|Hurraki:Überarbeiten|Geschichte|Seiten_mit_defekten_Dateilinks,2017-04-15T05:42:54Z,48f66906899cc4a9477b6c9e32ff4424,0:=Das 1:=Fußball-spiel 2:=ist 3:=wegen 4:=dem 5:=Anschlag 6:=abgesagt 7:=worden.,2,"[[1], [3, 4, 5]]",1,1
10044,defenestration,Wenn Defenestration mit Absicht passiert ist es Gewalt.,4_long,Recht_und_Gesetz|Seiten_mit_defekten_Dateilinks,2016-11-09T16:25:59Z,ac95c75a4819ddeb76a125281a8c84d9,0:=Wenn 1:=Defenestration 2:=mit 3:=Absicht 4:=passiert 5:=ist 6:=es 7:=Gewalt.,3,"[[0, 1, 4], [2, 3], [5, 6, 7]]",1,2
1484,altweibersommer,Das heißt: Es gibt trockene und warme Luft.,2_long,Natur,2013-09-28T11:41:10Z,eaab3232dd7a824a6a774fd2f2814e47,0:=Das 1:=heißt: 2:=\newline 3:=Es 4:=gibt 5:=trockene 6:=und 7:=warme 8:=Luft.,2,"[[5], [7]]",1,1
1244,allerheiligen,Kinder müssen nicht in die Schule gehen.,28_long,Religion|Seiten_mit_defekten_Dateilinks,2015-11-01T12:22:09Z,7b5adf57ed2178795004f4c052333f37,0:=Kinder 1:=müssen 2:=nicht 3:=in 4:=die 5:=Schule 6:=gehen.,1,,0,0
42093,sitcom,Eine sehr bekannte Sitcom ist Two and a Half Men.,2_long,Radio_und_Fernsehen,2011-12-15T11:32:02Z,eaab3232dd7a824a6a774fd2f2814e47,0:=Eine 1:=sehr 2:=bekannte 3:=Sitcom 4:=ist 5:=Two 6:=and 7:=a 8:=Half 9:=Men.,1,,0,0
1013,aleppo,Aleppo ist eine sehr alte Stadt.,0_long,Städte|Seiten_mit_defekten_Dateilinks,2016-09-26T14:57:00Z,7b5adf57ed2178795004f4c052333f37,0:=Aleppo 1:=ist 2:=eine 3:=sehr 4:=alte 5:=Stadt.,2,"[[3, 4], [5]]",1,1
27286,kryptowahrung,Das Wort Krypto bedeutet geheim.,17_long,Geld,2018-12-19T14:08:31Z,48f66906899cc4a9477b6c9e32ff4424,0:=Das 1:=Wort 2:=Krypto 3:=bedeutet 4:=geheim.,1,,0,0
1156,alkohol,Mit Ethanol kann man auch putzen.,8_long,Essen_und_Trinken|Seiten_mit_defekten_Dateilinks|Wörter_mit_verschiedenen_Bedeutungen,2023-05-18T06:47:13Z,48f66906899cc4a9477b6c9e32ff4424,0:=Mit 1:=Ethanol 2:=kann 3:=man 4:=auch 5:=putzen.,1,,0,0
12441,eigentum,Eigentum ist ge-schützt.,1_long,Ohne_Kategorie|Seiten_mit_defekten_Dateilinks,2021-03-30T07:09:32Z,bd2d2b337209f330d5f813c36f304815,0:=Eigentum 1:=ist 2:=ge-schützt.,1,,0,0
27125,krankenversicherung,Du zahlst die andere Hälfte vom Geld für deine Kranken-versicherung.,6_long,Arbeit,2021-10-26T07:49:24Z,4e761a928113c1f23dda0939b1022778,0:=Du 1:=zahlst 2:=die 3:=andere 4:=Hälfte 5:=vom 6:=Geld 7:=für 8:=deine 9:=Kranken-versicherung.,2,"[[0, 1, 2, 3, 4, 5, 6], [7, 8, 9]]",1,1
27191,kredit,Ich muss das Geld an die Bank zurückzahlen.,2_long,Geld,2015-11-23T11:05:06Z,88797a15ffaeedd9a8292e0b51c85385,0:=Ich 1:=muss 2:=das 3:=Geld 4:=an 5:=die 6:=Bank 7:=zurückzahlen.,2,"[[0, 1, 2, 3, 7], [4, 6]]",1,1
1167,alkohol,Wenn man die Alkohol-krankheit hat braucht man Hilfe.,19_long,Essen_und_Trinken|Seiten_mit_defekten_Dateilinks|Wörter_mit_verschiedenen_Bedeutungen,2023-05-18T06:47:13Z,48f66906899cc4a9477b6c9e32ff4424,0:=Wenn 1:=man 2:=die 3:=Alkohol-krankheit 4:=hat 5:=braucht 6:=man 7:=Hilfe.,2,"[[0, 1, 3, 4], [5, 6, 7]]",1,1
42485,soldat,Ein Soldat kann ein Mann oder eine Frau sein.,0_long,Hurraki:Überarbeiten|Personen|Beruf|Bundeswehr,2010-03-12T11:26:02Z,f9b0bd285ddc0c9ffae07d47947d7844,0:=Ein 1:=Soldat 2:=kann 3:=ein 4:=Mann 5:=oder 6:=eine 7:=Frau 8:=sein.,2,"[[4], [7]]",1,1
12368,eierlegende-wollmilchsau,Eine Vorstellung von einem Tier das es nicht gibt.,1_long,Redewendungen,2013-10-21T08:18:22Z,eaab3232dd7a824a6a774fd2f2814e47,0:=Eine 1:=Vorstellung 2:=von 3:=einem 4:=Tier 5:=das 6:=es 7:=nicht 8:=gibt.,2,"[[1], [5, 6, 7, 8]]",1,1
12237,egypt-air-flug-181,Egypt-Air-Flug 181 ist ein besonderer Flug mit einem Flugzeug gewesen.,0_short,Verkehr|Aus_den_Nachrichten|Seiten_mit_defekten_Dateilinks,2016-03-30T16:42:16Z,48f66906899cc4a9477b6c9e32ff4424,0:=Egypt-Air-Flug 1:=181 2:=ist 3:=ein 4:=besonderer 5:=Flug 6:=mit 7:=einem 8:=Flugzeug 9:=gewesen.,2,"[[0, 1, 2, 4, 5, 9], [6, 8]]",1,1
2123,anschlag-in-berlin-2016,Der Anschlag in Berlin 2016 ist am 19. Dezember 2016 passiert.,0_short,Ohne_Kategorie|Hurraki:Überarbeiten|Aus_den_Nachrichten|Geschichte|Seiten_mit_defekten_Dateilinks,2016-12-21T09:57:24Z,af28a20dfb151690981ee13d72ce655c,0:=Der 1:=Anschlag 2:=in 3:=Berlin 4:=2016 5:=ist 6:=am 7:=19. 8:=Dezember 9:=2016 10:=passiert.,2,"[[2, 3, 4], [6, 7, 8, 9]]",1,1
42444,sockenklammer,Ohne die 2 passenden Socken zu suchen.,7_long,Kleider,2018-04-12T06:31:04Z,48f66906899cc4a9477b6c9e32ff4424,0:=Ohne 1:=die 2:=2 3:=passenden 4:=Socken 5:=zu 6:=suchen.,1,,0,0
1142,alkoholkrankheit,Und man braucht eine Therapie.,13_long,Ohne_Kategorie|Seiten_mit_defekten_Dateilinks,2023-03-06T15:49:02Z,017ecada082ed42bbfc77d89d4b14406,0:=Und 1:=man 2:=braucht 3:=eine 4:=Therapie.,1,,0,0
27176,krawatte,Hier werden Krawatten oft getragen: • feierliche Anlässe,14_long,Kleider,2015-04-06T18:57:54Z,4189117576b2876ec34dc7db77b24cb6,0:=Hier 1:=werden 2:=Krawatten 3:=oft 4:=getragen: 5:=• 6:=feierliche 7:=Anlässe,1,,0,0
12233,egypt-air-flug-181,Saif a-Din Mustafa hat aufgegeben und sich ergeben.,9_long,Verkehr|Aus_den_Nachrichten|Seiten_mit_defekten_Dateilinks,2016-03-30T16:42:16Z,48f66906899cc4a9477b6c9e32ff4424,0:=Saif 1:=a-Din 2:=Mustafa 3:=hat 4:=aufgegeben 5:=und 6:=sich 7:=ergeben.,2,"[[4], [6, 7]]",1,1
27076,krankenkasse,Die Kranken-kasse zahlt die Rechnungen der Mitglieder.,7_long,Gesundheit|Recht_und_Gesetz|Seiten_mit_defekten_Dateilinks,2020-08-04T13:39:48Z,cfbe77d115cd524def4ccbe596a54842,0:=Die 1:=Kranken-kasse 2:=zahlt 3:=die 4:=Rechnungen 5:=der 6:=Mitglieder.,1,,0,0
10118,demenz,Menschen mit einer Demenz vergessen immer mehr Sachen.,2_short,Gesundheit|Seiten_mit_defekten_Dateilinks,2012-10-27T17:19:13Z,a6e7bfd89d5771b450c4ab0f5c2996e5,0:=Menschen 1:=mit 2:=einer 3:=Demenz 4:=vergessen 5:=immer 6:=mehr 7:=Sachen.,1,,0,0
989,alchemie,Eine sehr bekannte Alchemisten war Maria die Jüdin.,2_long,Wissenschaft|Seiten_mit_defekten_Dateilinks,2022-10-03T06:15:06Z,48f66906899cc4a9477b6c9e32ff4424,0:=Eine 1:=sehr 2:=bekannte 3:=Alchemisten 4:=war 5:=Maria 6:=die 7:=Jüdin.,1,,0,0
1193,alleinunterhalter,Sie machen eine Ein-man-show.,2_long,Beruf|Seiten_mit_defekten_Dateilinks,2019-11-11T08:02:41Z,eaab3232dd7a824a6a774fd2f2814e47,0:=Sie 1:=machen 2:=eine 3:=Ein-man-show.,1,,0,0
10094,demenz,Die Menschen vergessen zum Beispiel: • was sie gerade gemacht haben,7_long,Gesundheit|Seiten_mit_defekten_Dateilinks,2012-10-27T17:19:13Z,a6e7bfd89d5771b450c4ab0f5c2996e5,0:=Die 1:=Menschen 2:=vergessen 3:=zum 4:=Beispiel: 5:=• 6:=was 7:=sie 8:=gerade 9:=gemacht 10:=haben,2,"[[1, 2], [6, 7, 8, 9, 10]]",1,1
9816,das-bildnis-des-dorian-gray,Darum stellt man Wilde vor Gericht.,6_short,Lesen_und_Bücher,2022-01-22T14:04:56Z,e800bebc9060331edfac65e663a55570,0:=Darum 1:=stellt 2:=man 3:=Wilde 4:=vor 5:=Gericht.,1,,0,0
9837,das-tapfere-schneiderlein,Das tapfere Schneiderlein ist ein Märchen.,0_short,Seiten_mit_defekten_Dateilinks|Ohne_Kategorie,2022-02-18T21:53:31Z,e800bebc9060331edfac65e663a55570,0:=Das 1:=tapfere 2:=Schneiderlein 3:=ist 4:=ein 5:=Märchen.,1,,0,0
1235,allerheiligen,Immer am 1. November soll Allerheiligen gefeiert werden.,19_long,Religion|Seiten_mit_defekten_Dateilinks,2015-11-01T12:22:09Z,7b5adf57ed2178795004f4c052333f37,0:=Immer 1:=am 2:=1. 3:=November 4:=soll 5:=Allerheiligen 6:=gefeiert 7:=werden.,2,"[[0, 4, 5, 6, 7], [1, 2, 3]]",1,1
2039,anschlag-auf-den-bus-von-borussia-dortmund,Der Mann heißt Sergej W. Er ist 28 Jahre alt.,11_long,Aus_den_Nachrichten|Hurraki:Überarbeiten|Geschichte|Seiten_mit_defekten_Dateilinks,2017-04-15T05:42:54Z,48f66906899cc4a9477b6c9e32ff4424,0:=Der 1:=Mann 2:=heißt 3:=Sergej 4:=W. 5:= 6:=\newline 7:=Er 8:=ist 9:=28 10:=Jahre 11:=alt.,2,"[[1, 2, 3, 4], [7, 8, 9, 10, 11]]",1,1
12266,ehegattensplitting,Beim Ehe-gatten-splitting wird das verdiente Geld vom Mann und der Frau zusammen gezählt.,22_long,Seiten_mit_defekten_Dateilinks|Ohne_Kategorie,2014-07-17T09:07:41Z,cfbe77d115cd524def4ccbe596a54842,0:=Beim 1:=Ehe-gatten-splitting 2:=wird 3:=das 4:=verdiente 5:=Geld 6:=vom 7:=Mann 8:=und 9:=der 10:=Frau 11:=zusammen 12:=gezählt.,3,"[[0, 1], [2, 5, 6, 7, 8, 10, 11, 12], [4]]",1,2
42471,software,Software macht verschiedene Sachen auf einem Gerät.,0_short,Computer|Hurraki:Überarbeiten|Seiten_mit_defekten_Dateilinks,2012-09-13T07:56:43Z,72fb5f8156adf1b638fc9bd1fa6cdbcf,0:=Software 1:= 2:=macht 3:=verschiedene 4:=Sachen 5:=auf 6:=einem 7:=Gerät.,1,,0,0
26949,korperbemalung,Das An-malen des Körpers gibt es schon sehr lange.,8_long,Kleider|Seiten_mit_defekten_Dateilinks,2015-06-05T15:33:34Z,eaab3232dd7a824a6a774fd2f2814e47,0:=Das 1:=An-malen 2:=des 3:=Körpers 4:=gibt 5:=es 6:=schon 7:=sehr 8:=lange.,1,,0,0
12168,echter-clownfisch,Das Weibchen legt ungefähr 500 Eier ab.,22_long,Tiere|Seiten_mit_defekten_Dateilinks,2021-05-15T15:50:47Z,7b5adf57ed2178795004f4c052333f37,0:=Das 1:=Weibchen 2:=legt 3:=ungefähr 4:=500 5:=Eier 6:=ab.,1,,0,0
1835,angriff-in-las-vegas,Der Angriff ist ein Massaker gewesen.,1_long,Geschichte|Aus_den_Nachrichten|Hurraki:Überarbeiten|Seiten_mit_defekten_Dateilinks,2017-10-11T05:48:19Z,48f66906899cc4a9477b6c9e32ff4424,0:=Der 1:=Angriff 2:=ist 3:=ein 4:=Massaker 5:=gewesen.,1,,0,0
27239,krimkrise,Der Streit ist zwischen verschiedenen Gruppen.,1_short,Politik|Geopolitik|Seiten_mit_defekten_Dateilinks,2015-08-02T10:35:14Z,af28a20dfb151690981ee13d72ce655c,0:=Der 1:=Streit 2:=ist 3:=zwischen 4:=verschiedenen 5:=Gruppen.,1,,0,0
9795,danemark,Die Halb-insel heißt Jütland.,2_short,Ohne_Kategorie|Seiten_mit_defekten_Dateilinks,2023-04-04T08:35:33Z,f3d525674a904e48b4a41a13ef2a54a5,0:=Die 1:=Halb-insel 2:=heißt 3:=Jütland.,1,,0,0
12439,eiffelturm,"Er ist 324 Meter hoch, und hat 1700 Stufen.",3_short,Ort,2015-03-31T17:25:55Z,45975183761f50ed006efcbab4df0803,"0:=Er 1:=ist 2:=324 3:=Meter 4:=hoch, 5:=\newline 6:=und 7:=hat 8:=1700 9:=Stufen.",2,"[[2, 3, 4], [7, 8, 9]]",1,1
12352,eichsfeld,Diese Wurst gibt es nur im Eichsfeld.,6_long,Ohne_Kategorie|Seiten_mit_defekten_Dateilinks,2019-03-20T10:40:00Z,ffaa744a207eb843b7f383adcf5da422,0:=Diese 1:=Wurst 2:=gibt 3:=es 4:=nur 5:=im 6:=Eichsfeld.,1,,0,0
12304,ehe,Es ist eine gleich-geschlecht-liche Ehe.,27_long,Recht_und_Gesetz,2019-01-14T08:43:52Z,48f66906899cc4a9477b6c9e32ff4424,0:=Es 1:=ist 2:=eine 3:=gleich-geschlecht-liche 4:=Ehe.,1,,0,0
1972,anschlag-am-1-januar-2017-istanbul,Der Mann dem der Nacht-club gehört hat gesagt: der Geheim-dienst von den Vereinigte Staaten hat ihn gewarnt.,11_long,Aus_den_Nachrichten|Geschichte|Seiten_mit_defekten_Dateilinks,2017-01-03T08:02:25Z,48f66906899cc4a9477b6c9e32ff4424,0:=Der 1:=Mann 2:=dem 3:=der 4:=Nacht-club 5:=gehört 6:=hat 7:=gesagt: 8:=der 9:=Geheim-dienst 10:=von 11:=den 12:=Vereinigte 13:=Staaten 14:=hat 15:=ihn 16:=gewarnt.,4,"[[1, 6, 7], [1, 2, 4, 5], [9, 14, 15, 16], [9, 10, 12, 13]]",1,3
9857,dashcam,In Österreich sind Dashcams verboten.,9_long,Verkehr|Technik,2013-10-19T09:34:11Z,eaab3232dd7a824a6a774fd2f2814e47,0:=In 1:=Österreich 2:=sind 3:=Dashcams 4:=verboten.,1,,0,0
10138,demeter,Demeter ist zuständig für: • die Fruchtbarkeit der Erde,2_short,Seiten_mit_defekten_Dateilinks|Ohne_Kategorie,2022-01-29T14:24:42Z,e800bebc9060331edfac65e663a55570,0:=Demeter 1:=ist 2:=zuständig 3:=für: 4:=• 5:=die 6:=Fruchtbarkeit 7:=der 8:=Erde,2,"[[0, 1, 2, 3], [7, 8]]",1,1
1330,alltagsmaske,Eine Alltags-maske schützt die Atem-wege.,5_short,Gesundheit|Aus_den_Nachrichten|Seiten_mit_defekten_Dateilinks,2021-07-16T07:58:18Z,48f66906899cc4a9477b6c9e32ff4424,0:=Eine 1:=Alltags-maske 2:=schützt 3:=die 4:=Atem-wege.,1,,0,0
12087,ecall,eCall kann aber auch mehr Daten schicken.,14_long,Ohne_Kategorie,2014-12-31T12:07:06Z,28d34f2e053dee2c0e9399a7924cd978,0:=eCall 1:=kann 2:=aber 3:=auch 4:=mehr 5:=Daten 6:=schicken.,1,,0,0
9756,dalai-lama,Der Dalai Lama ist das Oberhaupt der Buddhisten.,1_short,Religion,2008-02-05T15:10:08Z,e3afed0047b08059d0fada10f400c1e5,0:=Der 1:=Dalai 2:=Lama 3:=ist 4:=das 5:=Oberhaupt 6:=der 7:=Buddhisten.,1,,0,0
27309,kulanz,Das Wort Kulanz ist ein Substantiv.,4_long,Ohne_Kategorie,2012-03-14T09:06:01Z,eaab3232dd7a824a6a774fd2f2814e47,0:=Das 1:=Wort 2:=Kulanz 3:=ist 4:=ein 5:=Substantiv.,2,"[[1], [5]]",1,1
1681,an-12-unfall-in-juba,"Und manche sagen, das Flugzeug ist zu schwer beladen worden.",3_long,Ohne_Kategorie|Hurraki:Überarbeiten|Aus_den_Nachrichten|Seiten_mit_defekten_Dateilinks,2015-11-07T08:34:15Z,48f66906899cc4a9477b6c9e32ff4424,"0:=Und 1:=manche 2:=sagen, 3:=das 4:=Flugzeug 5:=ist 6:=zu 7:=schwer 8:=beladen 9:=worden.",1,,0,0
27222,krieg,"Kriege gibt es oft in Ländern, die von Diktatoren geführt werden.",11_long,Ohne_Kategorie|Seiten_mit_defekten_Dateilinks,2015-10-10T20:54:29Z,687c465aa14a2b3047e6e0c21fbc9670,"0:=Kriege 1:=gibt 2:=es 3:=oft 4:=in 5:=Ländern, 6:=die 7:=von 8:=Diktatoren 9:=geführt 10:=werden.",2,"[[0, 1, 2, 3, 4, 5], [7, 8, 9, 10]]",1,1
9789,danemark,Im Winter fällt oft Schnee und die Temperaturen können unter den Gefrier-punkt fallen.,9_long,Ohne_Kategorie|Seiten_mit_defekten_Dateilinks,2023-04-04T08:35:33Z,f3d525674a904e48b4a41a13ef2a54a5,0:=Im 1:=Winter 2:=fällt 3:=oft 4:=Schnee 5:=und 6:=die 7:=Temperaturen 8:=können 9:=unter 10:=den 11:=Gefrier-punkt 12:=fallen.,3,"[[0, 1], [2, 3, 4], [7, 8, 9, 11, 12]]",1,2
2019,anschlag-am-12-januar-2016-in-istanbul,Der Täter ist dabei selbst gestorben.,5_short,Ohne_Kategorie|Aus_den_Nachrichten|Geschichte|Seiten_mit_defekten_Dateilinks,2016-01-12T19:45:16Z,af28a20dfb151690981ee13d72ce655c,0:=Der 1:=Täter 2:=ist 3:=dabei 4:=selbst 5:=gestorben.,1,,0,0
27218,krieg,In einem Krieg werden meistens Kriegswaffen angewendet.,7_long,Ohne_Kategorie|Seiten_mit_defekten_Dateilinks,2015-10-10T20:54:29Z,687c465aa14a2b3047e6e0c21fbc9670,0:=In 1:=einem 2:=Krieg 3:=werden 4:=meistens 5:=Kriegswaffen 6:=angewendet.,1,,0,0
42474,software,Zum Beispiel ein Bild speichern oder etwas ausrechnen.,3_short,Computer|Hurraki:Überarbeiten|Seiten_mit_defekten_Dateilinks,2012-09-13T07:56:43Z,72fb5f8156adf1b638fc9bd1fa6cdbcf,0:=Zum 1:=Beispiel 2:=ein 3:=Bild 4:=speichern 5:=oder 6:=etwas 7:=ausrechnen.,2,"[[3, 4], [6, 7]]",1,1
12496,eingliederungshilfe,Das kann Geld sein. • Eingliederungshilfe gibt es zur Teilhabe am Leben in der Gemeinschaft.,3_long,Recht_und_Gesetz,2009-12-26T16:15:41Z,d8779288de353a0da9951dfcae710103,0:=Das 1:=kann 2:=Geld 3:=sein. 4:=• 5:=Eingliederungshilfe 6:=gibt 7:=es 8:=zur 9:=Teilhabe 10:=am 11:=Leben 12:=in 13:=der 14:=Gemeinschaft.,3,"[[0, 1, 2, 3], [5, 6, 7, 8, 10, 11], [11, 12, 14]]",1,2
42436,sockenhalter,"Ein Socken-halter ist dafür da, damit die Socken nicht runter-rutschen.",1_short,Kleider|Seiten_mit_defekten_Dateilinks,2017-01-21T07:54:59Z,48f66906899cc4a9477b6c9e32ff4424,"0:=Ein 1:=Socken-halter 2:=ist 3:=dafür 4:=da, 5:=\newline 6:=damit 7:=die 8:=Socken 9:=nicht 10:=runter-rutschen.",2,"[[1, 2, 3, 4], [6, 8, 9, 10]]",1,1
9897,datenschutz,Informationelle Selbstbestimmung heißt: Jeder darf selber über seine Daten entscheiden.,7_long,Recht_und_Gesetz|Seiten_mit_defekten_Dateilinks,2022-10-29T04:32:19Z,48f66906899cc4a9477b6c9e32ff4424,0:=Informationelle 1:=Selbstbestimmung 2:=heißt: 3:=\newline 4:=Jeder 5:=darf 6:=selber 7:=über 8:=seine 9:=Daten 10:=entscheiden.,3,"[[0, 1, 2], [4, 5, 6, 10], [7, 8, 9]]",1,2
1439,altestenrat,Und macht Termine für Sitzungen.,8_long,Recht_und_Gesetz|Politik|Seiten_mit_defekten_Dateilinks,2015-05-17T14:32:45Z,af28a20dfb151690981ee13d72ce655c,0:=Und 1:=macht 2:=Termine 3:=für 4:=Sitzungen.,1,,0,0
9856,dashcam,Das heißt: Bei einem Unfall wird der alte Film nicht überschrieben.,8_long,Verkehr|Technik,2013-10-19T09:34:11Z,eaab3232dd7a824a6a774fd2f2814e47,0:=Das 1:=heißt: 2:=\newline 3:=Bei 4:=einem 5:=Unfall 6:=wird 7:=der 8:=alte 9:=Film 10:=nicht 11:=überschrieben.,3,"[[3, 5], [6, 9, 10, 11], [8, 9]]",1,2
27281,kryptowahrung,Darum muss man keine Gebühren an die Bank be-zahlen.,12_long,Geld,2018-12-19T14:08:31Z,48f66906899cc4a9477b6c9e32ff4424,0:=Darum 1:=muss 2:=man 3:=keine 4:=Gebühren 5:=an 6:=die 7:=Bank 8:=be-zahlen.,2,"[[0, 1, 2, 3, 4, 8], [5, 7]]",1,1
42059,siri,Meistens macht man das mit den Fingern.,4_long,Computer,2012-09-13T08:37:54Z,72fb5f8156adf1b638fc9bd1fa6cdbcf,0:=Meistens 1:=macht 2:=man 3:=das 4:=mit 5:=den 6:=Fingern.,1,,0,0
1467,altstadt,Alt-städte werden oft verbessert.,3_long,Stadt,2019-05-13T09:38:11Z,48f66906899cc4a9477b6c9e32ff4424,0:=Alt-städte 1:=werden 2:=oft 3:=verbessert.,1,,0,0
1848,angriff-in-las-vegas,Vor dem Hotel-zimmer hat er Über-wachungs-kameras angebracht.,14_long,Geschichte|Aus_den_Nachrichten|Hurraki:Überarbeiten|Seiten_mit_defekten_Dateilinks,2017-10-11T05:48:19Z,48f66906899cc4a9477b6c9e32ff4424,0:=Vor 1:=dem 2:=Hotel-zimmer 3:=hat 4:=er 5:=Über-wachungs-kameras 6:=angebracht.,2,"[[0, 2], [3, 4, 5, 6]]",1,1
2018,anschlag-am-12-januar-2016-in-istanbul,Das hat der Täter absichtlich gemacht.,4_short,Ohne_Kategorie|Aus_den_Nachrichten|Geschichte|Seiten_mit_defekten_Dateilinks,2016-01-12T19:45:16Z,af28a20dfb151690981ee13d72ce655c,0:=Das 1:=hat 2:=der 3:=Täter 4:=absichtlich 5:=gemacht.,1,,0,0
27018,korsett,"Ein Korsett ist sehr eng, und gibt dem Körper eine andere Form.",1_short,Gesundheit,2012-04-28T11:43:57Z,eaab3232dd7a824a6a774fd2f2814e47,"0:=Ein 1:=Korsett 2:=ist 3:=sehr 4:=eng, 5:=\newline 6:=und 7:=gibt 8:=dem 9:=Körper 10:=eine 11:=andere 12:=Form.",2,"[[2, 3, 4], [7, 9, 11, 12]]",1,1
27201,kreisfreie-stadt,Sie erledigt alle Aufgaben selbst.,1_short,Ohne_Kategorie|Hurraki:Überarbeiten|Seiten_mit_defekten_Dateilinks,2016-03-10T09:53:45Z,12c8e777393d6f1673ab5f7a7cd789da,0:=Sie 1:=erledigt 2:=alle 3:=Aufgaben 4:=selbst.,1,,0,0
9711,da-steppt-der-bar,"Das heißt, alle haben gute Laune.",2_short,Redewendungen,2012-02-28T08:59:39Z,a9f29492ed8786de5125371472bcc003,"0:=Das 1:=heißt, 2:=\newline 3:=alle 4:=haben 5:=gute 6:=Laune.",1,,0,0
1148,alkohol,Alkohol gehört zur Chemie.,0_long,Essen_und_Trinken|Seiten_mit_defekten_Dateilinks|Wörter_mit_verschiedenen_Bedeutungen,2023-05-18T06:47:13Z,48f66906899cc4a9477b6c9e32ff4424,0:=Alkohol 1:=gehört 2:=zur 3:=Chemie.,1,,0,0
1678,an-12-unfall-in-juba,"Manche sagen, der Flug des Flugzeuges hätte verboten werden sollen.",0_long,Ohne_Kategorie|Hurraki:Überarbeiten|Aus_den_Nachrichten|Seiten_mit_defekten_Dateilinks,2015-11-07T08:34:15Z,48f66906899cc4a9477b6c9e32ff4424,"0:=Manche 1:=sagen, 2:=der 3:=Flug 4:=des 5:=Flugzeuges 6:=hätte 7:=verboten 8:=werden 9:=sollen.",2,"[[6, 7, 8, 9], [5]]",1,1
12103,ecall,Zum Beispiel: • eCall kann man nicht abschalten,30_long,Ohne_Kategorie,2014-12-31T12:07:06Z,28d34f2e053dee2c0e9399a7924cd978,0:=Zum 1:=Beispiel: 2:=• 3:=eCall 4:=kann 5:=man 6:=nicht 7:=abschalten,1,,0,0
27032,kosmopolitismus,Eine Frau ist ein Kosmo-politin.,5_long,Ohne_Kategorie|Seiten_mit_defekten_Dateilinks,2019-06-16T07:49:02Z,48f66906899cc4a9477b6c9e32ff4424,0:=Eine 1:=Frau 2:=ist 3:=ein 4:=Kosmo-politin.,1,,0,0
42115,sitelen-sitelen,Das Vorbild ist die Maya-schrift.,1_short,Seiten_mit_defekten_Dateilinks|Ohne_Kategorie,2022-02-09T12:13:55Z,e800bebc9060331edfac65e663a55570,0:=Das 1:=Vorbild 2:=ist 3:=die 4:=Maya-schrift.,1,,0,0
12303,ehe,In manchen Länder ist das erlaubt.,26_long,Recht_und_Gesetz,2019-01-14T08:43:52Z,48f66906899cc4a9477b6c9e32ff4424,0:=In 1:=manchen 2:=Länder 3:=ist 4:=das 5:=erlaubt.,1,,0,0
1035,aleviten,Die Religion der Aleviten ist etwas anders als die der meisten Muslime.,2_long,Religion,2008-02-02T09:57:28Z,e3afed0047b08059d0fada10f400c1e5,0:=Die 1:=Religion 2:=der 3:=Aleviten 4:=ist 5:=etwas 6:=anders 7:=als 8:=die 9:=der 10:=meisten 11:=Muslime.,1,,0,0
42301,smalltalk,Oder damit es kein Schweigen gibt.,1_long,Sprache,2014-01-23T10:58:39Z,eaab3232dd7a824a6a774fd2f2814e47,0:=Oder 1:=damit 2:=es 3:=kein 4:=Schweigen 5:=gibt.,1,,0,0
42190,skilanglauf,Skilanglauf gibt es seit dem Jahr 1924 bei den Olympische Winterspielen.,3_long,Sport,2014-02-10T11:25:18Z,d4171b2c36772be4cad75ef4078874bd,0:=Skilanglauf 1:=gibt 2:=es 3:=seit 4:=dem 5:=Jahr 6:=1924 7:=\newline 8:=bei 9:=den 10:=Olympische 11:=Winterspielen.,2,"[[8, 10, 11], [3, 5, 6]]",1,1
2092,anschlag-in-bangkok-im-august-2015,Die Bombe explodierte um 18:56 Uhr.,0_long,Ohne_Kategorie|Geschichte|Seiten_mit_defekten_Dateilinks,2015-08-17T20:33:11Z,af28a20dfb151690981ee13d72ce655c,0:=Die 1:=Bombe 2:=explodierte 3:=um 4:=18:56 5:=Uhr.,2,"[[1, 2], [3, 4, 5]]",1,1
1413,alter,Jeder Mensch wird alt.,0_long,Seiten_mit_defekten_Dateilinks|Biologie,2012-11-03T22:15:00Z,a6e7bfd89d5771b450c4ab0f5c2996e5,0:=Jeder 1:=Mensch 2:=wird 3:=alt.,1,,0,0
1164,alkohol,Das heißt: Man kann nicht aufhören mit Alkohol-trinken.,16_long,Essen_und_Trinken|Seiten_mit_defekten_Dateilinks|Wörter_mit_verschiedenen_Bedeutungen,2023-05-18T06:47:13Z,48f66906899cc4a9477b6c9e32ff4424,0:=Das 1:=heißt: 2:= 3:=\newline 4:=Man 5:=kann 6:=nicht 7:=aufhören 8:=mit 9:=Alkohol-trinken.,1,,0,0
10049,defenestration,Eine Defenestration kann aus Versehen passieren.,1_short,Recht_und_Gesetz|Seiten_mit_defekten_Dateilinks,2016-11-09T16:25:59Z,ac95c75a4819ddeb76a125281a8c84d9,0:=Eine 1:=Defenestration 2:=kann 3:=aus 4:=Versehen 5:=passieren.,1,,0,0
12231,egypt-air-flug-181,Nach einer Zeit hat er die Menschen im Flugzeug frei gelassen.,7_long,Verkehr|Aus_den_Nachrichten|Seiten_mit_defekten_Dateilinks,2016-03-30T16:42:16Z,48f66906899cc4a9477b6c9e32ff4424,0:=Nach 1:=einer 2:=Zeit 3:=hat 4:=er 5:=die 6:=Menschen 7:=im 8:=Flugzeug 9:=frei 10:=gelassen.,3,"[[0, 2], [3, 4, 6, 9, 10], [6, 7, 8]]",1,2
42219,sklave,Zum Teil werden die Stadien von Gastarbeitern gebaut.,18_long,Ohne_Kategorie,2013-11-26T08:07:47Z,6275ee07d0785a2da491fbb224064f23,0:=Zum 1:=Teil 2:=werden 3:= 4:=die 5:=Stadien 6:=von 7:=Gastarbeitern 8:=gebaut.,1,,0,0
12321,ehe,Die Ehe ist eine Lebens-gemeinschaft.,0_short,Recht_und_Gesetz,2019-01-14T08:43:52Z,48f66906899cc4a9477b6c9e32ff4424,0:=Die 1:=Ehe 2:=ist 3:=eine 4:=Lebens-gemeinschaft.,1,,0,0
27001,korruption,Er kauft sich davon ein eigenes Haus.,6_long,Politik|Recht_und_Gesetz,2008-10-10T21:54:55Z,e3afed0047b08059d0fada10f400c1e5,0:=Er 1:=kauft 2:=sich 3:=davon 4:=ein 5:=eigenes 6:=Haus.,1,,0,0
1378,alternative-fur-deutschland,Und weil manche Ideen gegen das Grund-gesetz sind.,15_long,Politik|Aus_den_Nachrichten|Partei_in_Deutschland,2016-10-08T08:01:49Z,6275ee07d0785a2da491fbb224064f23,0:=Und 1:=weil 2:=manche 3:=Ideen 4:=gegen 5:=das 6:=Grund-gesetz 7:=sind.,1,,0,0
12440,eigentum,"Wenn man Eigentum hat, ist man Eigentümer.",0_long,Ohne_Kategorie|Seiten_mit_defekten_Dateilinks,2021-03-30T07:09:32Z,bd2d2b337209f330d5f813c36f304815,"0:=Wenn 1:=man 2:= 3:=Eigentum 4:=hat, 5:= 6:=\newline 7:=ist 8:=man 9:=Eigentümer.",2,"[[0, 1, 3, 4], [7, 8, 9]]",1,1
1932,anonymitat,"er will, dass die Leute das Gesagte wichtig nehmen, nicht seine Person.",7_long,Ohne_Kategorie,2015-01-03T20:19:29Z,5ddcf7455ff456f1eb3baf0107f54e42,"0:=er 1:=will, 2:=dass 3:=die 4:=Leute 5:=das 6:=Gesagte 7:=wichtig 8:=nehmen, 9:=nicht 10:=seine 11:=Person.",3,"[[0, 1], [2, 4, 6, 7, 8], [9, 10, 11, 7, 8]]",1,2
1361,altenburg,Altenburg ist eine Stadt in Deutsch-land.,0_short,Städte,2019-03-20T11:00:48Z,ffaa744a207eb843b7f383adcf5da422,0:=Altenburg 1:=ist 2:=eine 3:=Stadt 4:=in 5:=Deutsch-land.,2,"[[3], [4, 5]]",1,1
1399,alternative,Man kann zwischen mehreren Sachen entscheiden.,1_short,Ohne_Kategorie|Seiten_mit_defekten_Dateilinks,2021-08-27T05:12:11Z,0061a5419063d58697cea347295a4554,0:=Man 1:=kann 2:=zwischen 3:=mehreren 4:=Sachen 5:=entscheiden.,1,,0,0
1287,alles,"• Es ist nicht alles Gold, was glänzt.",3_long,Ohne_Kategorie|Seiten_mit_defekten_Dateilinks,2019-06-26T11:09:50Z,0cb9cde516c38ed84dc1f3f2b5556ed3,"0:= 1:=• 2:=Es 3:=ist 4:=nicht 5:=alles 6:=Gold, 7:=was 8:=glänzt.",2,"[[2, 3, 4, 5, 6], [7, 8]]",1,1
1742,anamnese,Der Therapeut stellt dem Patienten viele Fragen.,2_long,Gesundheit|Seiten_mit_defekten_Dateilinks,2020-12-30T16:21:28Z,071517655685f140a415c26a1bfd2837,0:=Der 1:=Therapeut 2:=stellt 3:=dem 4:=Patienten 5:=viele 6:=Fragen.,1,,0,0
9766,dampflokomotive,Über der Lokomotive gibt es eine große Dampf-wolke.,4_long,Verkehr|Seiten_mit_defekten_Dateilinks,2023-01-30T15:21:08Z,99280970af8d54864c10b22240ecda16,0:=Über 1:=der 2:=Lokomotive 3:=gibt 4:=es 5:=eine 6:=große 7:=Dampf-wolke.,3,"[[0, 2], [3, 4, 7], [6, 7]]",1,2
1172,alkohol,Manchmal ist es besser wenn man keinen Alkohol trinkt.,24_long,Essen_und_Trinken|Seiten_mit_defekten_Dateilinks|Wörter_mit_verschiedenen_Bedeutungen,2023-05-18T06:47:13Z,48f66906899cc4a9477b6c9e32ff4424,0:=Manchmal 1:=ist 2:=es 3:=besser 4:=wenn 5:=man 6:=keinen 7:=Alkohol 8:=trinkt.,2,"[[0, 1, 2, 3], [4, 5, 6, 7, 8]]",1,1
12118,echauffieren,"sich echauf­fie­ren bedeutet: sich ""aufregen"".",0_short,Ohne_Kategorie,2012-08-25T17:58:45Z,eaab3232dd7a824a6a774fd2f2814e47,"0:=sich 1:=echauf­fie­ren 2:=bedeutet: 3:=\newline 4:=sich 5:=""aufregen"".",1,,0,0
9718,dabbawala,Die dabbas haben Farben.,6_long,Seiten_mit_defekten_Dateilinks|Essen_und_Trinken|Beruf,2019-03-23T09:47:38Z,48f66906899cc4a9477b6c9e32ff4424,0:=Die 1:=dabbas 2:=haben 3:=Farben.,1,,0,0
12511,einkommen-aus-besitz,Du lässt Menschen in deinem Haus wohnen.,12_long,Geld,2021-10-30T11:15:40Z,4e761a928113c1f23dda0939b1022778,0:=Du 1:=lässt 2:=Menschen 3:=in 4:=deinem 5:=Haus 6:=wohnen.,1,,0,0
1462,altruismus,Altruismus ist ein lateinisches Wort.,0_short,Ohne_Kategorie,2010-06-12T06:40:06Z,7b5adf57ed2178795004f4c052333f37,0:=Altruismus 1:=ist 2:=ein 3:=lateinisches 4:=Wort.,1,,0,0
42028,simultanschach,Ein (1) Spieler spielt gegen viele andere.,1_short,Sport,2019-01-22T10:34:08Z,48f66906899cc4a9477b6c9e32ff4424,0:=Ein 1:=(1) 2:=Spieler 3:=spielt 4:=gegen 5:=viele 6:=andere.,2,"[[2, 3, 4, 5, 6], [1]]",1,1
12507,einkommen-aus-besitz,Beispiel: Du hast ein Haus.,8_long,Geld,2021-10-30T11:15:40Z,4e761a928113c1f23dda0939b1022778,0:=Beispiel: 1:= 2:=\newline 3:=Du 4:=hast 5:=ein 6:=Haus.,1,,0,0
2141,anschlag-in-charlottesville,Und über 19 Menschen sind verletzt.,10_long,Aus_den_Nachrichten|Hurraki:Überarbeiten|Seiten_mit_defekten_Dateilinks,2017-08-20T04:11:19Z,48f66906899cc4a9477b6c9e32ff4424,0:=Und 1:=über 2:=19 3:=Menschen 4:=sind 5:=verletzt.,1,,0,0
12314,ehe,Man muss die Schulden vom Ehe-partner mit-bezahlen.,37_long,Recht_und_Gesetz,2019-01-14T08:43:52Z,48f66906899cc4a9477b6c9e32ff4424,0:=Man 1:=muss 2:=die 3:=Schulden 4:=vom 5:=Ehe-partner 6:=mit-bezahlen.,1,,0,0
10132,demeter,Der Sohn heißt Plutos.,12_long,Seiten_mit_defekten_Dateilinks|Ohne_Kategorie,2022-01-29T14:24:42Z,e800bebc9060331edfac65e663a55570,0:=Der 1:=Sohn 2:=heißt 3:=Plutos.,1,,0,0
1353,altenburg,"Das Wahrzeichen von Altenburg sind die ""Roten Spitzen"".",9_long,Städte,2019-03-20T11:00:48Z,ffaa744a207eb843b7f383adcf5da422,"0:=Das 1:=Wahrzeichen 2:=von 3:=Altenburg 4:=sind 5:=die 6:=""Roten 7:=Spitzen"".",1,,0,0
1456,altonaer-fischmarkt,Der Altonaer Fisch-markt ist ein sehr großer Markt.,0_short,Essen_und_Trinken|Seiten_mit_defekten_Dateilinks,2023-02-08T08:19:21Z,58d6d1d5aca5e9e6ed470dcf6dafeb4e,0:=Der 1:=Altonaer 2:=Fisch-markt 3:=ist 4:=ein 5:=sehr 6:=großer 7:=Markt.,1,,0,0
1362,altenburg,Altenburg ist eine Stadt im Bundes-land Thüringen.,1_short,Städte,2019-03-20T11:00:48Z,ffaa744a207eb843b7f383adcf5da422,0:=Altenburg 1:=ist 2:=eine 3:=Stadt 4:=im 5:=Bundes-land 6:=Thüringen.,2,"[[3], [4, 5, 6]]",1,1
12524,einkommen,Ein-kommens-arten sind zum Beispiel: • Ein-kommen aus Besitz,6_long,Geld,2021-10-27T16:11:52Z,4e761a928113c1f23dda0939b1022778,0:=Ein-kommens-arten 1:=sind 2:=zum 3:=Beispiel: 4:=• 5:=Ein-kommen 6:=aus 7:=Besitz,1,,0,0
10126,demeter,Demeter ist der Schwester von: • Zeus,6_long,Seiten_mit_defekten_Dateilinks|Ohne_Kategorie,2022-01-29T14:24:42Z,e800bebc9060331edfac65e663a55570,0:=Demeter 1:=ist 2:=der 3:=Schwester 4:=von: 5:=• 6:=Zeus,1,,0,0
9949,david-bowie,David Bowie ist am 10. Januar 2016 gestorben.,2_long,Musik|Personen,2016-01-11T18:42:10Z,28d34f2e053dee2c0e9399a7924cd978,0:=David 1:=Bowie 2:=ist 3:=am 4:=10. 5:=Januar 6:=2016 7:=gestorben.,1,,0,0
1349,altenburg,In Altenburg wurde das Skat-spiel erfunden.,5_long,Städte,2019-03-20T11:00:48Z,ffaa744a207eb843b7f383adcf5da422,0:=In 1:=Altenburg 2:=wurde 3:=das 4:=Skat-spiel 5:=erfunden.,1,,0,0
9947,david-bowie,David Bowie ist am 8. Januar 1947 geboren worden.,0_long,Musik|Personen,2016-01-11T18:42:10Z,28d34f2e053dee2c0e9399a7924cd978,0:=David 1:=Bowie 2:=ist 3:=am 4:=8. 5:=Januar 6:=1947 7:=geboren 8:=worden.,1,,0,0
42159,sixtinische-kapelle,Auf die Wände und an die Decke sind Bilder gemalt.,3_long,Ort|Seiten_mit_defekten_Dateilinks,2013-03-12T07:06:15Z,7b5adf57ed2178795004f4c052333f37,0:=Auf 1:=die 2:=Wände 3:=und 4:=an 5:=die 6:=Decke 7:=sind 8:=Bilder 9:=gemalt.,2,"[[0, 2], [5, 6]]",1,1
12384,eierwarmer,Und damit es besser schmeckt.,2_long,Essen_und_Trinken,2019-04-04T09:58:35Z,48f66906899cc4a9477b6c9e32ff4424,0:=Und 1:=damit 2:=es 3:=besser 4:=schmeckt.,1,,0,0
1482,altweibersommer,Der Altweibersommer geht von September bis Oktober.,0_long,Natur,2013-09-28T11:41:10Z,eaab3232dd7a824a6a774fd2f2814e47,0:=Der 1:=Altweibersommer 2:=geht 3:=von 4:=September 5:=bis 6:=Oktober.,2,"[[3, 4], [5, 6]]",1,1
12459,einfache-sprache,Für Einfache Sprache gibt es keine genauen Regeln.,1_long,Sprache|Hurraki|Leichte_Sprache,2015-01-01T19:58:21Z,be9da3e660311583f64df8d974bcb2fe,0:=Für 1:=Einfache 2:=Sprache 3:=gibt 4:=es 5:=keine 6:=genauen 7:=Regeln.,1,,0,0
42352,sms,"""Short Message Service"" heißt auf deutsch: ""Kurznachricht""",1_short,Computer,2008-04-16T18:56:55Z,1165823e29d5567f66ef3bbbcbfabcad,"0:=""Short 1:=Message 2:=Service"" 3:=heißt 4:=auf 5:=deutsch: 6:=""Kurznachricht""",1,,0,0
42217,sklave,Zum Beispiel: In dem Land Katar soll im Jahr 2022 die Fußball-Weltmeisterschaft sein.,16_long,Ohne_Kategorie,2013-11-26T08:07:47Z,6275ee07d0785a2da491fbb224064f23,0:=Zum 1:=Beispiel: 2:=\newline 3:=In 4:=dem 5:=Land 6:=Katar 7:=soll 8:=im 9:=Jahr 10:=2022 11:=die 12:=Fußball-Weltmeisterschaft 13:=sein.,2,"[[3, 5, 6], [8, 9, 10]]",1,1
10147,demilitarisierung,Er hob den Versailler Vertrag auf.,6_long,Ohne_Kategorie|Seiten_mit_defekten_Dateilinks,2016-01-20T18:01:41Z,950c751fae083d40469b6d3261a74515,0:=Er 1:=hob 2:=den 3:=Versailler 4:=Vertrag 5:=auf.,1,,0,0
42483,soldat-auf-zeit,"Ein Soldat auf Zeit ist ein Soldat, der für eine bestimmte Zeit bei der Armee bleiben will.",0_short,Beruf|Militär,2014-01-31T06:51:10Z,6275ee07d0785a2da491fbb224064f23,"0:=Ein 1:=Soldat 2:=auf 3:=Zeit 4:=ist 5:=ein 6:=Soldat, 7:=\newline 8:=der 9:=für 10:=eine 11:=bestimmte 12:=Zeit 13:=bei 14:=der 15:=Armee 16:=bleiben 17:=will.",3,"[[1, 2, 3, 4, 6], [8, 13, 15, 16, 17], [9, 11, 12]]",1,2
42267,slamball,Slamball ist ein Sport.,0_short,Sport,2014-08-26T12:02:12Z,eaab3232dd7a824a6a774fd2f2814e47,0:=Slamball 1:=ist 2:=ein 3:=Sport.,1,,0,0
27063,krafttraining,Vor dem Kraft-training wärmt man die Muskeln auf.,18_long,Sport|Seiten_mit_defekten_Dateilinks,2019-10-28T08:05:49Z,eaab3232dd7a824a6a774fd2f2814e47,0:=Vor 1:=dem 2:=Kraft-training 3:=wärmt 4:=man 5:=die 6:=Muskeln 7:=auf.,2,"[[0, 2], [3, 4, 6, 7]]",1,1
12497,eingliederungshilfe,Das kann Geld sein. • Manchmal gibt es Eingliederungshilfe auch als Gutschein.,4_long,Recht_und_Gesetz,2009-12-26T16:15:41Z,d8779288de353a0da9951dfcae710103,0:=Das 1:=kann 2:=Geld 3:=sein. 4:=• 5:=Manchmal 6:=gibt 7:=es 8:=Eingliederungshilfe 9:=auch 10:=als 11:=Gutschein.,2,"[[0, 1, 2, 3], [5, 6, 7, 8, 9, 10, 11]]",1,1
27021,koryphae,Darum ist er eine Koryphäe im Bereich Computer.,2_long,Ohne_Kategorie,2012-03-02T11:56:09Z,58d6d1d5aca5e9e6ed470dcf6dafeb4e,0:=Darum 1:=ist 2:=er 3:=eine 4:=Koryphäe 5:=im 6:=Bereich 7:=Computer.,2,"[[0, 2, 3, 4], [5, 6, 7]]",1,1
1315,allgemeines-gleichbehandlungsgesetz,Früher hatte das Allgemeine Gleich-behandlungs-gesetz einen anderen Namen.,11_long,Politik|Recht_und_Gesetz|Seiten_mit_defekten_Dateilinks,2008-02-02T09:59:38Z,e3afed0047b08059d0fada10f400c1e5,0:=Früher 1:=hatte 2:=das 3:=Allgemeine 4:=Gleich-behandlungs-gesetz 5:=einen 6:=anderen 7:=Namen.,1,,0,0
10065,dekollete,Ein Dekolleté geht vom Hals bis zum Busen einer Frau.,0_short,Kleider|Sexualität,2015-03-31T08:46:42Z,eaab3232dd7a824a6a774fd2f2814e47,0:=Ein 1:=Dekolleté 2:=geht 3:=vom 4:=Hals 5:=bis 6:=zum 7:=Busen 8:=einer 9:=Frau.,3,"[[1, 2, 3, 4], [1, 2, 5, 6, 7], [7, 8, 9]]",1,2
12085,ecall,Zum Beispiel: Welche Daten sollen an den Kranken-wagen geschickt werden.,12_long,Ohne_Kategorie,2014-12-31T12:07:06Z,28d34f2e053dee2c0e9399a7924cd978,0:=Zum 1:=Beispiel: 2:=\newline 3:=Welche 4:=Daten 5:=sollen 6:=an 7:=den 8:=Kranken-wagen 9:=geschickt 10:=werden.,1,,0,0
27159,krass,Krass ist ein Adjektiv.,4_long,Ohne_Kategorie,2011-12-02T12:05:23Z,a9f29492ed8786de5125371472bcc003,0:=Krass 1:=ist 2:=ein 3:=Adjektiv.,1,,0,0
12385,eierwarmer,Und damit es warm wird.,3_long,Essen_und_Trinken,2019-04-04T09:58:35Z,48f66906899cc4a9477b6c9e32ff4424,0:=Und 1:=damit 2:=es 3:=warm 4:=wird.,1,,0,0
26971,korpergewicht,"Was ein gutes Körper-gewicht ist, kann man aus-rechnen.",6_long,Gesundheit|Seiten_mit_defekten_Dateilinks,2019-12-27T09:05:27Z,eaab3232dd7a824a6a774fd2f2814e47,"0:=Was 1:=ein 2:=gutes 3:=Körper-gewicht 4:=ist, 5:= 6:=\newline 7:=kann 8:=man 9:=aus-rechnen.",2,"[[0, 2, 3, 4], [7, 8, 9]]",1,1
42465,sodbrennen,"Zum Beispiel wenn der Magen zuviel Säure macht, oder wenn das Herz krank ist.",14_long,Gesundheit,2009-07-13T17:40:11Z,4a7c0bf975893985e2e36604fef9654f,"0:=Zum 1:=Beispiel 2:=wenn 3:=der 4:=Magen 5:=zuviel 6:=Säure 7:=macht, 8:=\newline 9:=oder 10:=wenn 11:=das 12:=Herz 13:=krank 14:=ist.",2,"[[2, 4, 5, 6, 7], [10, 12, 13, 14]]",1,1
27307,kulanz,Man macht dies aus verscheidenen Gründen.,2_long,Ohne_Kategorie,2012-03-14T09:06:01Z,eaab3232dd7a824a6a774fd2f2814e47,0:=Man 1:=macht 2:=dies 3:=aus 4:=verscheidenen 5:=Gründen.,1,,0,0
1319,allgemeines-gleichbehandlungsgesetz,Das Gesetz soll Menschen vor Ungerechtigkeit schützen.,1_short,Politik|Recht_und_Gesetz|Seiten_mit_defekten_Dateilinks,2008-02-02T09:59:38Z,e3afed0047b08059d0fada10f400c1e5,0:=Das 1:=Gesetz 2:=soll 3:=Menschen 4:=vor 5:=Ungerechtigkeit 6:=schützen.,1,,0,0
9832,das-kalte-herz,Das kalte Herz ist ein Märchen.,0_short,Seiten_mit_defekten_Dateilinks|Ohne_Kategorie,2022-02-23T16:43:28Z,e800bebc9060331edfac65e663a55570,0:=Das 1:=kalte 2:=Herz 3:=ist 4:=ein 5:=Märchen.,1,,0,0
26865,kopfgeld,Kopf-geld gibt es für Verbrecher.,3_long,Recht_und_Gesetz|Seiten_mit_defekten_Dateilinks,2021-09-09T06:31:21Z,48f66906899cc4a9477b6c9e32ff4424,0:=Kopf-geld 1:=gibt 2:=es 3:=für 4:=Verbrecher.,1,,0,0
42262,slackline,Slackline ist eine Sportart.,0_short,Sport,2012-10-07T13:48:29Z,d4171b2c36772be4cad75ef4078874bd,0:=Slackline 1:=ist 2:=eine 3:=Sportart.,1,,0,0
42365,sneak-preview,Cineasten schauen sich sehr gerne Sneak Preview Filme an.,12_long,Film_und_Kino|Seiten_mit_defekten_Dateilinks,2017-10-23T06:43:33Z,48f66906899cc4a9477b6c9e32ff4424,0:=Cineasten 1:=schauen 2:=sich 3:=sehr 4:=gerne 5:=Sneak 6:=Preview 7:=Filme 8:=an.,1,,0,0
9784,danemark,Viele Menschen in Dänemark sprechen auch Englisch.,4_long,Ohne_Kategorie|Seiten_mit_defekten_Dateilinks,2023-04-04T08:35:33Z,f3d525674a904e48b4a41a13ef2a54a5,0:=Viele 1:=Menschen 2:=in 3:=Dänemark 4:=sprechen 5:=auch 6:=Englisch.,1,,0,0
42404,social-bot,Den Social Bot gibt es in Sozialen Netz-werken.,1_short,Internet|Seiten_mit_defekten_Dateilinks,2017-08-13T08:57:11Z,28d34f2e053dee2c0e9399a7924cd978,0:=Den 1:=Social 2:=Bot 3:=gibt 4:=es 5:=in 6:=Sozialen 7:=Netz-werken.,1,,0,0
42136,sitzvolleyball,Der Ball soll immer in der Luft bleiben.,9_long,Sport|Paralympics,2012-01-30T18:24:13Z,d4171b2c36772be4cad75ef4078874bd,0:=Der 1:=Ball 2:=soll 3:=immer 4:=in 5:=der 6:=Luft 7:=bleiben.,1,,0,0
1884,animal-liberation-front,"Die Gruppe will nicht, dass Menschen mit Tieren Versuche machen.",2_short,Ohne_Kategorie,,,"0:=Die 1:=Gruppe 2:=will 3:=nicht, 4:=dass 5:=Menschen 6:=mit 7:=Tieren 8:=Versuche 9:=machen.",2,"[[1, 2, 3], [4, 5, 6, 7, 8, 9]]",1,1
1811,angeln,Fische kann man mit einer Angel fangen.,0_long,Sport|Hurraki:Überarbeiten|Seiten_mit_defekten_Dateilinks,2013-01-15T08:55:46Z,b950d35f9da29c3fdd02c8ad471d9965,0:=Fische 1:=kann 2:=man 3:=mit 4:=einer 5:=Angel 6:=fangen.,2,"[[0, 1, 2, 6], [3, 5]]",1,1
1781,anarchismus,Und es darf keine Hierarchie geben.,28_long,Politik|Seiten_mit_defekten_Dateilinks,2016-04-25T17:26:24Z,48f66906899cc4a9477b6c9e32ff4424,0:=Und 1:=es 2:=darf 3:=keine 4:=Hierarchie 5:=geben.,1,,0,0
1738,analphabet,Ein An-al-pha-bet ist eine Person.,0_short,Ohne_Kategorie|Seiten_mit_defekten_Dateilinks,2015-09-08T10:46:12Z,cfbe77d115cd524def4ccbe596a54842,0:=Ein 1:=An-al-pha-bet 2:=ist 3:=eine 4:=Person.,1,,0,0
42344,smartphone,Man kann damit im Internet surfen.,4_short,Computer|Internet,2012-08-24T08:57:32Z,72fb5f8156adf1b638fc9bd1fa6cdbcf,0:=Man 1:=kann 2:=damit 3:=im 4:=Internet 5:=surfen.,1,,0,0
42122,sitzfuball,Man darf nicht aufstehen.,1_long,Sport,2008-05-06T08:00:41Z,ba4bddd086162b3f83a1be81c78c36e0,0:=Man 1:=darf 2:=nicht 3:=aufstehen.,1,,0,0
12542,einpersonenpackung,Damit kann man 1 Tag lang Essen und Trinken.,1_short,Übung|Essen_und_Trinken|Seiten_mit_defekten_Dateilinks,2023-06-18T07:20:09Z,48f66906899cc4a9477b6c9e32ff4424,0:=Damit 1:=kann 2:=man 3:=1 4:=Tag 5:=lang 6:=Essen 7:=und 8:=Trinken.,2,"[[6], [8]]",1,1
2073,anschlag-in-ankara-2016,Weil die Türkei im Krieg in Syrien mitmacht.,7_long,Ohne_Kategorie|Aus_den_Nachrichten|Geschichte|Seiten_mit_defekten_Dateilinks,2016-02-21T09:24:48Z,af28a20dfb151690981ee13d72ce655c,0:=Weil 1:=die 2:=Türkei 3:=im 4:=Krieg 5:=in 6:=Syrien 7:=mitmacht.,1,,0,0
42057,siri,Siri ist eine Sprach-steuerung für das iPhone.,2_long,Computer,2012-09-13T08:37:54Z,72fb5f8156adf1b638fc9bd1fa6cdbcf,0:=Siri 1:=ist 2:=eine 3:=Sprach-steuerung 4:=für 5:=das 6:=iPhone.,2,"[[0, 1, 3], [4, 6]]",1,1
27022,koryphae,"Eine Koryphäe ist eine Person, die sich besonders gut in etwas auskennt.",0_short,Ohne_Kategorie,2012-03-02T11:56:09Z,58d6d1d5aca5e9e6ed470dcf6dafeb4e,"0:=Eine 1:=Koryphäe 2:=ist 3:=eine 4:=Person, 5:=die 6:=sich 7:=besonders 8:=gut 9:=in 10:=etwas 11:=auskennt.",3,"[[1, 2, 4], [5, 6, 7, 8, 11], [9, 10]]",1,2
27156,krass,Beispiel: Michael findet den Horrorfilm krass.,1_long,Ohne_Kategorie,2011-12-02T12:05:23Z,a9f29492ed8786de5125371472bcc003,0:=Beispiel: 1:=\newline 2:=Michael 3:=findet 4:=den 5:=Horrorfilm 6:=krass.,1,,0,0
1853,angriff-in-las-vegas,Stephen Paddock ist bereits tot gewesen.,19_long,Geschichte|Aus_den_Nachrichten|Hurraki:Überarbeiten|Seiten_mit_defekten_Dateilinks,2017-10-11T05:48:19Z,48f66906899cc4a9477b6c9e32ff4424,0:=Stephen 1:=Paddock 2:=ist 3:=bereits 4:=tot 5:=gewesen.,1,,0,0
9731,dabbawala,Damit das Essen warm bleibt.,7_short,Seiten_mit_defekten_Dateilinks|Essen_und_Trinken|Beruf,2019-03-23T09:47:38Z,48f66906899cc4a9477b6c9e32ff4424,0:=Damit 1:=das 2:=Essen 3:=warm 4:=bleibt.,1,,0,0
26997,korruption,"Der Richter sagt, der Verbrecher ist unschuldig.",2_long,Politik|Recht_und_Gesetz,2008-10-10T21:54:55Z,e3afed0047b08059d0fada10f400c1e5,"0:=Der 1:=Richter 2:=sagt, 3:=der 4:=Verbrecher 5:=ist 6:=unschuldig.",2,"[[1, 2], [4, 5, 6]]",1,1
9753,dalai-lama,Der Buddhismus ist eine Religion.,1_long,Religion,2008-02-05T15:10:08Z,e3afed0047b08059d0fada10f400c1e5,0:=Der 1:=Buddhismus 2:=ist 3:=eine 4:=Religion.,1,,0,0
42394,social-bot,Der Social Bot erkennt bestimmte Wörter.,4_long,Internet|Seiten_mit_defekten_Dateilinks,2017-08-13T08:57:11Z,28d34f2e053dee2c0e9399a7924cd978,0:=Der 1:=Social 2:=Bot 3:=erkennt 4:=bestimmte 5:=Wörter.,1,,0,0
9812,das-bildnis-des-dorian-gray,Im Jahr 1890: Erscheint die erste Ausgabe.,2_short,Lesen_und_Bücher,2022-01-22T14:04:56Z,e800bebc9060331edfac65e663a55570,0:=Im 1:=Jahr 2:=1890: 3:=\newline 4:=Erscheint 5:=die 6:=erste 7:=Ausgabe.,2,"[[0, 1, 2], [4, 6, 7]]",1,1
27142,krankheit,"Ein Mensch der eine Krankheit hat, nennt man Kranker.",11_long,Gesundheit|Hurraki:Überarbeiten|Seiten_mit_defekten_Dateilinks,2020-05-07T06:15:23Z,48f66906899cc4a9477b6c9e32ff4424,"0:=Ein 1:=Mensch 2:=der 3:=eine 4:=Krankheit 5:=hat, 6:=\newline 7:=nennt 8:=man 9:=Kranker.",2,"[[1, 2, 4, 5], [7, 8, 9]]",1,1
12394,eierwarmer,Und macht einen Deckel darauf.,1_short,Essen_und_Trinken,2019-04-04T09:58:35Z,48f66906899cc4a9477b6c9e32ff4424,0:=Und 1:=macht 2:=einen 3:=Deckel 4:=darauf.,1,,0,0
1048,alex-honnold,Er heißt: Free Solo.,4_long,Sport|Personen|Seiten_mit_defekten_Dateilinks,2021-07-16T21:06:31Z,e54ca469914bc262b958dc327fbe1253,0:=Er 1:=heißt: 2:=Free 3:=Solo.,1,,0,0
12230,egypt-air-flug-181,"Der Mann hat den Menschen im Flugzeug gedroht, er sprengt sich selbst mit einem Spreng-stoff-gürtel in die Luft.",6_long,Verkehr|Aus_den_Nachrichten|Seiten_mit_defekten_Dateilinks,2016-03-30T16:42:16Z,48f66906899cc4a9477b6c9e32ff4424,"0:=Der 1:=Mann 2:=hat 3:=den 4:=Menschen 5:=im 6:=Flugzeug 7:=gedroht, 8:=\newline 9:=er 10:=sprengt 11:=sich 12:=selbst 13:=mit 14:=einem 15:=Spreng-stoff-gürtel 16:=in 17:=die 18:=Luft.",4,"[[1, 2, 4, 7], [4, 5, 6], [9, 10, 11, 12, 16, 18], [13, 15]]",1,3
12224,egypt-air-flug-181,Der Mann der das Flugzeug entführt hat heißt: Saif a-Din Mustafa.,0_long,Verkehr|Aus_den_Nachrichten|Seiten_mit_defekten_Dateilinks,2016-03-30T16:42:16Z,48f66906899cc4a9477b6c9e32ff4424,0:=Der 1:=Mann 2:=der 3:=das 4:=Flugzeug 5:=entführt 6:=hat 7:=heißt: 8:=Saif 9:=a-Din 10:=Mustafa.,2,"[[1, 7, 8, 9, 10], [2, 4, 5, 6]]",1,1
1859,angriff-in-las-vegas,Viele Menschen auf der ganzen Welt haben Angst und sind traurig.,25_long,Geschichte|Aus_den_Nachrichten|Hurraki:Überarbeiten|Seiten_mit_defekten_Dateilinks,2017-10-11T05:48:19Z,48f66906899cc4a9477b6c9e32ff4424,0:=Viele 1:=Menschen 2:=auf 3:=der 4:=ganzen 5:=Welt 6:=haben 7:=Angst 8:=und 9:=sind 10:=traurig.,3,"[[2, 4, 5], [6, 7], [8, 10]]",1,2
1749,anamnese,Dann kann der Therapeut dem Patienten besser helfen.,9_long,Gesundheit|Seiten_mit_defekten_Dateilinks,2020-12-30T16:21:28Z,071517655685f140a415c26a1bfd2837,0:=Dann 1:=kann 2:=der 3:=Therapeut 4:=dem 5:=Patienten 6:=besser 7:=helfen.,2,"[[0, 1, 3, 5], [6]]",1,1
9932,daumenkino,Das Daumenkino funktioniert durch den Stroboskop-effekt.,5_long,Film_und_Kino|Technik,2014-03-01T15:38:30Z,eaab3232dd7a824a6a774fd2f2814e47,0:=Das 1:=Daumenkino 2:=funktioniert 3:=durch 4:=den 5:=Stroboskop-effekt.,1,,0,0
12075,ecall,Auf deutsch heißt emergency call: Notruf.,2_long,Ohne_Kategorie,2014-12-31T12:07:06Z,28d34f2e053dee2c0e9399a7924cd978,0:=Auf 1:=deutsch 2:=heißt 3:=emergency 4:=call: 5:=Notruf.,1,,0,0
42116,sitelen-sitelen,Und es wird in Bildern geschrieben.,2_short,Seiten_mit_defekten_Dateilinks|Ohne_Kategorie,2022-02-09T12:13:55Z,e800bebc9060331edfac65e663a55570,0:=Und 1:=es 2:=wird 3:=in 4:=Bildern 5:=geschrieben.,1,,0,0
2109,anschlag-in-bangkok-im-august-2015,Und sehr viele Menschen sind verletzt worden.,1_short,Ohne_Kategorie|Geschichte|Seiten_mit_defekten_Dateilinks,2015-08-17T20:33:11Z,af28a20dfb151690981ee13d72ce655c,0:=Und 1:=sehr 2:=viele 3:=Menschen 4:=sind 5:=verletzt 6:=worden.,1,,0,0
42317,smartphone,Auf deutsch heißt Smartphone: Schlaues Telefon.,1_long,Computer|Internet,2012-08-24T08:57:32Z,72fb5f8156adf1b638fc9bd1fa6cdbcf,0:=Auf 1:=deutsch 2:=heißt 3:=Smartphone: 4:=Schlaues 5:=Telefon.,1,,0,0
12574,eins,Man kann Eins (1) mit einem Hand-zeichen zeigen.,10_short,Seiten_mit_defekten_Dateilinks|Ohne_Kategorie,2018-11-19T09:26:30Z,48f66906899cc4a9477b6c9e32ff4424,0:=Man 1:=kann 2:=Eins 3:=(1) 4:=mit 5:=einem 6:=Hand-zeichen 7:=zeigen.,1,,0,0
27050,krafttraining,Bei den Übungen macht man Wieder-holungen.,5_long,Sport|Seiten_mit_defekten_Dateilinks,2019-10-28T08:05:49Z,eaab3232dd7a824a6a774fd2f2814e47,0:=Bei 1:=den 2:=Übungen 3:=macht 4:=man 5:=Wieder-holungen.,1,,0,0
1030,aleppo,Aleppo ist eine Stadt in Syrien.,0_short,Städte|Seiten_mit_defekten_Dateilinks,2016-09-26T14:57:00Z,7b5adf57ed2178795004f4c052333f37,0:=Aleppo 1:=ist 2:=eine 3:=Stadt 4:=in 5:=Syrien.,2,"[[0, 1, 3], [4, 5]]",1,1
1876,animal-liberation-front,Die Aktionen sollen Tieren helfen.,7_long,Ohne_Kategorie,,,0:=Die 1:=Aktionen 2:=sollen 3:=Tieren 4:=helfen.,1,,0,0
9760,dalmatiner,Auf dem Fell sind schwarze Punkte.,3_long,Tiere,2008-05-26T18:54:01Z,1165823e29d5567f66ef3bbbcbfabcad,0:=Auf 1:=dem 2:=Fell 3:=sind 4:=schwarze 5:=Punkte.,1,,0,0
42405,social-bot,Der Social Bot sagt: Ich bin ein Mensch.,2_short,Internet|Seiten_mit_defekten_Dateilinks,2017-08-13T08:57:11Z,28d34f2e053dee2c0e9399a7924cd978,0:=Der 1:=Social 2:=Bot 3:=sagt: 4:=Ich 5:=bin 6:=ein 7:=Mensch.,2,"[[1, 2, 3], [4, 5, 7]]",1,1
27003,korruption,Dieser Politiker ist dann korrupt.,8_long,Politik|Recht_und_Gesetz,2008-10-10T21:54:55Z,e3afed0047b08059d0fada10f400c1e5,0:=Dieser 1:=Politiker 2:=ist 3:=dann 4:=korrupt.,1,,0,0
26947,korperbemalung,Henna-Farbe hält sehr lange.,6_long,Kleider|Seiten_mit_defekten_Dateilinks,2015-06-05T15:33:34Z,eaab3232dd7a824a6a774fd2f2814e47,0:=Henna-Farbe 1:=hält 2:=sehr 3:=lange.,1,,0,0
42108,sitelen-pona,Sitelen Pona heißt: Einfaches schreiben.,1_short,Sprache|Seiten_mit_defekten_Dateilinks,2022-02-08T06:59:29Z,48f66906899cc4a9477b6c9e32ff4424,0:=Sitelen 1:=Pona 2:=heißt: 3:=\newline 4:=Einfaches 5:=schreiben.,1,,0,0
12188,edgar-allan-poe,Edgar Allan Poe schreibt vor allem: • Kriminal-geschichten,3_long,Personen,2022-01-19T07:15:51Z,e800bebc9060331edfac65e663a55570,0:=Edgar 1:=Allan 2:=Poe 3:=schreibt 4:=vor 5:=allem: 6:=• 7:=Kriminal-geschichten,1,,0,0
1995,anschlag-am-10-dezember-2016-in-istanbul,Jemand hat ein Auto in die Luft gesprengt.,3_short,Aus_den_Nachrichten|Geschichte|Seiten_mit_defekten_Dateilinks,2016-12-15T07:06:25Z,af28a20dfb151690981ee13d72ce655c,0:=Jemand 1:=hat 2:=ein 3:=Auto 4:=in 5:=die 6:=Luft 7:=gesprengt.,1,,0,0
1016,aleppo,Die meisten Menschen in Aleppo sind Araber und Kurden.,3_long,Städte|Seiten_mit_defekten_Dateilinks,2016-09-26T14:57:00Z,7b5adf57ed2178795004f4c052333f37,0:=Die 1:=meisten 2:=Menschen 3:=in 4:=Aleppo 5:=sind 6:=Araber 7:=und 8:=Kurden.,2,"[[6], [8]]",1,1
1897,anlauttabelle,Die Programme haben eine extra Tastatur.,8_long,Schule_und_Lernen,2014-08-26T17:59:17Z,af28a20dfb151690981ee13d72ce655c,0:=Die 1:=Programme 2:=haben 3:=eine 4:=extra 5:=Tastatur.,1,,0,0
27275,kryptowahrung,Jeden Tag bezahlen sehr viele Menschen mit einer Krypto-währung.,6_long,Geld,2018-12-19T14:08:31Z,48f66906899cc4a9477b6c9e32ff4424,0:=Jeden 1:=Tag 2:=bezahlen 3:=sehr 4:=viele 5:=Menschen 6:=mit 7:=einer 8:=Krypto-währung.,2,"[[0, 1], [6, 8]]",1,1
1784,anarchismus,Im Anarchismus sind diese Sachen für die Menschen besonders wichtig: • Freiheit,31_long,Politik|Seiten_mit_defekten_Dateilinks,2016-04-25T17:26:24Z,48f66906899cc4a9477b6c9e32ff4424,0:=Im 1:=Anarchismus 2:=sind 3:=diese 4:=Sachen 5:=für 6:=die 7:=Menschen 8:=besonders 9:=wichtig: 10:=• 11:=Freiheit,4,"[[0, 1, 2, 3, 4, 9], [5, 6, 7, 9], [8, 9], [11]]",1,3
1350,altenburg,Altenburg ist eine Reformations-stadt.,6_long,Städte,2019-03-20T11:00:48Z,ffaa744a207eb843b7f383adcf5da422,0:=Altenburg 1:=ist 2:=eine 3:=Reformations-stadt.,1,,0,0
9762,dampflokomotive,Die erste Lokomotive war mit Dampf.,0_long,Verkehr|Seiten_mit_defekten_Dateilinks,2023-01-30T15:21:08Z,99280970af8d54864c10b22240ecda16,0:=Die 1:=erste 2:=Lokomotive 3:=war 4:=mit 5:=Dampf.,1,,0,0
9826,das-feuerzeug,Hans Christian Andersen schreibt es im Jahr 1835.,1_short,Seiten_mit_defekten_Dateilinks|Ohne_Kategorie,2022-02-17T10:35:21Z,e800bebc9060331edfac65e663a55570,0:=Hans 1:=Christian 2:=Andersen 3:=schreibt 4:=es 5:=im 6:=Jahr 7:=1835.,2,"[[0, 1, 2, 3, 4], [5, 6, 7]]",1,1
27019,koryphae,Das Wort Koryphäe ist ein Substantiv.,0_long,Ohne_Kategorie,2012-03-02T11:56:09Z,58d6d1d5aca5e9e6ed470dcf6dafeb4e,0:=Das 1:=Wort 2:=Koryphäe 3:=ist 4:=ein 5:=Substantiv.,1,,0,0
1966,anschlag-am-1-januar-2017-istanbul,Die Polizei und Experten versuchen heraus zu finden wer der Mann ist.,5_long,Aus_den_Nachrichten|Geschichte|Seiten_mit_defekten_Dateilinks,2017-01-03T08:02:25Z,48f66906899cc4a9477b6c9e32ff4424,0:=Die 1:=Polizei 2:=und 3:=Experten 4:=versuchen 5:=heraus 6:=zu 7:=finden 8:=wer 9:=der 10:=Mann 11:=ist.,4,"[[1], [2], [4, 5, 6, 7], [8, 10, 11]]",1,3
2136,anschlag-in-charlottesville,Die Reiter-figur hat eine Rechte Bedeutung.,5_long,Aus_den_Nachrichten|Hurraki:Überarbeiten|Seiten_mit_defekten_Dateilinks,2017-08-20T04:11:19Z,48f66906899cc4a9477b6c9e32ff4424,0:=Die 1:=Reiter-figur 2:=hat 3:=eine 4:=Rechte 5:=Bedeutung.,2,"[[1, 2], [4]]",1,1
42203,sklave,In der Geschichte gab es immer wieder Sklaven.,2_long,Ohne_Kategorie,2013-11-26T08:07:47Z,6275ee07d0785a2da491fbb224064f23,0:=In 1:=der 2:=Geschichte 3:=gab 4:=es 5:=immer 6:=wieder 7:=Sklaven.,1,,0,0
9665,currywurst,Oder sie ist eine Brüh-wurst.,2_long,Essen_und_Trinken,2019-05-23T21:15:19Z,cb1e31ab104c40efee60452f9427ce6d,0:=Oder 1:=sie 2:=ist 3:=eine 4:=Brüh-wurst.,1,,0,0
1072,alexander-graham-bell,Er stellt seinen Sohn als Assistenten ein.,20_long,Personen|Seiten_mit_defekten_Dateilinks,2022-03-03T19:51:00Z,28d34f2e053dee2c0e9399a7924cd978,0:=Er 1:=stellt 2:=seinen 3:=Sohn 4:=als 5:=Assistenten 6:=ein.,2,"[[2, 3], [4, 5]]",1,1
9870,datenschutz-grundverordnung,Ab dem 25. Mai 2018 müssen sich alle an die DSGVO halten.,10_long,Recht_und_Gesetz,2018-06-04T15:22:46Z,48f66906899cc4a9477b6c9e32ff4424,0:=Ab 1:=dem 2:=25. 3:=Mai 4:=2018 5:=müssen 6:=sich 7:=alle 8:=an 9:=die 10:=DSGVO 11:=halten.,2,"[[0, 2, 3, 4], [5, 6, 7, 8, 10, 11]]",1,1
27094,krankenkasse,Die Kranken-kasse hilft Leuten.,2_short,Gesundheit|Recht_und_Gesetz|Seiten_mit_defekten_Dateilinks,2020-08-04T13:39:48Z,cfbe77d115cd524def4ccbe596a54842,0:=Die 1:=Kranken-kasse 2:=hilft 3:=Leuten.,1,,0,0
12443,eigentum,Eigentum ist etwas das einem selbst gehört.,0_short,Ohne_Kategorie|Seiten_mit_defekten_Dateilinks,2021-03-30T07:09:32Z,bd2d2b337209f330d5f813c36f304815,0:=Eigentum 1:=ist 2:=etwas 3:=das 4:=einem 5:=selbst 6:=gehört.,2,"[[0, 1, 2], [3, 4, 5, 6]]",1,1
9858,dashcam,Eine Dashcam ist eine Video Kamera im Auto.,0_short,Verkehr|Technik,2013-10-19T09:34:11Z,eaab3232dd7a824a6a774fd2f2814e47,0:=Eine 1:=Dashcam 2:=ist 3:=eine 4:=Video 5:=Kamera 6:=im 7:=Auto.,2,"[[1, 2, 4, 5], [6, 7]]",1,1
42435,sockenhalter,An einem Sockenhalter kann man Strumpf fest-machen.,0_short,Kleider|Seiten_mit_defekten_Dateilinks,2017-01-21T07:54:59Z,48f66906899cc4a9477b6c9e32ff4424,0:=An 1:=einem 2:=Sockenhalter 3:=kann 4:=man 5:=Strumpf 6:=fest-machen.,1,,0,0
1433,altestenrat,Eine Personen vom Ältestenrat muss kein bestimmtes Alter haben.,2_long,Recht_und_Gesetz|Politik|Seiten_mit_defekten_Dateilinks,2015-05-17T14:32:45Z,af28a20dfb151690981ee13d72ce655c,0:=Eine 1:=Personen 2:=vom 3:=Ältestenrat 4:=muss 5:=kein 6:=bestimmtes 7:=Alter 8:=haben.,1,,0,0
1061,alexander-graham-bell,Die Mutter war stark schwerhörig.,9_long,Personen|Seiten_mit_defekten_Dateilinks,2022-03-03T19:51:00Z,28d34f2e053dee2c0e9399a7924cd978,0:=Die 1:=Mutter 2:=war 3:=stark 4:=schwerhörig.,1,,0,0
10091,demenz,Das ist aber sehr selten.,4_long,Gesundheit|Seiten_mit_defekten_Dateilinks,2012-10-27T17:19:13Z,a6e7bfd89d5771b450c4ab0f5c2996e5,0:=Das 1:=ist 2:=aber 3:=sehr 4:=selten.,1,,0,0
1706,anakonda,Eine Anakonda umarmt ihr Opfer ganz fest.,14_long,Tiere|Reptilien,2021-03-30T09:18:50Z,5fa944995d8c21065f2309550624baf9,0:=Eine 1:=Anakonda 2:=umarmt 3:=ihr 4:=Opfer 5:=ganz 6:=fest.,2,"[[1, 3, 4], [5, 6]]",1,1
42134,sitzvolleyball,Der Ball muss über dieses Netz gespielt werden.,7_long,Sport|Paralympics,2012-01-30T18:24:13Z,d4171b2c36772be4cad75ef4078874bd,0:=Der 1:=Ball 2:=muss 3:=über 4:=dieses 5:=Netz 6:=gespielt 7:=werden.,1,,0,0
42385,snooker,"Und es gibt verschiedene Punkte, wenn die Kugel in das Loch gespielt wird.",14_long,Sport,2012-04-22T08:50:38Z,e3afed0047b08059d0fada10f400c1e5,"0:=Und 1:=es 2:=gibt 3:=verschiedene 4:=Punkte, 5:=\newline 6:=wenn 7:=die 8:=Kugel 9:=in 10:=das 11:=Loch 12:=gespielt 13:=wird.",3,"[[1, 2, 3, 4], [6, 8, 12, 13], [9, 11]]",1,2
12492,eingewohnungszeit,Nach ein paar Wochen bleibt das Kind ganz allein im Kindergarten und kommt jeden Tag.,4_short,Ohne_Kategorie|Seiten_mit_defekten_Dateilinks,2023-03-06T12:53:09Z,022a27447b80860fa0ec84e918eedf36,0:=Nach 1:=ein 2:=paar 3:=Wochen 4:=bleibt 5:=das 6:=Kind 7:=ganz 8:=allein 9:=im 10:=Kindergarten 11:=und 12:=kommt 13:=jeden 14:=Tag.,3,"[[0, 2, 3], [4, 6, 7, 8, 9, 10], [6, 12, 13, 14]]",1,2
42470,sodbrennen,Das macht meistens Schmerzen.,1_short,Gesundheit,2009-07-13T17:40:11Z,4a7c0bf975893985e2e36604fef9654f,0:=Das 1:=macht 2:=meistens 3:=Schmerzen.,1,,0,0
10134,demeter,Zusammen mit Zeus hat Demeter eine Tochter.,14_long,Seiten_mit_defekten_Dateilinks|Ohne_Kategorie,2022-01-29T14:24:42Z,e800bebc9060331edfac65e663a55570,0:=Zusammen 1:=mit 2:=Zeus 3:=hat 4:=Demeter 5:=eine 6:=Tochter.,2,"[[0, 1, 2], [3, 4, 6]]",1,1
12172,echter-clownfisch,Die Jung-fische sind alle Männchen.,26_long,Tiere|Seiten_mit_defekten_Dateilinks,2021-05-15T15:50:47Z,7b5adf57ed2178795004f4c052333f37,0:=Die 1:=Jung-fische 2:=sind 3:=alle 4:=Männchen.,1,,0,0
27274,kryptowahrung,Eine sehr bekannte Krypto-währung ist Bit-coin.,5_long,Geld,2018-12-19T14:08:31Z,48f66906899cc4a9477b6c9e32ff4424,0:=Eine 1:=sehr 2:=bekannte 3:=Krypto-währung 4:=ist 5:=Bit-coin.,1,,0,0
1228,allerheiligen,Deshalb gibt es den Feier-tag Allerheiligen.,12_long,Religion|Seiten_mit_defekten_Dateilinks,2015-11-01T12:22:09Z,7b5adf57ed2178795004f4c052333f37,0:=Deshalb 1:=gibt 2:=es 3:=den 4:=Feier-tag 5:=Allerheiligen.,1,,0,0
1069,alexander-graham-bell,Er forscht zum Thema Akustik.,17_long,Personen|Seiten_mit_defekten_Dateilinks,2022-03-03T19:51:00Z,28d34f2e053dee2c0e9399a7924cd978,0:=Er 1:=forscht 2:=zum 3:=Thema 4:=Akustik.,1,,0,0
12283,ehe,Bei Polygamie darf der Mann mehrere Frauen haben.,6_long,Recht_und_Gesetz,2019-01-14T08:43:52Z,48f66906899cc4a9477b6c9e32ff4424,0:=Bei 1:=Polygamie 2:=darf 3:=der 4:=Mann 5:=mehrere 6:=Frauen 7:=haben.,2,"[[0, 1], [2, 4, 5, 6, 7]]",1,1
12438,eiffelturm,Der Turm ist das Wahr-zeichen von Paris.,2_short,Ort,2015-03-31T17:25:55Z,45975183761f50ed006efcbab4df0803,0:=Der 1:=Turm 2:=ist 3:=das 4:=Wahr-zeichen 5:=von 6:=Paris.,1,,0,0
10129,demeter,Demeter ist der Schwester von: • Poseidon und,9_long,Seiten_mit_defekten_Dateilinks|Ohne_Kategorie,2022-01-29T14:24:42Z,e800bebc9060331edfac65e663a55570,0:=Demeter 1:=ist 2:=der 3:=Schwester 4:=von: 5:=• 6:=Poseidon 7:=und,1,,0,0
1064,alexander-graham-bell,Bell studiert in Edinburgh.,12_long,Personen|Seiten_mit_defekten_Dateilinks,2022-03-03T19:51:00Z,28d34f2e053dee2c0e9399a7924cd978,0:=Bell 1:=studiert 2:=in 3:=Edinburgh.,1,,0,0
1954,anorexie,Anorexie ist ein Fachbegriff und ein Kunstwort.,4_long,Gesundheit,2013-11-19T10:00:18Z,4fb76af6644df80663ac679b7fa308cd,0:=Anorexie 1:=ist 2:=ein 3:=Fachbegriff 4:=und 5:=ein 6:=Kunstwort.,2,"[[3], [6]]",1,1
12290,ehe,Es gibt auch Regeln die von der Gesellschaft kommen.,13_long,Recht_und_Gesetz,2019-01-14T08:43:52Z,48f66906899cc4a9477b6c9e32ff4424,0:=Es 1:=gibt 2:=auch 3:=Regeln 4:=die 5:=von 6:=der 7:=Gesellschaft 8:=kommen.,2,"[[0, 1, 2, 3], [4, 5, 7, 8]]",1,1
42045,sinnfrei,Das Wort sinnfrei ist ein Adjektiv.,1_long,Ohne_Kategorie,2012-04-16T13:00:48Z,eaab3232dd7a824a6a774fd2f2814e47,0:=Das 1:=Wort 2:=sinnfrei 3:=ist 4:=ein 5:=Adjektiv.,1,,0,0
26883,kopfsalat,"Zum Beispiel: Wenn die Temperatur 0 Grad Celsius beträgt, dann kann man Kopf-salat 8 bis 12 Tage lagern.",10_long,Essen_und_Trinken|Natur,2022-01-12T15:29:05Z,e800bebc9060331edfac65e663a55570,"0:=Zum 1:=Beispiel: 2:=\newline 3:=Wenn 4:=die 5:=Temperatur 6:=0 7:=Grad 8:=Celsius 9:=beträgt, 10:=\newline 11:=dann 12:=kann 13:=man 14:=Kopf-salat 15:=8 16:=bis 17:=12 18:=Tage 19:=lagern.",3,"[[3, 5, 6, 7, 8, 9], [11, 12, 13, 14, 15, 18, 19], [11, 12, 13, 14, 16, 17, 18, 19]]",1,2
1692,anakonda,Eine Anakonda lebt in Südamerika.,0_long,Tiere|Reptilien,2021-03-30T09:18:50Z,5fa944995d8c21065f2309550624baf9,0:=Eine 1:=Anakonda 2:=lebt 3:=in 4:=Südamerika.,1,,0,0
42390,social-bot,Der Social Bot verhält sich wie ein Mensch.,0_long,Internet|Seiten_mit_defekten_Dateilinks,2017-08-13T08:57:11Z,28d34f2e053dee2c0e9399a7924cd978,0:=Der 1:=Social 2:=Bot 3:=verhält 4:=sich 5:=wie 6:=ein 7:=Mensch.,1,,0,0
27210,krempe,Eine Krempe ist der Rand von einem Hut.,0_short,Kleider,2011-11-10T10:47:27Z,eaab3232dd7a824a6a774fd2f2814e47,0:=Eine 1:=Krempe 2:=ist 3:=der 4:=Rand 5:=von 6:=einem 7:=Hut.,1,,0,0
12244,ehegattensplitting,Eine Steuer ist Geld.,0_long,Seiten_mit_defekten_Dateilinks|Ohne_Kategorie,2014-07-17T09:07:41Z,cfbe77d115cd524def4ccbe596a54842,0:=Eine 1:=Steuer 2:=ist 3:=Geld.,1,,0,0
12337,ehrenburger,Die Stadt oder die Gemeinde gibt der Person eine Auszeichnung.,3_short,Ohne_Kategorie|Seiten_mit_defekten_Dateilinks,2016-10-24T06:14:31Z,48f66906899cc4a9477b6c9e32ff4424,0:=Die 1:=Stadt 2:=oder 3:=die 4:=Gemeinde 5:=gibt 6:=der 7:=Person 8:=eine 9:=Auszeichnung.,2,"[[1], [4]]",1,1
9819,das-blaue-sofa,Autoren reden über ihre neuen Bücher.,1_long,Ohne_Kategorie,2014-10-08T15:05:20Z,af28a20dfb151690981ee13d72ce655c,0:=Autoren 1:=reden 2:=über 3:=ihre 4:=neuen 5:=Bücher.,3,"[[0, 1, 2, 5], [3], [4]]",1,2
1170,alkohol,Man soll auch nicht jeden Tag Alkohol trinken.,22_long,Essen_und_Trinken|Seiten_mit_defekten_Dateilinks|Wörter_mit_verschiedenen_Bedeutungen,2023-05-18T06:47:13Z,48f66906899cc4a9477b6c9e32ff4424,0:=Man 1:=soll 2:=auch 3:=nicht 4:=jeden 5:=Tag 6:=Alkohol 7:=trinken.,2,"[[0, 1, 2, 3, 6, 7], [4, 5]]",1,1
10000,debatte,Die Leute versuchen die anderen von ihrer Meinung zu überzeugen.,5_long,Seiten_mit_defekten_Dateilinks|Ohne_Kategorie,2015-01-30T06:01:49Z,6275ee07d0785a2da491fbb224064f23,0:=Die 1:=Leute 2:=versuchen 3:=die 4:=anderen 5:=von 6:=ihrer 7:=Meinung 8:=zu 9:=überzeugen.,2,"[[1, 2], [4, 5, 6, 7, 8, 9]]",1,1
42135,sitzvolleyball,Dabei darf der Ball nicht den Boden berühren.,8_long,Sport|Paralympics,2012-01-30T18:24:13Z,d4171b2c36772be4cad75ef4078874bd,0:=Dabei 1:=darf 2:=der 3:=Ball 4:=nicht 5:=den 6:=Boden 7:=berühren.,1,,0,0
2022,anschlag-auf-charlie-hebdo,Bei dem Attentat wurden 12 Menschen getötet.,0_long,Politik|Attentat,2015-01-08T12:46:55Z,af28a20dfb151690981ee13d72ce655c,0:=Bei 1:=dem 2:=Attentat 3:=wurden 4:=12 5:=Menschen 6:=getötet.,1,,0,0
9688,cyber-monday,Man kann für wenig Geld mehr ein-kaufen.,2_long,Gedenktage_und_Aktionstage|Seiten_mit_defekten_Dateilinks,2019-12-05T21:56:26Z,48f66906899cc4a9477b6c9e32ff4424,0:=Man 1:=kann 2:=für 3:=wenig 4:=Geld 5:=mehr 6:=ein-kaufen.,2,"[[0, 1, 5, 6], [2, 3, 4]]",1,1
27269,kryptowahrung,Eine Krypto-währung ist ein Tausch-mittel.,0_long,Geld,2018-12-19T14:08:31Z,48f66906899cc4a9477b6c9e32ff4424,0:=Eine 1:=Krypto-währung 2:=ist 3:=ein 4:=Tausch-mittel.,1,,0,0
12413,eifersucht,Er fühlt sich in seinem Stolz verletzt.,17_long,Ohne_Kategorie|Seiten_mit_defekten_Dateilinks,2022-01-03T17:00:58Z,e800bebc9060331edfac65e663a55570,0:=Er 1:=fühlt 2:=sich 3:=in 4:=seinem 5:=Stolz 6:=verletzt.,1,,0,0
26921,korea-konflikt,Nord-korea und Süd-korea streiten darum wem die Insel gehört.,8_long,Geopolitik|Politik|Aus_den_Nachrichten,2018-02-18T07:36:44Z,48f66906899cc4a9477b6c9e32ff4424,0:=Nord-korea 1:=und 2:=Süd-korea 3:=streiten 4:=darum 5:=wem 6:=die 7:=Insel 8:=gehört.,2,"[[0, 1, 2, 3], [4, 5, 7, 8]]",1,1
2144,anschlag-in-charlottesville,Die Polizei sagt das er Terror gemacht hat.,13_long,Aus_den_Nachrichten|Hurraki:Überarbeiten|Seiten_mit_defekten_Dateilinks,2017-08-20T04:11:19Z,48f66906899cc4a9477b6c9e32ff4424,0:=Die 1:=Polizei 2:=sagt 3:=das 4:=er 5:=Terror 6:=gemacht 7:=hat.,2,"[[1, 2], [3, 4, 5, 6, 7]]",1,1
10155,demografie,Es werden verschiedene Sachen in einem Land gezählt.,1_long,Wissenschaft|Gesellschaft|Seiten_mit_defekten_Dateilinks,2021-02-01T07:51:47Z,10d328ecc07ab3b6c356d5ccb8a5c8d3,0:=Es 1:=werden 2:=verschiedene 3:=Sachen 4:=in 5:=einem 6:=Land 7:=gezählt.,2,"[[0, 1, 2, 3, 7], [4, 6]]",1,1
27227,krieg,"Rohstoffe sind zum Beispiel, Gold oder Öl.",16_long,Ohne_Kategorie|Seiten_mit_defekten_Dateilinks,2015-10-10T20:54:29Z,687c465aa14a2b3047e6e0c21fbc9670,"0:=Rohstoffe 1:=sind 2:=zum 3:=Beispiel, 4:=Gold 5:=oder 6:=Öl.",2,"[[4], [6]]",1,1
2113,anschlag-in-bangkok-im-august-2015,Das ist in Thailand.,5_short,Ohne_Kategorie|Geschichte|Seiten_mit_defekten_Dateilinks,2015-08-17T20:33:11Z,af28a20dfb151690981ee13d72ce655c,0:=Das 1:=ist 2:=in 3:=Thailand.,1,,0,0
1352,altenburg,Kaiser Barbarossa war 6 mal in Altenburg zu Gast.,8_long,Städte,2019-03-20T11:00:48Z,ffaa744a207eb843b7f383adcf5da422,0:=Kaiser 1:=Barbarossa 2:=war 3:=6 4:=mal 5:=in 6:=Altenburg 7:=zu 8:=Gast.,1,,0,0
1790,anarchismus,Im Anarchismus sind diese Sachen für die Menschen besonders wichtig: • einzelne Menschen sollen keine Macht haben,37_long,Politik|Seiten_mit_defekten_Dateilinks,2016-04-25T17:26:24Z,48f66906899cc4a9477b6c9e32ff4424,0:=Im 1:=Anarchismus 2:=sind 3:=diese 4:=Sachen 5:=für 6:=die 7:=Menschen 8:=besonders 9:=wichtig: 10:=• 11:=einzelne 12:=Menschen 13:=sollen 14:=keine 15:=Macht 16:=haben,4,"[[0, 1, 2, 3, 4, 9], [5, 6, 7, 9], [8, 9], [11, 12, 13, 14, 15, 16]]",1,3
1382,alternative-fur-deutschland,Und sie finden den Islam schlecht.,2_short,Politik|Aus_den_Nachrichten|Partei_in_Deutschland,2016-10-08T08:01:49Z,6275ee07d0785a2da491fbb224064f23,0:=Und 1:=sie 2:=finden 3:=den 4:=Islam 5:=schlecht.,1,,0,0
1682,an-12-unfall-in-juba,Das Flugzeug ist ein Antonow An-12-Flugzeug.,4_long,Ohne_Kategorie|Hurraki:Überarbeiten|Aus_den_Nachrichten|Seiten_mit_defekten_Dateilinks,2015-11-07T08:34:15Z,48f66906899cc4a9477b6c9e32ff4424,0:=Das 1:=Flugzeug 2:=ist 3:=ein 4:=Antonow 5:=An-12-Flugzeug.,1,,0,0
12469,einfache-sprache,Bei Einfacher Sprache benutzt man auch schwere Wörter.,3_short,Sprache|Hurraki|Leichte_Sprache,2015-01-01T19:58:21Z,be9da3e660311583f64df8d974bcb2fe,0:=Bei 1:=Einfacher 2:=Sprache 3:=benutzt 4:=man 5:=auch 6:=schwere 7:=Wörter.,1,,0,0
1429,altes-agypten,Es hat sie vor sehr langer Zeit gegeben.,1_short,Geschichte,2020-09-17T09:34:33Z,46c3c87395bab21fd30e35b682a73fd0,0:=Es 1:=hat 2:=sie 3:=vor 4:=sehr 5:=langer 6:=Zeit 7:=gegeben.,1,,0,0
12072,ebook-reader,EBook Reader spricht man so: i Buck Rieder,6_short,Computer|Technik,2014-04-08T08:46:31Z,eaab3232dd7a824a6a774fd2f2814e47,0:=EBook 1:=Reader 2:=spricht 3:=man 4:=so: 5:=i 6:=Buck 7:=Rieder,1,,0,0
1721,analphabet,Dieser kann nicht schreiben und nicht lesen.,2_long,Ohne_Kategorie|Seiten_mit_defekten_Dateilinks,2015-09-08T10:46:12Z,cfbe77d115cd524def4ccbe596a54842,0:=Dieser 1:=kann 2:=nicht 3:=schreiben 4:=und 5:=nicht 6:=lesen.,2,"[[2, 3], [5, 6]]",1,1
27101,krankenversicherungskarte,Auf der KVK sind verschiedene Daten gespeichert.,1_long,Ohne_Kategorie,2014-06-26T07:56:07Z,cfbe77d115cd524def4ccbe596a54842,0:=Auf 1:=der 2:=KVK 3:=sind 4:=verschiedene 5:=Daten 6:=gespeichert.,1,,0,0
26860,kopfballtischtennis,Der Ball muss auf die andere Tisch-Seite gestoßen werden.,2_short,Sport,2013-10-04T08:34:55Z,d4171b2c36772be4cad75ef4078874bd,0:=Der 1:=Ball 2:=muss 3:=auf 4:=die 5:=andere 6:=Tisch-Seite 7:=gestoßen 8:=werden.,1,,0,0
42015,simultanschach,Die anderen Spieler heißen Simultan-gegner.,3_long,Sport,2019-01-22T10:34:08Z,48f66906899cc4a9477b6c9e32ff4424,0:=Die 1:=anderen 2:=Spieler 3:=heißen 4:=Simultan-gegner.,1,,0,0
12501,einkommen-aus-besitz,Du bringst dein Geld auf die Bank.,2_long,Geld,2021-10-30T11:15:40Z,4e761a928113c1f23dda0939b1022778,0:=Du 1:=bringst 2:=dein 3:=Geld 4:=auf 5:=die 6:=Bank.,1,,0,0
26934,korea-konflikt,Kim Jong-un möchte wieder mehr Gespräche mit Süd-korea.,21_long,Geopolitik|Politik|Aus_den_Nachrichten,2018-02-18T07:36:44Z,48f66906899cc4a9477b6c9e32ff4424,0:=Kim 1:=Jong-un 2:=möchte 3:=wieder 4:=mehr 5:=Gespräche 6:=mit 7:=Süd-korea.,2,"[[4], [6, 7]]",1,1
9906,datenschutz,Diese Daten gehören allen Bürgern.,16_long,Recht_und_Gesetz|Seiten_mit_defekten_Dateilinks,2022-10-29T04:32:19Z,48f66906899cc4a9477b6c9e32ff4424,0:=Diese 1:=Daten 2:=gehören 3:=allen 4:=Bürgern.,1,,0,0
42498,soldner,Söldner sind nicht völkerrechtlich geschützt.,6_long,Beruf|Seiten_mit_defekten_Dateilinks,2023-07-13T06:01:47Z,48f66906899cc4a9477b6c9e32ff4424,0:=Söldner 1:=sind 2:=nicht 3:=völkerrechtlich 4:=geschützt.,2,"[[0, 1, 2, 4], [3]]",1,1
42223,sklave,Manche haben kein Wasser bekommen.,22_long,Ohne_Kategorie,2013-11-26T08:07:47Z,6275ee07d0785a2da491fbb224064f23,0:=Manche 1:=haben 2:=kein 3:=Wasser 4:=bekommen.,1,,0,0
27304,kugelgrill,Ein Kugel-grill hat einen Deckel.,1_short,Essen_und_Trinken|Technik,2013-12-15T10:24:22Z,eaab3232dd7a824a6a774fd2f2814e47,0:=Ein 1:=Kugel-grill 2:=hat 3:=einen 4:=Deckel.,1,,0,0
26958,korperbemalung,Zum Beispiel: Die Farbe rot sagt: ich habe Erfolg.,17_long,Kleider|Seiten_mit_defekten_Dateilinks,2015-06-05T15:33:34Z,eaab3232dd7a824a6a774fd2f2814e47,0:=Zum 1:=Beispiel: 2:=\newline 3:=Die 4:=Farbe 5:=rot 6:=sagt: 7:=ich 8:=habe 9:=Erfolg.,2,"[[4, 5, 6], [7, 8, 9]]",1,1
27008,korruption,"Korruption bedeutet: Eine Person hat einen Beruf, dem viele Menschen Vertrauen.",2_short,Politik|Recht_und_Gesetz,2008-10-10T21:54:55Z,e3afed0047b08059d0fada10f400c1e5,"0:=Korruption 1:=bedeutet: 2:=\newline 3:=Eine 4:=Person 5:=hat 6:=einen 7:=Beruf, 8:=dem 9:=viele 10:=Menschen 11:=Vertrauen.",3,"[[0, 1], [4, 5, 7], [8, 9, 10, 11]]",1,2
27160,krass,"Das Gegenteil von krass ist ""durchschnittlich"", oder ""alltäglich"".",5_long,Ohne_Kategorie,2011-12-02T12:05:23Z,a9f29492ed8786de5125371472bcc003,"0:=Das 1:=Gegenteil 2:=von 3:=krass 4:=ist 5:=""durchschnittlich"", 6:=oder 7:=""alltäglich"".",2,"[[5], [7]]",1,1
1344,altenburg,Altenburg hat über 30 Tausend Einwohner.,0_long,Städte,2019-03-20T11:00:48Z,ffaa744a207eb843b7f383adcf5da422,0:=Altenburg 1:=hat 2:=über 3:=30 4:=Tausend 5:=Einwohner.,1,,0,0
12445,eigentum,"Man darf alleine entscheiden, was man damit macht.",2_short,Ohne_Kategorie|Seiten_mit_defekten_Dateilinks,2021-03-30T07:09:32Z,bd2d2b337209f330d5f813c36f304815,"0:=Man 1:=darf 2:=alleine 3:=entscheiden, 4:=\newline 5:=was 6:=man 7:=damit 8:=macht.",2,"[[0, 1, 2, 3], [5, 6, 7, 8]]",1,1
12127,echelon,Die Technik von Echelon steht auch in Deutschland.,8_long,Ohne_Kategorie,2013-06-28T07:05:37Z,6275ee07d0785a2da491fbb224064f23,0:=Die 1:=Technik 2:=von 3:=Echelon 4:=steht 5:=auch 6:=in 7:=Deutschland.,1,,0,0
1727,analphabet,Und dann wieder vergessen.,8_long,Ohne_Kategorie|Seiten_mit_defekten_Dateilinks,2015-09-08T10:46:12Z,cfbe77d115cd524def4ccbe596a54842,0:=Und 1:=dann 2:=wieder 3:=vergessen.,1,,0,0
27251,krise,In einer Krise gibt es Probleme.,1_short,Hurraki:Überarbeiten|Seiten_mit_defekten_Dateilinks,2009-12-26T16:03:45Z,d8779288de353a0da9951dfcae710103,0:=In 1:=einer 2:=Krise 3:=gibt 4:=es 5:=Probleme.,1,,0,0
12207,edward-snowden,Deshalb hat er der Zeitung über PRISM und Tempora erzählt.,9_long,Personen,2013-07-05T06:23:04Z,6275ee07d0785a2da491fbb224064f23,0:=Deshalb 1:=hat 2:=er 3:=der 4:=Zeitung 5:=über 6:=PRISM 7:=und 8:=Tempora 9:=erzählt.,2,"[[6], [8]]",1,1
27073,krankenkasse,"Wer mehr Geld hat, muss mehr Mitglieds-beitrag zahlen.",4_long,Gesundheit|Recht_und_Gesetz|Seiten_mit_defekten_Dateilinks,2020-08-04T13:39:48Z,cfbe77d115cd524def4ccbe596a54842,"0:=Wer 1:=mehr 2:=Geld 3:=hat, 4:=muss 5:=mehr 6:=Mitglieds-beitrag 7:=zahlen.",2,"[[0, 1, 2, 3], [4, 5, 6, 7]]",1,1
1234,allerheiligen,Er hat gesagt: Der 1. November soll ein Feier-tag sein.,18_long,Religion|Seiten_mit_defekten_Dateilinks,2015-11-01T12:22:09Z,7b5adf57ed2178795004f4c052333f37,0:=Er 1:=hat 2:=gesagt: 3:=\newline 4:=Der 5:=1. 6:=November 7:=soll 8:=ein 9:=Feier-tag 10:=sein.,2,"[[0, 1, 2], [5, 6, 7, 9, 10]]",1,1
1275,allerheiligen,Die Christen erinnern sich an alle Heiligen.,3_short,Religion|Seiten_mit_defekten_Dateilinks,2015-11-01T12:22:09Z,7b5adf57ed2178795004f4c052333f37,0:=Die 1:=Christen 2:=erinnern 3:=sich 4:=an 5:=alle 6:=Heiligen.,1,,0,0
42129,sitzvolleyball,Jede Mannschaft hat 6 Spieler.,2_long,Sport|Paralympics,2012-01-30T18:24:13Z,d4171b2c36772be4cad75ef4078874bd,0:=Jede 1:=Mannschaft 2:=hat 3:=6 4:=Spieler.,1,,0,0
1840,angriff-in-las-vegas,Stephen Paddock hatte sehr viele Waffen dabei.,6_long,Geschichte|Aus_den_Nachrichten|Hurraki:Überarbeiten|Seiten_mit_defekten_Dateilinks,2017-10-11T05:48:19Z,48f66906899cc4a9477b6c9e32ff4424,0:=Stephen 1:=Paddock 2:=hatte 3:=sehr 4:=viele 5:=Waffen 6:=dabei.,1,,0,0
26957,korperbemalung,Dazu haben sie verschiedene Farben benutzt.,16_long,Kleider|Seiten_mit_defekten_Dateilinks,2015-06-05T15:33:34Z,eaab3232dd7a824a6a774fd2f2814e47,0:=Dazu 1:=haben 2:=sie 3:=verschiedene 4:=Farben 5:=benutzt.,1,,0,0
42006,simpel,"Das Gegenteil von simpel ist ""schwierig"" oder ""schwer"".",3_long,Schimpfwort,2012-01-09T22:00:23Z,eaab3232dd7a824a6a774fd2f2814e47,"0:=Das 1:=Gegenteil 2:=von 3:=simpel 4:=ist 5:=""schwierig"" 6:=oder 7:=""schwer"".",2,"[[5], [7]]",1,1
12328,ehrenburger,Ein Ehren-bürger bekommt als Auszeichnung die Ehren-bürger-urkunde.,0_long,Ohne_Kategorie|Seiten_mit_defekten_Dateilinks,2016-10-24T06:14:31Z,48f66906899cc4a9477b6c9e32ff4424,0:=Ein 1:=Ehren-bürger 2:=bekommt 3:=als 4:=Auszeichnung 5:=die 6:=Ehren-bürger-urkunde.,2,"[[4], [6]]",1,1
12360,eid,"Das Gegenteil von Eid ist ""Meineid"".",5_long,Recht_und_Gesetz|Seiten_mit_defekten_Dateilinks,2012-03-03T00:00:41Z,58d6d1d5aca5e9e6ed470dcf6dafeb4e,"0:=Das 1:=Gegenteil 2:=von 3:=Eid 4:=ist 5:=""Meineid"".",1,,0,0
12177,echter-clownfisch,"Stirbt das Weibchen, wird ein Männchen aus der Gruppe zum Weibchen.",31_long,Tiere|Seiten_mit_defekten_Dateilinks,2021-05-15T15:50:47Z,7b5adf57ed2178795004f4c052333f37,"0:=Stirbt 1:=das 2:=Weibchen, 3:=\newline 4:=wird 5:=ein 6:=Männchen 7:=aus 8:=der 9:=Gruppe 10:=zum 11:=Weibchen.",3,"[[0, 2], [4, 6, 10, 11], [6, 7, 9]]",1,2
27324,kultur,Die Natur gehört nicht zur Kultur.,0_long,Ohne_Kategorie|Seiten_mit_defekten_Dateilinks,2016-03-14T11:57:06Z,48f66906899cc4a9477b6c9e32ff4424,0:=Die 1:=Natur 2:=gehört 3:=nicht 4:=zur 5:=Kultur.,1,,0,0
1491,aluminiumhut,Der Aluminium-hut wird oft ironisch benutzt.,0_long,Kleider,2013-10-27T07:10:27Z,eaab3232dd7a824a6a774fd2f2814e47,0:=Der 1:=Aluminium-hut 2:=wird 3:=oft 4:=ironisch 5:=benutzt.,1,,0,0
1938,anonymous-gruppe,Anonymous-Gruppen machen Aktionen im Internet.,0_long,Internet|Computer,2015-02-25T20:52:12Z,58d6d1d5aca5e9e6ed470dcf6dafeb4e,0:=Anonymous-Gruppen 1:=machen 2:=Aktionen 3:=im 4:=Internet.,2,"[[0, 1], [3, 4]]",1,1
1347,altenburg,Der Ober-bürgermeister von Altenburg heisst Andre Neumann.,3_long,Städte,2019-03-20T11:00:48Z,ffaa744a207eb843b7f383adcf5da422,0:=Der 1:=Ober-bürgermeister 2:=von 3:=Altenburg 4:=heisst 5:=Andre 6:=Neumann.,1,,0,0
12536,einpersonenpackung,Früher hat man dazu Ein-mann-packung gesagt.,2_long,Übung|Essen_und_Trinken|Seiten_mit_defekten_Dateilinks,2023-06-18T07:20:09Z,48f66906899cc4a9477b6c9e32ff4424,0:=Früher 1:=hat 2:=man 3:=dazu 4:=Ein-mann-packung 5:=gesagt.,1,,0,0
27345,kultur,Kultur ist auch wie Menschen Zusammen-leben.,2_short,Ohne_Kategorie|Seiten_mit_defekten_Dateilinks,2016-03-14T11:57:06Z,48f66906899cc4a9477b6c9e32ff4424,0:=Kultur 1:=ist 2:=auch 3:=wie 4:=Menschen 5:=Zusammen-leben.,1,,0,0
9778,dandy,Ein sehr berühmter Dandy war: Oscar Wilde,1_long,Kleider,2013-12-05T08:56:11Z,eaab3232dd7a824a6a774fd2f2814e47,0:=Ein 1:=sehr 2:=berühmter 3:=Dandy 4:=war: 5:=\newline 6:=Oscar 7:=Wilde,2,"[[1, 2], [3]]",1,1
26990,korruption-in-der-fifa,Obwohl die FIFA das Geld nicht nehmen durfte.,13_long,Sport|Recht_und_Gesetz|Seiten_mit_defekten_Dateilinks,2015-05-28T14:24:34Z,af28a20dfb151690981ee13d72ce655c,0:=Obwohl 1:=die 2:=FIFA 3:=das 4:=Geld 5:=nicht 6:=nehmen 7:=durfte.,1,,0,0
27346,kultur,"Kultur kann zum Beispiel Sprache, Gesetze oder Musik sein.",3_short,Ohne_Kategorie|Seiten_mit_defekten_Dateilinks,2016-03-14T11:57:06Z,48f66906899cc4a9477b6c9e32ff4424,"0:=Kultur 1:=kann 2:=zum 3:=Beispiel 4:=Sprache, 5:=Gesetze 6:=oder 7:=Musik 8:=sein.",3,"[[4], [5], [7]]",1,2
9774,dandy-wortklarung,Das Wort Dandy kann verschiedenen Bedeutungen haben.,0_short,Wörter_mit_verschiedenen_Bedeutungen,2018-10-26T12:54:51Z,28d34f2e053dee2c0e9399a7924cd978,0:=Das 1:=Wort 2:=Dandy 3:=kann 4:=verschiedenen 5:=Bedeutungen 6:=haben.,1,,0,0
10032,deep-web,Einige dieser Seiten sind durch ein Pass-wort geschützt.,3_short,Internet|Seiten_mit_defekten_Dateilinks,2016-07-31T15:22:03Z,76bf1508c054395f67a605468d76c22f,0:=Einige 1:=dieser 2:=Seiten 3:=sind 4:=durch 5:=ein 6:=Pass-wort 7:=geschützt.,2,"[[0, 1, 2, 3, 7], [4, 6]]",1,1
2143,anschlag-in-charlottesville,Und haben ihn verhaftet.,12_long,Aus_den_Nachrichten|Hurraki:Überarbeiten|Seiten_mit_defekten_Dateilinks,2017-08-20T04:11:19Z,48f66906899cc4a9477b6c9e32ff4424,0:=Und 1:=haben 2:=ihn 3:=verhaftet.,1,,0,0
42297,slogan,Ein Slogan ist ein Spruch.,0_short,Sprache,2014-06-14T07:48:37Z,eaab3232dd7a824a6a774fd2f2814e47,0:=Ein 1:=Slogan 2:=ist 3:=ein 4:=Spruch.,1,,0,0
42054,sinnieren,"Es wird auch ""grübeln"" gesagt.",1_short,Ohne_Kategorie,2012-02-18T10:58:42Z,a9f29492ed8786de5125371472bcc003,"0:=Es 1:=wird 2:=auch 3:=""grübeln"" 4:=gesagt.",1,,0,0
9765,dampflokomotive,Die Lokomotive kann man gut erkennen.,3_long,Verkehr|Seiten_mit_defekten_Dateilinks,2023-01-30T15:21:08Z,99280970af8d54864c10b22240ecda16,0:=Die 1:=Lokomotive 2:=kann 3:=man 4:=gut 5:=erkennen.,1,,0,0
1997,anschlag-am-10-dezember-2016-in-istanbul,Die Täter haben das absichtlich gemacht.,5_short,Aus_den_Nachrichten|Geschichte|Seiten_mit_defekten_Dateilinks,2016-12-15T07:06:25Z,af28a20dfb151690981ee13d72ce655c,0:=Die 1:=Täter 2:=haben 3:=das 4:=absichtlich 5:=gemacht.,1,,0,0
9848,dashcam,Festgemacht wird die Dashcam im Auto drinnen.,0_long,Verkehr|Technik,2013-10-19T09:34:11Z,eaab3232dd7a824a6a774fd2f2814e47,0:=Festgemacht 1:=wird 2:=die 3:=Dashcam 4:=im 5:=Auto 6:=drinnen.,2,"[[4, 5], [6]]",1,1
1898,anlauttabelle,Darauf sind Bilder.,9_long,Schule_und_Lernen,2014-08-26T17:59:17Z,af28a20dfb151690981ee13d72ce655c,0:=Darauf 1:=sind 2:=Bilder.,1,,0,0
10020,deckname,Oder Menschen benutzten im Internet einen Deck-namen.,6_long,Ohne_Kategorie|Seiten_mit_defekten_Dateilinks,2016-01-19T20:23:11Z,48f66906899cc4a9477b6c9e32ff4424,0:=Oder 1:=Menschen 2:=benutzten 3:=im 4:=Internet 5:=einen 6:=Deck-namen.,2,"[[1, 2, 6], [3, 4]]",1,1
10076,delfinschwimmen,Beide Arme werden über den Kopf nach vorne ins Wasser bewegt.,1_long,Sport,2012-02-28T10:46:24Z,d4171b2c36772be4cad75ef4078874bd,0:=Beide 1:=Arme 2:=werden 3:=über 4:=den 5:=Kopf 6:=nach 7:=vorne 8:=ins 9:=Wasser 10:=bewegt.,3,"[[3, 5], [6, 7], [8, 9]]",1,2
1464,altstadt,Um die Alt-stadt herum ist neue Stadt ge-baut worden.,0_long,Stadt,2019-05-13T09:38:11Z,48f66906899cc4a9477b6c9e32ff4424,0:=Um 1:=die 2:=Alt-stadt 3:=herum 4:=ist 5:=neue 6:=Stadt 7:=ge-baut 8:=worden.,2,"[[0, 2, 3], [4, 5, 6, 7, 8]]",1,1
42495,soldner,Geld ist sehr wichtig für Söldner.,3_long,Beruf|Seiten_mit_defekten_Dateilinks,2023-07-13T06:01:47Z,48f66906899cc4a9477b6c9e32ff4424,0:=Geld 1:=ist 2:=sehr 3:=wichtig 4:=für 5:=Söldner.,1,,0,0
26871,kopfgeld,Zum Beispiel eine Person die ein Verbrechen gemacht hat.,3_short,Recht_und_Gesetz|Seiten_mit_defekten_Dateilinks,2021-09-09T06:31:21Z,48f66906899cc4a9477b6c9e32ff4424,0:=Zum 1:=Beispiel 2:=eine 3:=Person 4:=die 5:=ein 6:=Verbrechen 7:=gemacht 8:=hat.,1,,0,0
26932,korea-konflikt,Politiker aus Süd-korea und Politiker aus Nord-korea sprechen mit-einander.,19_long,Geopolitik|Politik|Aus_den_Nachrichten,2018-02-18T07:36:44Z,48f66906899cc4a9477b6c9e32ff4424,0:=Politiker 1:=aus 2:=Süd-korea 3:=und 4:=Politiker 5:=aus 6:=Nord-korea 7:=sprechen 8:=mit-einander.,3,"[[0, 4, 7, 8], [0, 1, 2], [4, 5, 6]]",1,2
1943,anonymous-gruppe,Anonymous-Gruppen gibt es auf der ganzen Welt.,5_long,Internet|Computer,2015-02-25T20:52:12Z,58d6d1d5aca5e9e6ed470dcf6dafeb4e,0:=Anonymous-Gruppen 1:=gibt 2:=es 3:=auf 4:=der 5:=ganzen 6:=Welt.,1,,0,0
12151,echter-clownfisch,Anemonen-fische leben in einer Anemone.,5_long,Tiere|Seiten_mit_defekten_Dateilinks,2021-05-15T15:50:47Z,7b5adf57ed2178795004f4c052333f37,0:=Anemonen-fische 1:=leben 2:=in 3:=einer 4:=Anemone.,1,,0,0
2053,anschlag-in-ankara-2015,Es gab eine große Menschen-menge.,3_long,Ohne_Kategorie|Geschichte|Seiten_mit_defekten_Dateilinks,2015-10-12T15:11:33Z,af28a20dfb151690981ee13d72ce655c,0:=Es 1:=gab 2:=eine 3:=große 4:=Menschen-menge.,1,,0,0
10084,dementi,"Karin sagt, dass die Nachricht nicht stimmt.",3_long,Ohne_Kategorie,2013-12-03T10:18:21Z,eaab3232dd7a824a6a774fd2f2814e47,"0:=Karin 1:=sagt, 2:=dass 3:=die 4:=Nachricht 5:=nicht 6:=stimmt.",2,"[[0, 1], [2, 4, 5, 6]]",1,1
2105,anschlag-in-bangkok-im-august-2015,Die Polizei in Bangkok untersucht den Anschlag noch.,13_long,Ohne_Kategorie|Geschichte|Seiten_mit_defekten_Dateilinks,2015-08-17T20:33:11Z,af28a20dfb151690981ee13d72ce655c,0:=Die 1:=Polizei 2:=in 3:=Bangkok 4:=untersucht 5:=den 6:=Anschlag 7:=noch.,2,"[[4, 6, 7], [2, 3]]",1,1
9900,datenschutz,Zum Beispiel: • wer Daten von mir haben kann,10_long,Recht_und_Gesetz|Seiten_mit_defekten_Dateilinks,2022-10-29T04:32:19Z,48f66906899cc4a9477b6c9e32ff4424,0:=Zum 1:=Beispiel: 2:=• 3:=wer 4:=Daten 5:=von 6:=mir 7:=haben 8:=kann,1,,0,0
1054,alexander-graham-bell,"Er stirbt am 2. August 1922. In Baddeck, Kanada.",2_long,Personen|Seiten_mit_defekten_Dateilinks,2022-03-03T19:51:00Z,28d34f2e053dee2c0e9399a7924cd978,"0:=Er 1:=stirbt 2:=am 3:=2. 4:=August 5:=1922. 6:=\newline 7:=In 8:=Baddeck, 9:=Kanada.",3,"[[2, 3, 4, 5], [7, 8], [9]]",1,2
1137,alkoholkrankheit,Sonst geht es dem Alkoholiker schlecht.,8_long,Ohne_Kategorie|Seiten_mit_defekten_Dateilinks,2023-03-06T15:49:02Z,017ecada082ed42bbfc77d89d4b14406,0:=Sonst 1:=geht 2:=es 3:=dem 4:=Alkoholiker 5:=schlecht.,1,,0,0
2054,anschlag-in-ankara-2015,Dann hat jemand in der Menschen-menge eine Bombe gezündet.,4_long,Ohne_Kategorie|Geschichte|Seiten_mit_defekten_Dateilinks,2015-10-12T15:11:33Z,af28a20dfb151690981ee13d72ce655c,0:=Dann 1:=hat 2:=jemand 3:=in 4:=der 5:=Menschen-menge 6:=eine 7:=Bombe 8:=gezündet.,2,"[[1, 2, 7, 8], [3, 5]]",1,1
1019,aleppo,Ungefähr 15 Prozent der Menschen in Aleppo sind Christen.,6_long,Städte|Seiten_mit_defekten_Dateilinks,2016-09-26T14:57:00Z,7b5adf57ed2178795004f4c052333f37,0:=Ungefähr 1:=15 2:=Prozent 3:=der 4:=Menschen 5:=in 6:=Aleppo 7:=sind 8:=Christen.,1,,0,0
12383,eierwarmer,Damit es hart wird.,1_long,Essen_und_Trinken,2019-04-04T09:58:35Z,48f66906899cc4a9477b6c9e32ff4424,0:=Damit 1:=es 2:=hart 3:=wird.,1,,0,0
1191,alleinunterhalter,Allein-unter-halter spielen bei Festen.,0_long,Beruf|Seiten_mit_defekten_Dateilinks,2019-11-11T08:02:41Z,eaab3232dd7a824a6a774fd2f2814e47,0:=Allein-unter-halter 1:=spielen 2:=bei 3:=Festen.,1,,0,0
42025,simultanschach,Viele machen Simultan-schach zum Üben.,13_long,Sport,2019-01-22T10:34:08Z,48f66906899cc4a9477b6c9e32ff4424,0:=Viele 1:=machen 2:=Simultan-schach 3:=zum 4:=Üben.,1,,0,0
1414,alter,"Das hießt, ein Mensch wird älter.",1_long,Seiten_mit_defekten_Dateilinks|Biologie,2012-11-03T22:15:00Z,a6e7bfd89d5771b450c4ab0f5c2996e5,"0:=Das 1:=hießt, 2:=\newline 3:=ein 4:=Mensch 5:=wird 6:=älter.",1,,0,0
27243,krimkrise,Der Streit ist groß.,5_short,Politik|Geopolitik|Seiten_mit_defekten_Dateilinks,2015-08-02T10:35:14Z,af28a20dfb151690981ee13d72ce655c,0:=Der 1:=Streit 2:=ist 3:=groß.,1,,0,0
27308,kulanz,Zum Beispiel weil man großzügig ist.,3_long,Ohne_Kategorie,2012-03-14T09:06:01Z,eaab3232dd7a824a6a774fd2f2814e47,0:=Zum 1:=Beispiel 2:=weil 3:=man 4:=großzügig 5:=ist.,1,,0,0
9866,datenschutz-grundverordnung,Am 25. Januar 2012 hat es den Vorschlag gegeben.,6_long,Recht_und_Gesetz,2018-06-04T15:22:46Z,48f66906899cc4a9477b6c9e32ff4424,0:=Am 1:=25. 2:=Januar 3:=2012 4:=hat 5:=es 6:=den 7:=Vorschlag 8:=gegeben.,2,"[[0, 1, 2, 3], [4, 5, 7, 8]]",1,1
1700,anakonda,Kaimane sind kleine Krokodile.,8_long,Tiere|Reptilien,2021-03-30T09:18:50Z,5fa944995d8c21065f2309550624baf9,0:=Kaimane 1:=sind 2:=kleine 3:=Krokodile.,2,"[[0, 1], [2]]",1,1
1468,altstadt,Damit sie wieder so aus-sehen wie früher.,4_long,Stadt,2019-05-13T09:38:11Z,48f66906899cc4a9477b6c9e32ff4424,0:=Damit 1:=sie 2:=wieder 3:=so 4:=aus-sehen 5:=wie 6:=früher.,1,,0,0
12490,eingewohnungszeit,Am Anfang ist das Kind mit Mama oder Papa im Kindergarten.,2_short,Ohne_Kategorie|Seiten_mit_defekten_Dateilinks,2023-03-06T12:53:09Z,022a27447b80860fa0ec84e918eedf36,0:=Am 1:=Anfang 2:=ist 3:=das 4:=Kind 5:=mit 6:=Mama 7:=oder 8:=Papa 9:=im 10:=Kindergarten.,3,"[[0, 1], [2, 4, 5, 6, 9, 10], [2, 4, 5, 8, 9, 10]]",1,2
10137,demeter,Demeter ist die Muttergöttin im Olymp.,1_short,Seiten_mit_defekten_Dateilinks|Ohne_Kategorie,2022-01-29T14:24:42Z,e800bebc9060331edfac65e663a55570,0:=Demeter 1:=ist 2:=die 3:=Muttergöttin 4:=im 5:=Olymp.,2,"[[3], [4, 5]]",1,1
1470,altstadt,Oft sind in einer Alt-stadt Motor-fahrzeuge verboten.,6_long,Stadt,2019-05-13T09:38:11Z,48f66906899cc4a9477b6c9e32ff4424,0:=Oft 1:=sind 2:=in 3:=einer 4:=Alt-stadt 5:=Motor-fahrzeuge 6:=verboten.,2,"[[5, 6], [2, 4, 6]]",1,1
1800,anerkennen,Beim anerkennen gibt man seine Zustimmung zu etwas.,0_short,Ohne_Kategorie,2012-08-13T14:13:08Z,1165823e29d5567f66ef3bbbcbfabcad,0:=Beim 1:=anerkennen 2:=gibt 3:=man 4:=seine 5:=Zustimmung 6:=zu 7:=etwas.,1,,0,0
26906,koran,Heute gibt es den Koran in vielen Sprachen.,3_long,Religion|Seiten_mit_defekten_Dateilinks,2023-03-06T12:37:08Z,022a27447b80860fa0ec84e918eedf36,0:=Heute 1:=gibt 2:=es 3:=den 4:=Koran 5:=in 6:=vielen 7:=Sprachen.,1,,0,0
1232,allerheiligen,Allerheiligen ist ein Tag für alle Heiligen.,16_long,Religion|Seiten_mit_defekten_Dateilinks,2015-11-01T12:22:09Z,7b5adf57ed2178795004f4c052333f37,0:=Allerheiligen 1:=ist 2:=ein 3:=Tag 4:=für 5:=alle 6:=Heiligen.,1,,0,0
26979,korruption-in-der-fifa,Das war in der Schweiz.,2_long,Sport|Recht_und_Gesetz|Seiten_mit_defekten_Dateilinks,2015-05-28T14:24:34Z,af28a20dfb151690981ee13d72ce655c,0:=Das 1:=war 2:=in 3:=der 4:=Schweiz.,1,,0,0
1885,animal-liberation-front,Die Gruppe benutzt dazu auch Gewalt.,3_short,Ohne_Kategorie,,,0:=Die 1:=Gruppe 2:=benutzt 3:=dazu 4:=auch 5:=Gewalt.,1,,0,0
42040,singular,Singular benutzt man bei Nomen.,1_long,Ohne_Kategorie|Seiten_mit_defekten_Dateilinks,2021-01-05T10:43:19Z,071517655685f140a415c26a1bfd2837,0:=Singular 1:= 2:=benutzt 3:=man 4:=bei 5:=Nomen.,1,,0,0
2063,anschlag-in-ankara-2015,Die Täter sind dabei selbst gestorben.,4_short,Ohne_Kategorie|Geschichte|Seiten_mit_defekten_Dateilinks,2015-10-12T15:11:33Z,af28a20dfb151690981ee13d72ce655c,0:=Die 1:=Täter 2:=sind 3:=dabei 4:=selbst 5:=gestorben.,1,,0,0
26892,koprolalie,Koprolalie ist ein Griechisches Wort.,3_long,Gesundheit,2014-04-25T20:23:18Z,af28a20dfb151690981ee13d72ce655c,0:=Koprolalie 1:=ist 2:=ein 3:=Griechisches 4:=Wort.,2,"[[3], [4]]",1,1
10048,defenestration,"Defenestration heißt, jemand fällt aus dem Fenster.",0_short,Recht_und_Gesetz|Seiten_mit_defekten_Dateilinks,2016-11-09T16:25:59Z,ac95c75a4819ddeb76a125281a8c84d9,"0:=Defenestration 1:=heißt, 2:=\newline 3:=jemand 4:=fällt 5:=aus 6:=dem 7:=Fenster.",3,"[[0, 1], [3, 4], [5, 7]]",1,2
1136,alkoholkrankheit,Ein Alkoholiker muss regel-mäßig Alkohol trinken.,7_long,Ohne_Kategorie|Seiten_mit_defekten_Dateilinks,2023-03-06T15:49:02Z,017ecada082ed42bbfc77d89d4b14406,0:=Ein 1:=Alkoholiker 2:=muss 3:=regel-mäßig 4:=Alkohol 5:=trinken.,2,"[[1, 2, 4, 5], [3]]",1,1
12416,eifersucht,Man hat Angst und Sorge.,2_short,Ohne_Kategorie|Seiten_mit_defekten_Dateilinks,2022-01-03T17:00:58Z,e800bebc9060331edfac65e663a55570,0:=Man 1:=hat 2:=Angst 3:=und 4:=Sorge.,2,"[[2], [4]]",1,1
26959,korperbemalung,Die Farbe blau sagt: ich habe Schwierigkeiten.,18_long,Kleider|Seiten_mit_defekten_Dateilinks,2015-06-05T15:33:34Z,eaab3232dd7a824a6a774fd2f2814e47,0:=Die 1:=Farbe 2:=blau 3:=sagt: 4:=ich 5:=habe 6:=Schwierigkeiten.,2,"[[1, 2, 3], [4, 5, 6]]",1,1
1919,annalena-baerbock,Annalena Baerbock ist eine Politikerin.,0_short,Aus_den_Nachrichten|Personen|Politik,2021-11-29T06:50:49Z,48f66906899cc4a9477b6c9e32ff4424,0:=Annalena 1:=Baerbock 2:=ist 3:=eine 4:=Politikerin.,1,,0,0
1130,alkoholkrankheit,Das kann gefähr-lich sein.,1_long,Ohne_Kategorie|Seiten_mit_defekten_Dateilinks,2023-03-06T15:49:02Z,017ecada082ed42bbfc77d89d4b14406,0:=Das 1:=kann 2:=gefähr-lich 3:=sein.,1,,0,0
9687,cyber-monday,Die Internet-gschäfte verkaufen an diesem Tag manche Sachen billiger.,1_long,Gedenktage_und_Aktionstage|Seiten_mit_defekten_Dateilinks,2019-12-05T21:56:26Z,48f66906899cc4a9477b6c9e32ff4424,0:=Die 1:=Internet-gschäfte 2:=verkaufen 3:=an 4:=diesem 5:=Tag 6:=manche 7:=Sachen 8:=billiger.,2,"[[1, 2, 6, 7, 8], [3, 4, 5]]",1,1
42278,sledge-eishockey,Die Spieler benutzen einen Schlitten um auf dem Eis zu fahren.,2_long,Sport|Paralympics,2012-01-07T18:34:17Z,d4171b2c36772be4cad75ef4078874bd,0:=Die 1:=Spieler 2:=benutzen 3:=einen 4:=Schlitten 5:=um 6:=auf 7:=dem 8:=Eis 9:=zu 10:=fahren.,3,"[[1, 2, 4], [5, 9, 10], [6, 8]]",1,2
1680,an-12-unfall-in-juba,"Manche sagen, das Flugzeug hat technische Fehler.",2_long,Ohne_Kategorie|Hurraki:Überarbeiten|Aus_den_Nachrichten|Seiten_mit_defekten_Dateilinks,2015-11-07T08:34:15Z,48f66906899cc4a9477b6c9e32ff4424,"0:=Manche 1:=sagen, 2:=das 3:=Flugzeug 4:=hat 5:=technische 6:=Fehler.",1,,0,0
27244,krimkrise,Und die Gruppen bekämpfen sich auch mit Waffen.,6_short,Politik|Geopolitik|Seiten_mit_defekten_Dateilinks,2015-08-02T10:35:14Z,af28a20dfb151690981ee13d72ce655c,0:=Und 1:=die 2:=Gruppen 3:=bekämpfen 4:=sich 5:=auch 6:=mit 7:=Waffen.,2,"[[2, 3, 4], [5, 6, 7]]",1,1
1385,alternative-fur-deutschland,Und sie wollen eine Direkte Demokratie haben.,5_short,Politik|Aus_den_Nachrichten|Partei_in_Deutschland,2016-10-08T08:01:49Z,6275ee07d0785a2da491fbb224064f23,0:=Und 1:=sie 2:=wollen 3:=eine 4:=Direkte 5:=Demokratie 6:=haben.,1,,0,0
12424,eiffelturm,"Im Jahr 1887 haben Arbeiter angefangen, den Eiffel-turm zu bauen.",5_long,Ort,2015-03-31T17:25:55Z,45975183761f50ed006efcbab4df0803,"0:=Im 1:=Jahr 2:=1887 3:=haben 4:=Arbeiter 5:=angefangen, 6:=\newline 7:=den 8:=Eiffel-turm 9:=zu 10:=bauen.",3,"[[0, 1, 2], [3, 4, 5], [8, 9, 10]]",1,2
1863,angriff-in-las-vegas,Die Waffenlobby möchte keine anderen Gesetze.,29_long,Geschichte|Aus_den_Nachrichten|Hurraki:Überarbeiten|Seiten_mit_defekten_Dateilinks,2017-10-11T05:48:19Z,48f66906899cc4a9477b6c9e32ff4424,0:=Die 1:=Waffenlobby 2:=möchte 3:=keine 4:=anderen 5:=Gesetze.,1,,0,0
12458,einfache-sprache,Schwierige Fremd-wörter werden bei Einfacher Sprache erklärt.,0_long,Sprache|Hurraki|Leichte_Sprache,2015-01-01T19:58:21Z,be9da3e660311583f64df8d974bcb2fe,0:=Schwierige 1:=Fremd-wörter 2:=werden 3:=bei 4:=Einfacher 5:=Sprache 6:=erklärt.,1,,0,0
